number,value,datetime_start,datetime_complete,duration,params_colsample_bylevel,params_colsample_bynode,params_colsample_bytree,params_gamma,params_learning_rate,params_max_delta_step,params_max_depth,params_min_child_weight,params_n_estimators,params_reg_alpha,params_reg_lambda,params_scale_pos_weight,params_subsample,user_attrs_best_iteration,user_attrs_std_logloss,state
0,0.6685343268177046,2025-12-10 15:40:04.760601,2025-12-10 15:40:19.869668,0 days 00:00:15.109067,0.4936111842654619,0.49359671220172163,0.72926216630837,9.016725176148132,0.003765334551892149,9,6,143,3505,1.7718847354806828,0.00013289448722869195,1.2819459112971967,0.8025966679962728,3480,0.004035355364293358,COMPLETE
1,0.6598870678284016,2025-12-10 15:40:19.871667,2025-12-10 15:40:22.654519,0 days 00:00:02.782852,0.7148538589793427,0.6591670111852694,0.5673332336277457,2.0924079097806274,0.009373695213782608,8,4,31,2564,0.005660670699258891,0.01578232781079559,0.9736419905302216,0.5008724804193886,419,0.004109771051767752,COMPLETE
2,0.6748853721881188,2025-12-10 15:40:22.656522,2025-12-10 15:40:34.382569,0 days 00:00:11.726047,0.764526911140863,0.502314474212375,0.42554772699599874,14.48448049611839,0.0038693851442566578,7,4,80,3811,7.085721663941605,0.006724850206557251,0.7586032684038303,0.7258280128741234,3533,0.0015590862757447618,COMPLETE
3,0.6676809570230191,2025-12-10 15:40:34.384572,2025-12-10 15:40:35.425299,0 days 00:00:01.040727,0.9455922412472693,0.5552679889600102,0.41891368661337014,7.801020317667162,0.04006145726637175,8,6,22,1453,0.1906609163818847,0.0012856617791467942,1.2817507766587353,0.6723473005611986,211,0.004667288581150727,COMPLETE
4,0.6626713133293758,2025-12-10 15:40:35.427599,2025-12-10 15:40:40.685454,0 days 00:00:05.257855,0.4530955012311517,0.5175897174514872,0.9070308292627142,5.8301593453422305,0.0035806433227444138,3,12,135,1504,0.004247116662617146,9.38480071590954,0.9140519960161535,0.7288449883460968,1502,0.003436724389676973,COMPLETE
5,0.669814369191432,2025-12-10 15:40:40.687456,2025-12-10 15:40:42.169529,0 days 00:00:01.482073,0.9921321619603104,0.8633468615779945,0.44100285402387396,12.231921426822513,0.0065272949403592665,0,7,25,320,1.7423847570785822,2.3661540064603184,1.1627622080115674,0.8412083394147218,319,0.0022985374670104913,COMPLETE
6,0.6633763338130138,2025-12-10 15:40:42.169529,2025-12-10 15:40:46.746865,0 days 00:00:04.577336,0.5985388149115896,0.4381350101716142,0.7428139697551568,10.94409267507096,0.010126768713618247,1,5,21,1503,0.6688747907702062,21.051180519608735,0.9833289550971696,0.8747068842315764,1501,0.00308506791855338,COMPLETE
7,0.6608861501272509,2025-12-10 15:40:46.749627,2025-12-10 15:40:48.866172,0 days 00:00:02.116545,0.6962773578186345,0.7136396976291964,0.8240319489750085,1.6183714048995668,0.015977198119311607,5,9,116,394,0.0001543743400929225,0.6583585310972688,0.888613588645796,0.7087024586632229,392,0.004876681662106703,COMPLETE
8,0.6693225740851337,2025-12-10 15:40:48.868172,2025-12-10 15:40:53.885148,0 days 00:00:05.016976,0.5372788992949735,0.44618794589727584,0.8155531261986768,13.945464785138595,0.00931966457574572,8,11,41,896,7.058660227368648,0.6315715218918064,1.2228763541126306,0.6257106076695964,895,0.003007811141652574,COMPLETE
9,0.6773373979495475,2025-12-10 15:40:53.887157,2025-12-10 15:41:01.609054,0 days 00:00:07.721897,0.937654779954096,0.5908020849831184,0.8440920853402344,6.406616829393845,0.004614197434794599,5,4,135,1143,8.092609705736072,14.601030210159497,0.7041712783187144,0.6966382330536078,1141,0.00245655081221058,COMPLETE
10,0.6626658762420938,2025-12-10 15:41:01.611062,2025-12-10 15:41:02.454142,0 days 00:00:00.843080,0.7911199304669072,0.7451248400891636,0.5629302738095459,0.5305856419673998,0.12815718607604476,10,2,62,2803,0.011603382396558021,0.013318357804136587,1.1182935390040567,0.4425538660931258,45,0.0052065520668755656,COMPLETE
11,0.6615340457559512,2025-12-10 15:41:02.458163,2025-12-10 15:41:05.768955,0 days 00:00:03.310792,0.6754566897147197,0.6947795253466212,0.5711339407407771,1.0486097246796922,0.02277498683774726,5,9,114,2385,0.00013325998472247296,0.12465256186243773,0.9036207337007255,0.5250591312372992,374,0.0036765678674514786,COMPLETE
12,0.6633682985882952,2025-12-10 15:41:05.768955,2025-12-10 15:41:08.188073,0 days 00:00:02.419118,0.6751542777533099,0.7067179960063168,0.5884276532744147,3.3758068650244795,0.01914070350139829,6,9,99,2922,0.00013321901140987132,0.177048347248412,0.8380520441851512,0.5598617922275336,466,0.004312934277759117,COMPLETE
13,0.6595635954867076,2025-12-10 15:41:08.190074,2025-12-10 15:41:09.728173,0 days 00:00:01.538099,0.8277835757409298,0.8408419579752193,0.6529802878441932,3.3458073598418894,0.01930445138913053,3,9,60,2444,0.001471468269913532,0.020992213825643848,1.043090807889878,0.4199307284659434,219,0.004389186099738206,COMPLETE
14,0.6605690011868732,2025-12-10 15:41:09.730172,2025-12-10 15:41:10.521208,0 days 00:00:00.791036,0.8230500705016002,0.9877878998087375,0.6612064318772832,3.6399839277550603,0.040611657406087895,2,2,53,2209,0.002925137840392669,0.014136493855216302,1.0597845066517744,0.4026070658091992,138,0.006312125310368966,COMPLETE
15,0.6596952925319925,2025-12-10 15:41:10.523216,2025-12-10 15:41:11.359325,0 days 00:00:00.836109,0.8553156778402317,0.8310788945838457,0.639854908464754,3.935642011804085,0.04145078198052682,3,8,76,3001,0.03203455744612434,0.0017651129277410635,0.9861246778349687,0.482761554269581,116,0.004456092900332911,COMPLETE
16,0.6595654096570549,2025-12-10 15:41:11.361334,2025-12-10 15:41:11.915010,0 days 00:00:00.553676,0.8676569213870073,0.8595034610979431,0.6712919042841343,4.7507836019969965,0.08473095514323732,3,10,75,3272,0.07518289840263777,0.0007580614653549626,1.0721166191478293,0.4693122539863764,59,0.0028698290511467114,COMPLETE
17,0.6615428542703032,2025-12-10 15:41:11.917019,2025-12-10 15:41:12.467658,0 days 00:00:00.550639,0.8865030309585002,0.9386472244669987,0.5011965297510673,5.159859346451929,0.13942567444478288,3,11,80,3421,0.00095509428244054,0.0001812505796015169,1.0718324376398272,0.5885413691366914,72,0.004080747992504096,COMPLETE
18,0.6712856127855282,2025-12-10 15:41:12.467658,2025-12-10 15:41:15.865660,0 days 00:00:03.398002,0.8904107259519373,0.817574127162187,0.710689475535578,7.4139230907912435,0.07263794525470069,4,10,60,3961,51.00694932159912,0.0009496623569781855,1.0727742422101114,0.4095471219281729,967,0.001747682179374496,COMPLETE
19,0.664759686759903,2025-12-10 15:41:15.867665,2025-12-10 15:41:17.357180,0 days 00:00:01.489515,0.75502740690996,0.8757243670810064,0.7734175575952126,9.510194888605817,0.07349510338828644,1,12,98,2006,0.0593549243321691,99.19298612084633,1.1539491709908227,0.4470604981396301,359,0.0027006842205088482,COMPLETE
20,0.6653004598403883,2025-12-10 15:41:17.359183,2025-12-10 15:41:17.983757,0 days 00:00:00.624574,0.5991404239873142,0.9242208508750968,0.6372564252653926,4.729478067223679,0.07602639427491982,2,8,9,1975,0.0010135978260814467,0.04245885565539361,1.0376316280200926,0.9309385359173061,27,0.0039152328597227126,COMPLETE
21,0.6589644941207975,2025-12-10 15:41:17.985761,2025-12-10 15:41:19.076359,0 days 00:00:01.090598,0.8628375380978258,0.7977243163101656,0.6380363912856372,2.9212332591403074,0.03326420431403248,3,8,71,3111,0.037184684615657465,0.0018901388496866433,1.0017027743463551,0.480782381264163,142,0.003856721635720565,COMPLETE
22,0.6603666501887452,2025-12-10 15:41:19.078362,2025-12-10 15:41:20.454729,0 days 00:00:01.376367,0.8269640749047501,0.7790927239651261,0.6935568668884377,2.8685420009630667,0.02696968233181633,4,10,48,3377,0.16180520099728,0.0005074702717820356,1.1203160178750944,0.5514538272778605,148,0.0051772567067326775,COMPLETE
23,0.6594267239037366,2025-12-10 15:41:20.456732,2025-12-10 15:41:22.868672,0 days 00:00:02.411940,0.9165364868720345,0.7941520818387335,0.6253797696255109,0.17681010573513856,0.013840505195802405,2,8,73,3105,0.02419220302469672,0.0031654896282161562,1.0186185607107365,0.46656808414463075,389,0.003990614512007814,COMPLETE
24,0.6598840573031708,2025-12-10 15:41:22.870673,2025-12-10 15:41:25.889080,0 days 00:00:03.018407,0.9609229970700908,0.7750837558241307,0.49552862655494895,0.4972627593536373,0.01571416812414887,0,7,90,2630,0.013122405802834424,0.004268665904716079,0.943352767524398,0.6291280988596664,444,0.005002748975160403,COMPLETE
25,0.6625140887850994,2025-12-10 15:41:25.899688,2025-12-10 15:41:28.327895,0 days 00:00:02.428207,0.9076258061986817,0.6339078324795238,0.6119659507857218,2.528706336608022,0.030015511213086595,2,8,64,3171,0.0010505242487099063,0.0034514772271861333,0.845614244059512,0.5224708022006375,172,0.004229703574906194,COMPLETE
26,0.6596146419439972,2025-12-10 15:41:28.329898,2025-12-10 15:41:32.397551,0 days 00:00:04.067653,0.8258320645941918,0.7942082593508473,0.5185297587426653,1.6947978698455088,0.012413445060097021,4,6,40,3680,0.025438768719602073,0.04237487988205953,1.011657538461992,0.43712327607208146,359,0.004735302212757304,COMPLETE
27,0.6592864539102241,2025-12-10 15:41:32.399300,2025-12-10 15:41:38.877534,0 days 00:00:06.478234,0.9782720704987835,0.9193733453075493,0.6148606684786541,0.04001941915921936,0.006717186839907003,1,8,69,2647,0.4680696121532041,0.025018526975052077,1.019559387587481,0.48710443525056346,765,0.005011042796202521,COMPLETE
28,0.663350831634271,2025-12-10 15:41:38.878042,2025-12-10 15:41:46.755545,0 days 00:00:07.877503,0.9935858350996745,0.9084637361765158,0.526982223177596,0.168817400302685,0.0060352063019220815,1,7,95,3029,0.41645360617059335,0.00033383569245164826,0.8276840200952443,0.5924088813737604,1152,0.004776907835869513,COMPLETE
29,0.6594207299979367,2025-12-10 15:41:46.757547,2025-12-10 15:41:55.812748,0 days 00:00:09.055201,0.9234099645024516,0.9928910174271435,0.7496403573569448,1.2879697917610087,0.006979466729929022,1,6,109,3601,0.9252891467507417,0.00016149371323717504,1.0055222059999664,0.7751908893273217,754,0.005077383835849935,COMPLETE
30,0.6595948035959214,2025-12-10 15:41:55.814761,2025-12-10 15:42:03.039039,0 days 00:00:07.224278,0.9688554144005656,0.9834026095888123,0.7554589030348898,1.3984933031237303,0.006993433143177047,0,6,111,3726,1.714011864855142,0.00010652683206420084,0.9583241165022001,0.7612033817598449,753,0.004848859848371632,COMPLETE
31,0.6593363358408679,2025-12-10 15:42:03.041052,2025-12-10 15:42:09.833178,0 days 00:00:06.792126,0.922663526620667,0.9521708788395461,0.6081118677328398,0.4281621793720692,0.004812214051849042,1,8,69,3494,0.38284931808101325,0.0021031842773484594,1.0121374406901902,0.7899092779904815,815,0.004840425505548929,COMPLETE
32,0.6593650465928171,2025-12-10 15:42:09.835182,2025-12-10 15:42:14.550472,0 days 00:00:04.715290,0.9238091062905944,0.9640525059552847,0.7128230653653904,2.2891921931386228,0.0052150615331771205,1,5,85,3539,0.3793746421235518,0.0004183774821273436,0.9505725491659368,0.7987725967222463,761,0.00471092519787176,COMPLETE
33,0.6593689933727078,2025-12-10 15:42:14.552478,2025-12-10 15:42:22.393797,0 days 00:00:07.841319,0.9965811560208503,0.9500794797123193,0.7095510542350928,1.8564982467722546,0.0031246360985529077,1,5,87,2702,0.27328157454732815,0.0018423187352203162,0.9392792327854715,0.8062431845902447,1329,0.004945224234059835,COMPLETE
34,0.6612527641891386,2025-12-10 15:42:22.395800,2025-12-10 15:42:27.369488,0 days 00:00:04.973688,0.9469322572984411,0.8843180570495248,0.5993454769625279,2.4804970046681643,0.005092184625816971,0,5,69,3485,0.12042963222047307,0.00895348092851304,0.8749009484245742,0.8838463789967481,776,0.004679675112820161,COMPLETE
35,0.6648289245716392,2025-12-10 15:42:27.371491,2025-12-10 15:42:35.157515,0 days 00:00:07.786024,0.7714789461743888,0.9492278578868516,0.5489155243452869,2.2950055876027258,0.004425505162787158,2,7,83,3894,4.200648196890311,0.0004555811364790308,0.791781537199203,0.8088338578336964,1449,0.004799041730108032,COMPLETE
36,0.6597966784229905,2025-12-10 15:42:35.159522,2025-12-10 15:42:38.345940,0 days 00:00:03.186418,0.8720387429102553,0.9000402086027132,0.6846140435813514,0.10972597284778124,0.009164767405355927,1,8,52,3257,0.5788877337626968,0.030197643180847996,0.9304204072752171,0.6523812889131466,435,0.005367977556393992,COMPLETE
37,0.6596174682172999,2025-12-10 15:42:38.347942,2025-12-10 15:42:47.453799,0 days 00:00:09.105857,0.9642658204864313,0.9623466191020777,0.4604958602501474,4.357081009463359,0.003019816094457502,0,3,70,2767,2.6147709465174795,0.0052791168157031955,0.9733313986405451,0.7458832869364617,2202,0.004743873290638786,COMPLETE
38,0.6608514806783601,2025-12-10 15:42:47.455803,2025-12-10 15:42:57.144494,0 days 00:00:09.688691,0.9125220985298945,0.9190378824098588,0.9442626110544261,1.0346652080857406,0.005539658847797106,2,6,104,1816,0.2721776304702876,0.0016328137051346886,1.1128278848612112,0.8572271475796196,726,0.004772437467662096,COMPLETE
39,0.6637752497241222,2025-12-10 15:42:57.150348,2025-12-10 15:43:08.082631,0 days 00:00:10.932283,0.7207745388715185,0.964784385768533,0.7910748862030429,5.779029571092431,0.0037481149071651836,7,5,41,3556,17.655153439585327,0.00026183395234774434,1.1926820926945452,0.831168025063001,2075,0.0046141617122126095,COMPLETE
40,0.6635942257938457,2025-12-10 15:43:08.084634,2025-12-10 15:43:12.312651,0 days 00:00:04.228017,0.795173538297097,0.8585074164548652,0.7269215350430214,8.349966474344466,0.0077675687808787175,1,7,124,2469,1.1025435573409328,0.07302132277445637,0.879618281459733,0.9321698962138321,1075,0.003370328696954467,COMPLETE
41,0.6597333108349245,2025-12-10 15:43:12.316670,2025-12-10 15:43:19.966574,0 days 00:00:07.649904,0.9943571022041792,0.9444931475351517,0.7214687876694658,1.791606085057083,0.0030161623796892746,1,5,87,2635,0.2771221682370835,0.002063366256254459,0.9347183757526247,0.7250125083956305,1339,0.004836904760507507,COMPLETE
42,0.6592304183832811,2025-12-10 15:43:19.968578,2025-12-10 15:43:25.552117,0 days 00:00:05.583539,0.9792938468295465,0.9010251434495932,0.7013266350646329,0.9253964497821762,0.004214281395683133,0,3,87,2843,0.055675581598379785,0.0009540948694588558,0.9647502570906992,0.7927411246930778,1128,0.005251783756912308,COMPLETE
43,0.6590239104662717,2025-12-10 15:43:25.554120,2025-12-10 15:43:31.771804,0 days 00:00:06.217684,0.9422124061009117,0.8964998864883748,0.5884373126772114,0.7314822562602996,0.004736212864600723,0,4,91,2907,0.04831560970739992,0.006775523870886519,0.991565981201919,0.7794964317151792,988,0.004728012976781561,COMPLETE
44,0.6590870434012214,2025-12-10 15:43:31.773805,2025-12-10 15:43:32.851454,0 days 00:00:01.077649,0.4209011605109871,0.8844084369377545,0.5929737958028107,0.9359787824648356,0.0548997443517612,0,3,93,2853,0.06334404932526483,0.008889733068689046,0.9880547226811613,0.6714141236818074,114,0.004774970251844779,COMPLETE
45,0.6607576879777832,2025-12-10 15:43:32.853467,2025-12-10 15:43:34.172317,0 days 00:00:01.318850,0.4434741883839505,0.9046131094581656,0.5777355711554708,1.037266997932399,0.047271997331459696,0,3,123,2863,0.04534431676092449,0.3104402945268488,0.907592040753996,0.6878244911006647,140,0.00435596466291794,COMPLETE
46,0.6595195843235818,2025-12-10 15:43:34.176844,2025-12-10 15:43:35.273362,0 days 00:00:01.096518,0.5004989848140482,0.7315434825221517,0.5514172369329289,3.0571073796378436,0.057124341112265685,0,3,93,2219,0.009560217926193116,0.00852012871260985,0.9873829334981229,0.8915915512337803,123,0.005461352575494935,COMPLETE
47,0.6606329472683463,2025-12-10 15:43:35.274859,2025-12-10 15:43:36.624945,0 days 00:00:01.350086,0.5894571730131806,0.82253812529683,0.6563516122773656,0.8876229102289094,0.031046946190950726,0,4,105,2287,0.0070956608130809465,0.021635896959137042,1.095041154872527,0.5069849294211823,204,0.004804596945844478,COMPLETE
48,0.6597203729108505,2025-12-10 15:43:36.626954,2025-12-10 15:43:37.427112,0 days 00:00:00.800158,0.41308670211192916,0.8873058403916441,0.6171074070686852,0.0667233224102377,0.05370447032454217,0,2,81,2945,0.10294585134126824,0.00866250162848038,1.0396225086013122,0.660119341257276,140,0.0055868280465933675,COMPLETE
49,0.6628555974207236,2025-12-10 15:43:37.429120,2025-12-10 15:43:47.299294,0 days 00:00:09.870174,0.6410078775291417,0.8564152975081685,0.5869324765317712,11.487694253608783,0.003969291009761955,10,3,102,2489,0.021153570811981336,0.0008450608656238583,0.9666529183724193,0.8330961644336861,2487,0.0030534670881762313,COMPLETE
50,0.6697982431778069,2025-12-10 15:43:47.301307,2025-12-10 15:43:49.471805,0 days 00:00:02.170498,0.9650348772018852,0.8373119629657259,0.6846461744943897,14.768686241584138,0.0318995463908607,0,4,144,2825,0.0027457933846630734,3.3392982058598975,1.272986587710847,0.5564951567639281,362,0.002829216814993622,COMPLETE
51,0.6596735484671543,2025-12-10 15:43:49.473805,2025-12-10 15:43:59.461956,0 days 00:00:09.988151,0.9421218622185942,0.9332098783552301,0.6389533293996121,0.6409720322813311,0.004334523480173022,1,2,63,3145,0.04603348382727011,0.002753397673250915,1.0088939717781167,0.777376441468964,1361,0.005227089012568976,COMPLETE
52,0.6587670572593665,2025-12-10 15:43:59.461956,2025-12-10 15:44:00.235012,0 days 00:00:00.773056,0.8576438097375128,0.873776172886428,0.5949105640271896,1.5172321781509874,0.10408234299919646,2,9,68,3306,0.08517743197234702,0.00562364009166639,1.0310074887540261,0.7127197940786834,36,0.0035116830946386153,COMPLETE
53,0.6604078639563011,2025-12-10 15:44:00.237026,2025-12-10 15:44:01.118258,0 days 00:00:00.881232,0.8515022437545772,0.8788584557557804,0.5317862906996537,1.6006096082885226,0.09871573770365984,2,9,76,3287,0.0800576263900955,0.005639552135917559,1.038657449115473,0.7240570752366212,43,0.004201094994739586,COMPLETE
54,0.6619733850179867,2025-12-10 15:44:01.120265,2025-12-10 15:44:01.795066,0 days 00:00:00.674801,0.8932652739440926,0.8121489253009825,0.5671591161872315,4.041195715700305,0.11115026673262104,3,4,56,2985,0.17458242017730502,0.014836352247433578,0.9844665112309718,0.747122215412383,40,0.004865906106107702,COMPLETE
55,0.6601859705981667,2025-12-10 15:44:01.797078,2025-12-10 15:44:03.236339,0 days 00:00:01.439261,0.8502544861025865,0.41056833018748223,0.6635265856417044,2.956678981904705,0.05986192330619905,9,9,92,2592,0.01609597420667455,0.0011173230100538114,1.0924847172218457,0.7051749349454421,170,0.007032244062112469,COMPLETE
56,0.65954192415963,2025-12-10 15:44:03.238339,2025-12-10 15:44:06.120451,0 days 00:00:02.882112,0.7441246708479914,0.6813395237170561,0.5972936039940115,1.9593895921704396,0.023489956917613044,2,10,79,2359,0.038698800990833296,0.07485880832347418,1.0591768372304562,0.5884804410441598,336,0.006014057058644883,COMPLETE
57,0.662625478310764,2025-12-10 15:44:06.123278,2025-12-10 15:44:09.970276,0 days 00:00:03.846998,0.5400855973114373,0.7560804412886029,0.6405387266747871,9.915908328281558,0.035971917886696174,3,3,150,2772,0.10766178748814795,0.02458189307722855,1.021816845579812,0.4898954923829397,820,0.00344662069320901,COMPLETE
58,0.6606225519496544,2025-12-10 15:44:09.974288,2025-12-10 15:44:10.876863,0 days 00:00:00.902575,0.9762557078976756,0.8459727664252356,0.4950134940861641,0.9360281153005947,0.0922283025627951,4,11,97,3094,0.0038782955790563726,0.010924232481262662,0.9237105357942069,0.6829523317677332,68,0.003972975043577702,COMPLETE
59,0.6628942052249499,2025-12-10 15:44:10.879649,2025-12-10 15:44:11.673045,0 days 00:00:00.793396,0.9407063716706163,0.8733854146634089,0.46723471515165305,3.4897665273476184,0.0659190473364418,0,2,67,3334,0.061227747183802514,0.005235438049807008,1.1381190209327365,0.6446476906192008,72,0.004532957042378778,COMPLETE
60,0.6599169327373442,2025-12-10 15:44:11.675054,2025-12-10 15:44:13.607783,0 days 00:00:01.932729,0.799515510094291,0.9190494217806187,0.8581791796719128,6.819354649947072,0.0486101265108459,6,9,73,2101,0.00024458477495524863,0.000712159146295221,1.0555286262577004,0.6110567912568623,208,0.005015807719427252,COMPLETE
61,0.6590507198346626,2025-12-10 15:44:13.610836,2025-12-10 15:44:18.074320,0 days 00:00:04.463484,0.8956063608881865,0.9013432615630261,0.6261307135450987,0.5211057992390741,0.007837580760627776,1,8,57,3204,0.18049554815892294,0.00258846087237005,0.9966350986962855,0.786380642973174,495,0.004942956619537611,COMPLETE
62,0.6587134145618254,2025-12-10 15:44:18.076323,2025-12-10 15:44:21.009234,0 days 00:00:02.932911,0.8772287203115181,0.8936210736743387,0.6175454481983796,1.3886044301266756,0.010822353650518052,2,8,55,3176,0.15628169991526936,0.0034082255406652187,0.9935703215480421,0.7419533889015829,344,0.004869313795313712,COMPLETE
63,0.6624896439748781,2025-12-10 15:44:21.011236,2025-12-10 15:44:27.234968,0 days 00:00:06.223732,0.8763037374887213,0.8933389603447627,0.6278873496606268,13.912284484677853,0.01057304450014094,2,7,57,3202,0.14711072405046255,0.0012472660892036912,0.989266795481228,0.7481373776218676,1816,0.003321207824317012,COMPLETE
64,0.6594531551183171,2025-12-10 15:44:27.236970,2025-12-10 15:44:31.682553,0 days 00:00:04.445583,0.8951759648728397,0.5326390800713052,0.5586697320601421,1.3912602856035399,0.008126924798843131,2,9,35,2933,0.03196528766639881,0.003634291995052696,0.9646850932430838,0.8196469791060362,476,0.0053406826012004196,COMPLETE
65,0.660141109105272,2025-12-10 15:44:31.684556,2025-12-10 15:44:34.283337,0 days 00:00:02.598781,0.8476519959927986,0.8089390631131552,0.6506426621090399,2.5398968215725928,0.011729323656004076,3,8,48,3086,0.06326864708828941,0.002574789535936879,1.09118597848854,0.8528313674237578,280,0.005146812843197551,COMPLETE
66,0.6603323219685022,2025-12-10 15:44:34.285339,2025-12-10 15:44:37.157603,0 days 00:00:02.872264,0.8130779967209953,0.8615805423727799,0.5816977846159744,0.5689597197264894,0.016135336383871025,0,9,63,3424,0.015875361719571723,0.006560072216031962,0.8930527509194319,0.773215569291147,292,0.0050020591708440755,COMPLETE
67,0.6594775887635859,2025-12-10 15:44:37.159681,2025-12-10 15:44:43.315713,0 days 00:00:06.156032,0.905510056691151,0.5972119048031047,0.6743301586318109,2.0115070721356134,0.0060068849953670315,1,10,47,1010,0.20104482952734132,0.014560215209856902,0.9990601428811734,0.7131213078624152,735,0.005435885545373253,COMPLETE
68,0.6611497518465477,2025-12-10 15:44:43.317716,2025-12-10 15:44:43.956426,0 days 00:00:00.638710,0.7745008743014778,0.8374945587052881,0.5401512796766283,1.2139504963635992,0.11690326112889875,2,8,54,3809,0.09601227986039984,0.0006773363959499978,0.9607432909661623,0.7574480742926815,26,0.003697680931737855,COMPLETE
69,0.662640519387965,2025-12-10 15:44:43.956426,2025-12-10 15:44:44.528279,0 days 00:00:00.571853,0.860741194415975,0.7895474287588509,0.4051541055091922,2.8244443482098465,0.1435554956465626,5,7,59,484,0.007883750932984403,0.0011848565883741517,1.0268838873927442,0.780013154862518,44,0.003299036363105222,COMPLETE
70,0.6588214966922936,2025-12-10 15:44:44.530282,2025-12-10 15:44:45.646804,0 days 00:00:01.116522,0.8419307992706746,0.7596427142343994,0.6022832992231995,0.7410331851389552,0.025598279177910976,1,3,24,3217,0.02586179866867727,0.0033793512537981644,0.9904957969624962,0.6751352574752583,157,0.004655910849074827,COMPLETE
71,0.6605337944321079,2025-12-10 15:44:45.648808,2025-12-10 15:44:46.824007,0 days 00:00:01.175199,0.9340946485599072,0.7772786675736523,0.6011248145185215,0.622118892401889,0.020544322787141734,1,3,12,3367,0.02228861640293799,0.0030160345221034034,0.993168936263534,0.733873581727542,181,0.004976537022165284,COMPLETE
72,0.6592222428092447,2025-12-10 15:44:46.826009,2025-12-10 15:44:47.944509,0 days 00:00:01.118500,0.8365310619343453,0.7565355312410642,0.7015279563586371,1.525479649527677,0.024832689374517714,0,4,30,3169,0.047737820597868366,0.0002469566502753206,0.976242070158749,0.6685091776300532,137,0.005482679297429507,COMPLETE
73,0.6596320309536212,2025-12-10 15:44:47.946294,2025-12-10 15:44:49.394344,0 days 00:00:01.448050,0.8341596949397584,0.6768125575977325,0.6245785238913759,1.378955576913904,0.02509076057437953,1,4,25,3214,0.0380626886074228,0.00023733241601488453,0.947954563368094,0.6737534515808349,137,0.0045129289747464635,COMPLETE
74,0.6607658797186754,2025-12-10 15:44:49.398415,2025-12-10 15:44:52.511665,0 days 00:00:03.113250,0.8733876901693381,0.7226649890845258,0.5712501264129441,2.05232762811928,0.018276162978104214,1,4,19,3039,0.028201059434042032,0.004308612630922488,1.0488222760156025,0.6929335728405204,225,0.005698172137109663,COMPLETE
75,0.6599770153206203,2025-12-10 15:44:52.515682,2025-12-10 15:44:55.173803,0 days 00:00:02.658121,0.8376839441523306,0.75590451417818,0.5122407614337411,1.5159901358150916,0.0287362182550184,3,8,35,3634,0.21390215229613052,0.0016379363921089562,0.9157794868950919,0.6382992821415335,109,0.005293433990700984,COMPLETE
76,0.6595503712401477,2025-12-10 15:44:55.176801,2025-12-10 15:44:57.089421,0 days 00:00:01.912620,0.884743618534764,0.7485187819048724,0.6088497571638178,0.48779832595211325,0.037068272236717485,0,2,28,3292,0.012838080995374012,0.03989158779427323,1.0286040244581391,0.6693516526676273,156,0.005442584354070713,COMPLETE
77,0.6610026505760829,2025-12-10 15:44:57.091424,2025-12-10 15:44:58.992701,0 days 00:00:01.901277,0.8108547793118241,0.8044842850236302,0.5890004861851185,2.4792221171285704,0.0146144597075368,1,4,13,3465,0.7883895912264665,0.007619664957529277,1.0715755276867664,0.6150401556314288,243,0.005249768624018541,COMPLETE
78,0.6594223251855117,2025-12-10 15:44:58.994704,2025-12-10 15:45:00.709033,0 days 00:00:01.714329,0.7263499169748675,0.8275881050584312,0.6474079636519737,1.79935301296595,0.021413335291710137,2,7,33,3722,0.13227844291007756,0.00011183432918438541,0.9769472776605994,0.7075474566085421,142,0.004878838061693012,COMPLETE
79,0.6588451150440766,2025-12-10 15:45:00.711041,2025-12-10 15:45:02.380285,0 days 00:00:01.669244,0.7852171502243248,0.7664128066936862,0.6283552236517989,3.8282922957617895,0.017673286387362378,0,8,44,3116,0.07612606296610844,0.0005369538661024513,1.001470125720002,0.7310443899905895,213,0.005491297406390541,COMPLETE
80,0.6592811623099424,2025-12-10 15:45:02.382287,2025-12-10 15:45:04.722370,0 days 00:00:02.340083,0.6824005549899628,0.8486470212246296,0.6261291391064482,3.9853004602574003,0.012017964550411844,2,8,44,2903,0.08080984115861423,0.000442471476435843,1.0001024094092297,0.7668544573671849,339,0.0053367925418015705,COMPLETE
81,0.6604681630060607,2025-12-10 15:45:04.724675,2025-12-10 15:45:06.902355,0 days 00:00:02.177680,0.8121500067147395,0.7671872598773635,0.6682697465583316,3.1978255322564886,0.02452748125173882,0,8,19,3168,0.05004844856403201,0.0002602826152219379,1.0100154888435078,0.7391300729953894,118,0.005503477186862198,COMPLETE
82,0.6708398542373406,2025-12-10 15:45:06.905365,2025-12-10 15:45:09.517392,0 days 00:00:02.612027,0.8688520793361931,0.7357665125389072,0.6863561302903184,5.2737144978042405,0.01769523049442257,0,8,51,3028,0.018697055047405323,0.0005855924384525213,0.725254480268372,0.7189089921260277,613,0.005299695600325543,COMPLETE
83,0.6592382266593804,2025-12-10 15:45:09.519136,2025-12-10 15:45:10.698180,0 days 00:00:01.179044,0.8428909227562111,0.7070705976577979,0.5926406924945176,0.8654254486917827,0.034863266763800735,1,9,39,3234,0.28612232628551154,0.0022230721521585488,0.9488040250354016,0.6634675165649013,98,0.004220218806998396,COMPLETE
84,0.6604956486026899,2025-12-10 15:45:10.700275,2025-12-10 15:45:12.352026,0 days 00:00:01.651751,0.7856684083917044,0.6492946245768837,0.6340260655049472,3.6746357470542867,0.027719285599358337,0,9,30,3428,0.07510507554205971,0.00016085842753610848,0.9741755131644082,0.6982439306294695,137,0.005041138824834252,COMPLETE
85,0.6597859768922374,2025-12-10 15:45:12.354029,2025-12-10 15:45:15.448809,0 days 00:00:03.094780,0.9006358407467039,0.7898903352620813,0.6149138291952747,0.00861042653176014,0.00878671525989472,1,7,46,2747,0.13253974200527888,0.004278429282756307,1.0333706527606152,0.6834256780392337,379,0.004807520800129071,COMPLETE
86,0.6595963507962299,2025-12-10 15:45:15.448809,2025-12-10 15:45:16.282194,0 days 00:00:00.833385,0.649648045595856,0.9299529507014556,0.5690304662544077,2.717739592628514,0.044923076338284525,0,3,65,3122,0.03342371027495769,0.0016334860640173394,1.0020430994198144,0.7566536528946971,97,0.005157605652705193,COMPLETE
87,0.6597497595782207,2025-12-10 15:45:16.284197,2025-12-10 15:45:18.990871,0 days 00:00:02.706674,0.7448347090923862,0.8663734095871732,0.6582612130645967,1.2499180675291035,0.010538894064105258,1,6,24,1785,0.009891145133084768,0.011421663500758152,0.9844022005658982,0.5760763891391,301,0.005625104758176627,COMPLETE
88,0.6588196623496464,2025-12-10 15:45:18.992874,2025-12-10 15:45:22.121012,0 days 00:00:03.128138,0.8209007667438802,0.9782281780330151,0.5506106151681269,2.1562943656865294,0.012821577678451651,0,9,38,3377,0.48238882749318707,0.0003402573052668022,1.0181301209188556,0.7902984704833633,285,0.005318267212517883,COMPLETE
89,0.6595388232606227,2025-12-10 15:45:22.123015,2025-12-10 15:45:24.869872,0 days 00:00:02.746857,0.8595391827654416,0.9933432840181442,0.5517121346130205,2.245510063155505,0.013166469954469141,4,9,73,3557,0.5264226354076904,0.00039109695249688053,1.0764487276193715,0.8180711441519382,385,0.005271213827772854,COMPLETE
90,0.6590271946268222,2025-12-10 15:45:24.871876,2025-12-10 15:45:26.997659,0 days 00:00:02.125783,0.8210528158983308,0.9114214620587799,0.5408666644763077,0.35099022432134186,0.015957019475775,1,10,43,3308,0.24524397847975454,0.0009350287286188429,1.014374343526787,0.7873916674323871,211,0.005280203821864898,COMPLETE
91,0.6595521547022192,2025-12-10 15:45:26.999667,2025-12-10 15:45:29.522219,0 days 00:00:02.522552,0.8838780579696864,0.8904753725073021,0.5397705840133059,0.6479374193871187,0.014344367701928812,1,10,60,3310,0.21926660484816202,0.0009206856666458455,1.0168221841160925,0.7864819292882012,324,0.005548147501507168,COMPLETE
92,0.6588187213021276,2025-12-10 15:45:29.524222,2025-12-10 15:45:31.894812,0 days 00:00:02.370590,0.8274707814497986,0.912878662134446,0.5812930732563572,0.34728669605749,0.017095619356632508,2,10,43,3352,1.059605333804433,0.002827223665055331,1.0359990930624536,0.7976376435956953,183,0.004173219061694918,COMPLETE
93,0.6606976801994032,2025-12-10 15:45:31.897328,2025-12-10 15:45:34.589702,0 days 00:00:02.692374,0.8176812484825504,0.9746872138791726,0.5125265951572698,0.3656914338870709,0.01709688293099491,2,11,38,3348,2.229367707617706,0.0013395161167396997,1.04713917069547,0.7985094058665657,208,0.004296513645940737,COMPLETE
94,0.6597484052610972,2025-12-10 15:45:34.591705,2025-12-10 15:45:36.998298,0 days 00:00:02.406593,0.7884996584541286,0.9099918513639682,0.5791540792837632,0.24140912313346896,0.01537545151442081,2,10,50,3483,1.0174280089453624,0.0029301480191733747,1.0643155836492928,0.8159763857929889,265,0.005447094288493837,COMPLETE
95,0.6595171193505962,2025-12-10 15:45:37.000803,2025-12-10 15:45:38.830131,0 days 00:00:01.829328,0.7583712811496103,0.9428060928282701,0.6064216679019859,1.8389834165576253,0.020777050422334856,3,10,42,3823,1.181620184164439,0.0005307796666895825,1.034008870078923,0.764417024755656,175,0.0052833950131805085,COMPLETE
96,0.6593694977161902,2025-12-10 15:45:38.832133,2025-12-10 15:45:42.160112,0 days 00:00:03.327979,0.8293679787655611,0.9604948612948608,0.5584785355763321,1.1305027296811243,0.009769109223525441,3,11,45,3628,0.34884675082653127,0.0003319436139448181,1.0215691037598575,0.8473112225368974,362,0.0049647766343908295,COMPLETE
97,0.6632300571459829,2025-12-10 15:45:42.162116,2025-12-10 15:45:47.328726,0 days 00:00:05.166610,0.917602993980584,0.9146929445712167,0.48564329132705353,2.146286645487148,0.011110965116548483,1,10,5,3383,0.485964021566551,0.0023741251164804173,0.9979129571452674,0.8676240766657188,222,0.004411694266343757,COMPLETE
98,0.6594020289008751,2025-12-10 15:45:47.330731,2025-12-10 15:45:50.331281,0 days 00:00:03.000550,0.8044430718700962,0.980785205403688,0.5254263240577196,0.6530689698568066,0.013166348435036439,2,8,54,3028,0.633669419245412,0.003977153102679378,1.0477332636848755,0.7328143664985437,285,0.004621178013633192,COMPLETE
99,0.6603664615245641,2025-12-10 15:45:50.333285,2025-12-10 15:45:56.606808,0 days 00:00:06.273523,0.7793212202535085,0.9282280343702689,0.5400785478811732,0.007403598427921043,0.007620738526540159,1,9,43,3255,3.1135675717601305,0.0008503743480535773,1.1084258555701523,0.8073225904791034,432,0.00412807819085907,COMPLETE
100,0.6604531082202666,2025-12-10 15:45:56.608810,2025-12-10 15:45:58.760824,0 days 00:00:02.152014,0.8239638424224028,0.9007746672363945,0.6219102633098791,1.6476357070326426,0.016614297483776526,2,8,37,2961,1.312788048199299,0.001370906112603425,0.9556146183200095,0.8327269658147075,183,0.004075636750371151,COMPLETE
101,0.6602719857994371,2025-12-10 15:45:58.762824,2025-12-10 15:45:59.620983,0 days 00:00:00.858159,0.8603187106559032,0.8738993103659167,0.5982861670379261,0.9113240794813682,0.0792716091481545,0,10,49,3131,0.16688923413984033,0.005533767195407695,1.0125685081274314,0.7486150245326819,49,0.004620220871473977,COMPLETE
102,0.6600391752376245,2025-12-10 15:45:59.624504,2025-12-10 15:46:01.485887,0 days 00:00:01.861383,0.8517053234846416,0.886748945989548,0.5812844870580359,1.1788083111781997,0.022186270251175495,0,9,57,2863,0.10846007125617439,0.0019289548237493809,0.9894155594623036,0.7874332543854329,189,0.005835706471689585,COMPLETE
103,0.6588325603300625,2025-12-10 15:46:01.485887,2025-12-10 15:46:03.556854,0 days 00:00:02.070967,0.8831308184283384,0.8695888228159016,0.643522250747774,0.811719302642194,0.013436653723258892,0,9,84,3511,0.07303219501058483,0.006143763205617332,1.0078421237763588,0.7722815186740181,293,0.005229014458534988,COMPLETE
104,0.6591068482769459,2025-12-10 15:46:03.558860,2025-12-10 15:46:05.631580,0 days 00:00:02.072720,0.8823332166263881,0.8246625925928361,0.6431302137414803,0.4736043772678402,0.01931787081396469,1,12,84,3526,0.32118257854330423,0.018630061531596943,1.0203843550904519,0.7716677598340527,209,0.004582640875165319,COMPLETE
105,0.6595801028361407,2025-12-10 15:46:05.633588,2025-12-10 15:46:07.914246,0 days 00:00:02.280658,0.9490183534531579,0.9395559335027862,0.6316816708308324,0.8084763954489381,0.01295003795793936,0,9,78,3411,0.08275262021398755,0.006332946963416111,1.0785896001326476,0.7984140202990176,295,0.0049056516483450335,COMPLETE
106,0.6591847447711376,2025-12-10 15:46:07.916257,2025-12-10 15:46:09.836672,0 days 00:00:01.920415,0.907876893272737,0.8708229055427812,0.6135500470016901,0.2609370771764066,0.015464370395285403,1,8,66,3682,0.7859794004362067,0.003452149504415135,0.937961619982509,0.7545243473061953,235,0.004042568778113696,COMPLETE
107,0.6597324942265225,2025-12-10 15:46:09.838679,2025-12-10 15:46:11.156096,0 days 00:00:01.317417,0.8645247024862538,0.8469287681316989,0.5667936549270607,4.579777516063871,0.019112142140329764,2,9,71,3240,0.21506674853309315,0.010173812483251813,1.0047010392856688,0.7835883534015412,191,0.0045633190808579875,COMPLETE
108,0.6599986459744327,2025-12-10 15:46:11.158099,2025-12-10 15:46:16.709442,0 days 00:00:05.551343,0.9299490196264225,0.9127214716871255,0.603658753675453,2.425894814839649,0.008715543144528663,0,11,90,3584,6.133319719999511,88.93732769193589,1.0565171894752827,0.7386664870974017,1210,0.004876473454665232,COMPLETE
109,0.6594837685629658,2025-12-10 15:46:16.713021,2025-12-10 15:46:19.586001,0 days 00:00:02.872980,0.8932345381792175,0.8957951609191824,0.652592669976788,1.297393498704792,0.011203850769400926,1,8,61,3080,0.10842429594648795,0.002493859704939547,1.0368387226741562,0.7255512320168604,388,0.00558548652979122,COMPLETE
110,0.6595926235864529,2025-12-10 15:46:19.588830,2025-12-10 15:46:27.114775,0 days 00:00:07.525945,0.844827065745483,0.8545404752666228,0.5773714999090444,1.6495144323477757,0.0035450917579034013,3,10,53,3957,0.16046290672164526,0.0006711504730441141,0.9775227871699255,0.8236465019131836,1007,0.004738747547431925,COMPLETE
111,0.658948522196054,2025-12-10 15:46:27.116778,2025-12-10 15:46:29.479042,0 days 00:00:02.362264,0.49443958775392294,0.8810559587899023,0.5902457919548352,0.8122133546278261,0.014441857489842405,0,9,81,3311,0.05778799135063509,0.008053128270875511,0.9694687418245688,0.7654419098258246,350,0.004820138466269132,COMPLETE
112,0.6589046061306896,2025-12-10 15:46:29.479042,2025-12-10 15:46:32.470668,0 days 00:00:02.991626,0.5155682283658092,0.925371558950909,0.5571327234300406,0.42519931415428375,0.012542238957614868,0,9,81,3331,0.027743385061351697,0.004817431682620651,0.9640342053144495,0.7675129749661399,484,0.005585240631733473,COMPLETE
113,0.6596328885789409,2025-12-10 15:46:32.472670,2025-12-10 15:46:34.748865,0 days 00:00:02.276195,0.5317078475981606,0.9232507124375732,0.5509727977181762,0.9229174934859684,0.014543882013884644,0,9,83,3326,0.04012915096052067,0.004359560699438066,0.9695469754426945,0.7656388226561531,351,0.004534026771122092,COMPLETE
114,0.6592551116276245,2025-12-10 15:46:34.749865,2025-12-10 15:46:37.539354,0 days 00:00:02.789489,0.587894639722859,0.960572791001688,0.5598072810477165,0.2978205532846032,0.0124082339861337,0,10,90,3459,0.025773992310655414,0.007819811171234065,0.95771251462557,0.7126043445302105,479,0.005061403977679327,COMPLETE
115,0.680483040510848,2025-12-10 15:46:37.541098,2025-12-10 15:46:41.824082,0 days 00:00:04.282984,0.5259588211028466,0.8818183208781614,0.5917662704281885,2.0166090788899993,0.013704840559388969,0,9,79,3778,97.656478242132,0.01733177161248785,0.925460759878938,0.8042228554916032,1352,0.00041347029716568213,COMPLETE
116,0.6592482188161107,2025-12-10 15:46:41.826086,2025-12-10 15:46:43.663156,0 days 00:00:01.837070,0.47197477129350407,0.934612810061669,0.5246940718333002,2.7643184948880966,0.01825300717679004,0,10,76,3339,0.061381814428431186,0.004832348425883412,1.0248688797679066,0.742680886678821,295,0.0050129924623167335,COMPLETE
117,0.6594204886214439,2025-12-10 15:46:43.665160,2025-12-10 15:46:47.100117,0 days 00:00:03.434957,0.49561180381748104,0.9491698780359551,0.5367278776938169,1.3684078882856245,0.009828251151961844,0,9,81,3529,0.018141327868947062,0.012952294792391048,1.0061915605495273,0.5336701535523408,661,0.005271585662656781,COMPLETE
118,0.6606163488836558,2025-12-10 15:46:47.102120,2025-12-10 15:46:50.730728,0 days 00:00:03.628608,0.4618129164448129,0.9731568116517504,0.5850429966622699,7.9985063401155525,0.01618999318533758,0,9,86,3180,0.031293753336926716,0.6444653154753557,0.9825911560879756,0.7749897013492264,767,0.004016231170918246,COMPLETE
119,0.6596821080911046,2025-12-10 15:46:50.732739,2025-12-10 15:46:54.075919,0 days 00:00:03.343180,0.8010690801565218,0.8021880878731111,0.572868655176126,0.7890307040136753,0.019808347163251694,0,10,100,3400,0.05447078461224494,0.006979146005011286,0.9447591423031331,0.7024316964820788,284,0.00464058639283526,COMPLETE
120,0.6589936437809992,2025-12-10 15:46:54.077925,2025-12-10 15:46:57.264779,0 days 00:00:03.186854,0.8276932964457887,0.8620062936965396,0.6164035224385576,3.1051479850105626,0.011623574887119383,9,9,33,3080,0.08406478974630809,0.02947545769372059,0.9684702311388153,0.75555502886812,279,0.004537908917175131,COMPLETE
121,0.6594392055093097,2025-12-10 15:46:57.266779,2025-12-10 15:46:59.885056,0 days 00:00:02.618277,0.8223741771797295,0.8354362180386233,0.6124953846526435,3.6574965494918787,0.011561492866075596,8,9,35,3292,0.07146515278872236,0.03214308663521249,0.9640422760693125,0.7564406799715622,331,0.0055837327421380195,COMPLETE
122,0.6593600203116416,2025-12-10 15:46:59.886056,2025-12-10 15:47:02.043465,0 days 00:00:02.157409,0.8373194039514849,0.8656825543680953,0.636799063191992,3.346866130821548,0.014586981478892999,8,9,31,3075,0.09706787373808423,0.1734149512061609,0.9967776062853254,0.7309241538632408,195,0.005025502060311266,COMPLETE
123,0.6598007109517388,2025-12-10 15:47:02.045469,2025-12-10 15:47:04.775852,0 days 00:00:02.730383,0.4809576726641426,0.46155345434985784,0.6025403145155221,1.630575660872992,0.017384727603596575,9,8,96,2982,0.04591568275528893,0.001103073417357898,1.0157393413111702,0.7933742293974714,534,0.005010632652518945,COMPLETE
124,0.6592748970832243,2025-12-10 15:47:04.775852,2025-12-10 15:47:07.736815,0 days 00:00:02.960963,0.5095677576684539,0.7680379251487242,0.6180595902097907,1.1397727892831298,0.01271486912004322,5,9,39,3229,0.13263264161419316,0.0031496342891810785,1.0416421839491345,0.7191839506230615,349,0.005060396433848623,COMPLETE
125,0.6600243497751673,2025-12-10 15:47:07.739832,2025-12-10 15:47:10.714923,0 days 00:00:02.975091,0.5542740605865747,0.9070856856804539,0.5924375594601924,2.2497670965258396,0.01071212311307243,6,9,26,3110,0.02933388803340308,0.0016369635859598223,0.971249232696145,0.7751902142223519,290,0.004115253874881765,COMPLETE
126,0.6592322605419675,2025-12-10 15:47:10.717332,2025-12-10 15:47:13.199465,0 days 00:00:02.482133,0.8720412991854648,0.9987514749354592,0.5603741203685911,2.90734295793814,0.01354397186157755,0,11,74,3484,0.014373603081703972,0.05801015304225592,0.9923906043932517,0.7644869358119708,378,0.0054437317174235705,COMPLETE
127,0.6599415195449863,2025-12-10 15:47:13.201468,2025-12-10 15:47:14.677875,0 days 00:00:01.476407,0.7956501412780875,0.8820121981346096,0.6753708705396034,0.34891883243176536,0.026251757622694345,1,8,33,3298,0.4108078647015652,0.005866559254141965,1.031399257509226,0.7449310002109722,114,0.004926549656425759,COMPLETE
128,0.6597876725128078,2025-12-10 15:47:14.679877,2025-12-10 15:47:16.591670,0 days 00:00:01.911793,0.8496000303602244,0.8925600613344375,0.550478406046112,3.1051678282938076,0.01505809622673248,3,7,88,2923,0.023947843032836223,0.010849600801721149,0.9824473223111745,0.8099486787412241,303,0.004515082881110828,COMPLETE
129,0.6595277799383834,2025-12-10 15:47:16.593173,2025-12-10 15:47:18.062153,0 days 00:00:01.468980,0.7660167894673658,0.8579525914405837,0.6468855224713036,1.8825628919919097,0.022456492188122717,7,10,41,3164,0.038110105184901606,0.0033851300036281846,0.9349624763184871,0.7549961362900727,130,0.004865279995221681,COMPLETE
130,0.6590447936942344,2025-12-10 15:47:18.064162,2025-12-10 15:47:20.628685,0 days 00:00:02.564523,0.8150982099601609,0.8161444150262223,0.6314374466249245,0.7009205254825066,0.012027372700140797,10,9,71,3608,0.26184129863524636,0.008819320845305324,1.0094804922478122,0.6914177634593548,383,0.005044113854102904,COMPLETE
131,0.6597933559502287,2025-12-10 15:47:20.630695,2025-12-10 15:47:22.826826,0 days 00:00:02.196131,0.8119683125338114,0.8212029991655239,0.6304925648036641,0.5918652757228787,0.011586799305295393,10,9,68,3632,0.23491102743203124,0.008471516359118166,1.0107131394050606,0.6495652855906471,320,0.004286282748453575,COMPLETE
132,0.6593786713775638,2025-12-10 15:47:22.828828,2025-12-10 15:47:26.601281,0 days 00:00:03.772453,0.4396104122702569,0.788025484882709,0.6628097906106625,1.1094024891300571,0.009928864070508369,0,9,22,3419,1.5418691358657421,0.014777590104606338,0.9569418218116447,0.6858954583999824,388,0.005126701555292488,COMPLETE
133,0.6590595884882295,2025-12-10 15:47:26.603284,2025-12-10 15:47:29.387378,0 days 00:00:02.784094,0.8311813168790185,0.8430735560518373,0.6073369166408752,1.4795239817302832,0.012342962543972047,9,9,83,3261,0.08178630808157104,0.027419880629991348,1.00202751454123,0.6991212289035287,450,0.005239758107358641,COMPLETE
134,0.6588444750443987,2025-12-10 15:47:29.389383,2025-12-10 15:47:31.927052,0 days 00:00:02.537669,0.8208954415924636,0.8166180665196013,0.6234276867190436,0.12672009684381447,0.016097976793833207,1,10,81,3358,0.06000830738156812,0.004589681721264493,1.024337050204265,0.41879488624061545,492,0.005613837882512744,COMPLETE
135,0.6596502521434014,2025-12-10 15:47:31.929055,2025-12-10 15:47:33.947737,0 days 00:00:02.018682,0.8614361123001136,0.8709632778255516,0.592129851886399,0.04882244129187857,0.016488606163529367,1,10,76,3381,0.06519055528045677,0.002144259742006997,1.028216922199622,0.43138146123664767,359,0.0042977670951763036,COMPLETE
136,0.6629353409939087,2025-12-10 15:47:33.947737,2025-12-10 15:47:36.507664,0 days 00:00:02.559927,0.8393963007762069,0.8009120211004611,0.6218276417196503,12.90788887449202,0.017593887190827877,4,10,79,3042,0.0505948013014135,0.00556394719932028,1.0532612162255672,0.7831752661156445,677,0.003651582546281123,COMPLETE
137,0.6590388335812666,2025-12-10 15:47:36.509669,2025-12-10 15:47:39.036760,0 days 00:00:02.527091,0.7064300909373212,0.9203165040964053,0.5762067368241127,0.27307189312822633,0.013792145163554507,1,11,92,3188,0.1275507758594301,0.004122712132667445,0.9857823949910036,0.7681313305222903,390,0.004764489500051556,COMPLETE
138,0.659973976718829,2025-12-10 15:47:39.036760,2025-12-10 15:47:42.002084,0 days 00:00:02.965324,0.7828699116370643,0.9023074354888485,0.6002550720346383,6.745887424347475,0.015255193700882571,6,10,36,3347,0.08277895904592458,0.0014376993308358621,0.9702351415577505,0.797036517163508,684,0.004975513615068924,COMPLETE
139,0.6620234847340755,2025-12-10 15:47:42.004086,2025-12-10 15:47:43.837750,0 days 00:00:01.833664,0.8266231235578614,0.7236420074575618,0.6181248824760569,0.8867393987715539,0.018755901897183534,2,8,16,3527,0.035644034427353935,0.00019795758410440042,1.041685111214651,0.45652827490364606,145,0.003885180862863937,COMPLETE
140,0.6593901138827668,2025-12-10 15:47:43.839503,2025-12-10 15:47:45.093147,0 days 00:00:01.253644,0.8510058651808803,0.7809147118573494,0.6428346388385691,4.310600956212543,0.03267344500215519,1,7,44,1385,0.019535576933632767,0.002880825380199578,1.064752716028047,0.4040764076975385,177,0.005919903489643146,COMPLETE
141,0.659453713222143,2025-12-10 15:47:45.095151,2025-12-10 15:47:47.303324,0 days 00:00:02.208173,0.6220301031923907,0.918850078639347,0.5749110264413596,0.23453974190428417,0.013419785797614107,1,11,86,3182,0.12305650983003698,0.00454822369146272,0.9951338336875897,0.947995153933727,309,0.00473372910041143,COMPLETE
142,0.6590831579865757,2025-12-10 15:47:47.305336,2025-12-10 15:47:49.272919,0 days 00:00:01.967583,0.7003232849296277,0.7407834889458388,0.5841704604566587,0.4615964701944468,0.02066187981207612,1,11,93,3118,0.09713880158673083,0.0037130300340129816,0.9853710454638132,0.7759240231121932,247,0.005073278901691039,COMPLETE
143,0.659831166713223,2025-12-10 15:47:49.274923,2025-12-10 15:47:54.250072,0 days 00:00:04.975149,0.8034731275133968,0.8830905640576393,0.5679313285438125,0.02171174682423166,0.014320698122112115,0,10,90,3241,0.13957193238783974,0.006802987095026883,1.020270077296074,0.42681345165601087,562,0.004689200723972221,COMPLETE
144,0.6594375670724519,2025-12-10 15:47:54.254084,2025-12-10 15:47:57.187559,0 days 00:00:02.933475,0.732344112365294,0.9277888872808603,0.5455393231176681,1.1247943521089847,0.0161828747061448,2,12,82,2990,0.05938273341016254,0.0018881402048729781,0.9753484706361947,0.7647144935689008,275,0.004466977323657568,COMPLETE
145,0.6596429398384002,2025-12-10 15:47:57.189561,2025-12-10 15:48:00.539573,0 days 00:00:03.350012,0.6521603213771406,0.9079050008394735,0.5028451184317522,0.4322114984822329,0.014120967630622996,1,8,95,3311,0.1694045957810237,0.0003148931409116653,0.9485123297286397,0.5059716840080455,691,0.005239057741901669,COMPLETE
146,0.6628507634290682,2025-12-10 15:48:00.541575,2025-12-10 15:48:01.365950,0 days 00:00:00.824375,0.6978170635502603,0.8540645715469305,0.5805505395075201,0.6822892433117062,0.13105405596800745,0,12,29,3458,0.04339842472783134,0.0051156078489206355,1.0136668352317226,0.7361020711102142,13,0.004629787816392452,COMPLETE
147,0.6605818229753028,2025-12-10 15:48:01.366949,2025-12-10 15:48:04.782146,0 days 00:00:03.415197,0.8733517619790157,0.8739423618482922,0.606876914879894,8.964659099977057,0.010463581742850255,2,9,47,3200,0.011281676062140205,0.0038026937124591544,0.9950770150591517,0.750570399072495,851,0.004342452857136551,COMPLETE
148,0.6597119295355708,2025-12-10 15:48:04.784148,2025-12-10 15:48:08.034239,0 days 00:00:03.250091,0.7118902868507705,0.8322353491455144,0.5605661992396833,1.403649220705566,0.009011978606614627,0,11,33,3070,0.026230942464771208,0.0009381980147398798,0.9637418282258023,0.7884589009415128,325,0.004694608943003082,COMPLETE
149,0.6596904059468409,2025-12-10 15:48:08.037244,2025-12-10 15:48:10.171525,0 days 00:00:02.134281,0.8396991387404047,0.8937599250196877,0.5932936492076542,2.608955250993274,0.023263689270803058,1,8,77,3383,0.6849027897061503,1.614755075918133,1.0284095598011758,0.7243841361916638,254,0.00562852853476168,COMPLETE
150,0.6603536309009057,2025-12-10 15:48:10.173527,2025-12-10 15:48:12.011229,0 days 00:00:01.837702,0.882215437266301,0.9401286836159403,0.5289023623203573,0.9452302289665273,0.0172010673855588,0,10,100,3146,0.07202507016477326,0.002396951374146069,0.9841870763154094,0.4779091566758334,333,0.004142991773243337,COMPLETE
151,0.6587925431396494,2025-12-10 15:48:12.013238,2025-12-10 15:48:14.641577,0 days 00:00:02.628339,0.8262601515923415,0.7728526026668601,0.6289360709108989,0.6967567565213174,0.012425484693561169,10,9,71,3628,0.4010463666467328,0.008079866836694889,1.0037611198914878,0.7123107976009755,392,0.005377827384021267,COMPLETE
152,0.6593579893924351,2025-12-10 15:48:14.644086,2025-12-10 15:48:16.975284,0 days 00:00:02.331198,0.8213011553103707,0.7670283378679422,0.6178500740726969,0.3762873305750608,0.012936197102514497,10,9,72,3297,0.40090363830761666,0.007090277518523268,1.004542254300595,0.4181968274345287,423,0.004586488057715256,COMPLETE
153,0.6591984115762047,2025-12-10 15:48:16.977286,2025-12-10 15:48:19.186867,0 days 00:00:02.209581,0.7910179982196481,0.7564037904300013,0.6498620336971365,0.7899436319346806,0.01562876664223586,10,9,89,3714,0.31646062872523334,0.009879208994936835,1.0214271102802746,0.7147061885659464,347,0.00499550908883737,COMPLETE
154,0.6591981858981029,2025-12-10 15:48:19.188870,2025-12-10 15:48:21.616985,0 days 00:00:02.428115,0.8548456723546317,0.9172282890280549,0.636071389674039,1.7166353960030265,0.011479104393605557,1,9,64,3505,0.19421138494879892,0.01252374478936524,0.9926749138919168,0.7665714331861303,313,0.004541951635896912,COMPLETE
155,0.6600956684569882,2025-12-10 15:48:21.618988,2025-12-10 15:48:22.281948,0 days 00:00:00.662960,0.8019255205213902,0.7760080646674488,0.6118303406238,0.30540399799283247,0.06900832144391197,9,8,81,3409,0.11831862631142143,0.019376487822117237,1.044360516175422,0.44788489918515256,68,0.0029568355482995946,COMPLETE
156,0.658774024775046,2025-12-10 15:48:22.283952,2025-12-10 15:48:24.699870,0 days 00:00:02.415918,0.40045657977400906,0.813836830577323,0.6021936477734338,1.1821099905763541,0.014224182628737632,9,10,41,3278,0.5175162123340482,0.004666550659007191,1.0046606919797794,0.7414419061143839,285,0.004446507010050503,COMPLETE
157,0.6597995335514089,2025-12-10 15:48:24.700870,2025-12-10 15:48:25.821651,0 days 00:00:01.120781,0.4482905052882017,0.8062856853115965,0.621954615497993,2.0924603999749425,0.039356473285145015,9,10,39,3554,0.5134971707021397,0.0005617852345914068,1.006538837369824,0.7394424718290854,101,0.0035766231414465187,COMPLETE
158,0.6591123706964895,2025-12-10 15:48:25.823662,2025-12-10 15:48:28.107259,0 days 00:00:02.283597,0.4174105672044596,0.7970274506720321,0.6003274789759946,1.2692349995925243,0.015347993547817252,9,10,50,3264,0.6085701315371485,0.005561229417303774,1.0355604797079394,0.7521092462264584,297,0.004993918335877664,COMPLETE
159,0.6589389580974481,2025-12-10 15:48:28.109261,2025-12-10 15:48:31.499432,0 days 00:00:03.390171,0.8331405555234187,0.8427791257440606,0.6605047170032623,1.4734295697548894,0.012388313067166984,0,10,44,3357,0.05016637225902213,0.0029076490763759004,1.0194353932913975,0.7308606013446853,299,0.005224971944580655,COMPLETE
160,0.6589086590421471,2025-12-10 15:48:31.501179,2025-12-10 15:48:34.495823,0 days 00:00:02.994644,0.5517347449682167,0.8178456230585532,0.673471968196488,1.7504045650984428,0.012296127222372492,8,10,68,3459,0.9832661823961389,0.002797361586977571,1.0260199025003547,0.7294315215978109,451,0.005484155681775991,COMPLETE
161,0.6584212821428622,2025-12-10 15:48:34.497826,2025-12-10 15:48:37.436479,0 days 00:00:02.938653,0.5694908024295722,0.8301628198625292,0.6787390883973466,2.358536860659881,0.012409326232983348,8,10,70,3458,1.117533335399439,0.0030180097863705827,1.0275826654232345,0.7311598915957098,459,0.0055860178598322536,COMPLETE
162,0.6593484037346546,2025-12-10 15:48:37.438481,2025-12-10 15:48:39.999268,0 days 00:00:02.560787,0.5771693867757733,0.8195722837273849,0.6607243716718358,2.3404968930858905,0.011058991148360137,8,10,67,3459,1.0171456435975392,0.002993912772723672,1.027328297278392,0.7096425418986053,392,0.004768598027185826,COMPLETE
163,0.6596176385725244,2025-12-10 15:48:40.001012,2025-12-10 15:48:42.559163,0 days 00:00:02.558151,0.5693260382376313,0.8392748922425808,0.6684130965483688,1.8656916352017667,0.012813815725222529,7,10,69,3590,1.7748829082944062,0.0022862840660918433,1.0541321086017978,0.7285836724009129,376,0.005409061384939623,COMPLETE
164,0.6592641800403269,2025-12-10 15:48:42.561169,2025-12-10 15:48:45.345319,0 days 00:00:02.784150,0.5206366127571079,0.8105712211642404,0.6927800639478879,2.592549818573484,0.010598777774775648,8,10,74,3649,0.8924370104185936,0.003994107366301444,1.0356042533414929,0.7193481449007926,457,0.005249787081714288,COMPLETE
165,0.6595283570904523,2025-12-10 15:48:45.347262,2025-12-10 15:48:47.784685,0 days 00:00:02.437423,0.5484078150632894,0.8282779663742014,0.6787452703349018,3.1977509886398554,0.012278191234023768,9,10,70,3370,1.0996658188729589,0.00300738176438192,1.017699247600159,0.7422550389295938,407,0.00489692281035004,COMPLETE
166,0.6600869665681756,2025-12-10 15:48:47.786688,2025-12-10 15:48:53.223268,0 days 00:00:05.436580,0.5060899183169699,0.7898765374163487,0.6544583672603567,1.6705351477982298,0.009289777924810585,8,9,64,3457,1.8203557535215549,0.004985562879632912,1.083973041670252,0.7333508027764866,569,0.005532701352741402,COMPLETE
167,0.6586114005385572,2025-12-10 15:48:53.225275,2025-12-10 15:48:57.215657,0 days 00:00:03.990382,0.518675681361326,0.8441394077442161,0.7045741450298227,2.098053737645647,0.01224266121296217,10,10,41,3868,2.9671717794762467,0.0016036580663729319,1.00726578111765,0.7011235568162545,402,0.005967458148925747,COMPLETE
168,0.6588148652358587,2025-12-10 15:48:57.217662,2025-12-10 15:49:00.446216,0 days 00:00:03.228554,0.48157333105163025,0.8485685414138644,0.6931660505784706,2.0495847108862995,0.01005101925637767,10,10,41,3869,1.4669320702176063,0.0012479711457414142,1.00400849163261,0.7035538030844404,398,0.004989537177341528,COMPLETE
169,0.659457004056051,2025-12-10 15:49:00.448245,2025-12-10 15:49:03.265843,0 days 00:00:02.817598,0.48585513221306376,0.846222461104701,0.7221450963351614,1.4829683282959452,0.014021097658462843,10,10,41,3838,2.8601735038028964,0.0022062411960377254,1.0639194757808286,0.6792994360347299,290,0.004639762263160353,COMPLETE
170,0.6593715355737564,2025-12-10 15:49:03.265843,2025-12-10 15:49:06.403006,0 days 00:00:03.137163,0.43301698660442717,0.8300968654475472,0.7071311274201095,2.1080822097207026,0.010291869710838657,10,10,47,3919,1.3267702159228618,0.0016911240556614874,1.006359055781078,0.7029697281942603,410,0.005404127509318774,COMPLETE
171,0.6588827008243497,2025-12-10 15:49:06.405009,2025-12-10 15:49:09.728396,0 days 00:00:03.323387,0.5142780692212348,0.8155437915077707,0.6836969814750498,2.23481680598615,0.012354328296987469,10,10,45,3850,3.642588628172053,0.0011033288341432113,1.0207571832988953,0.7143839870114306,430,0.0051241053470241675,COMPLETE
172,0.6593015467310839,2025-12-10 15:49:09.730405,2025-12-10 15:49:12.831932,0 days 00:00:03.101527,0.5137002508565004,0.8485536914792247,0.6935300209757701,1.9073888598127382,0.012391654844919537,10,10,45,3870,4.571438232152634,0.0012289273195102474,1.0475088679456983,0.6962058656207477,386,0.005370482496046098,COMPLETE
173,0.6592327159025496,2025-12-10 15:49:12.833936,2025-12-10 15:49:16.806943,0 days 00:00:03.973007,0.5435374022750076,0.8153547793634749,0.7153336933263232,1.286157666267921,0.013237366274909236,10,10,52,3770,12.227719347592817,0.0014909676151085504,1.0298700386178508,0.710773670188868,617,0.005514275234871201,COMPLETE
174,0.6594792451390439,2025-12-10 15:49:16.808954,2025-12-10 15:49:19.914926,0 days 00:00:03.105972,0.4021136399792766,0.8628778051433379,0.732329088273638,2.258204106614474,0.009933251475633223,10,10,41,3973,2.0417722253739576,0.0008048576182155173,1.0175343656670333,0.7239922449824696,408,0.005591812917629808,COMPLETE
175,0.658733234232665,2025-12-10 15:49:19.916938,2025-12-10 15:49:23.179791,0 days 00:00:03.262853,0.46955181685937225,0.838737910431681,0.6818763886003789,1.1243707516502688,0.011399452262999295,10,10,38,3723,4.729406426863159,0.0004018724845234586,1.0065051388486832,0.6855437923116457,404,0.005146528485969998,COMPLETE
176,0.6661375552935171,2025-12-10 15:49:23.181794,2025-12-10 15:49:27.316779,0 days 00:00:04.134985,0.5320292822306487,0.835106341068073,0.680967935675392,1.535136899259153,0.008248734775877616,10,10,37,3688,3.7569253198544152,0.0004808545912732754,1.2984266288967345,0.6881250635274544,481,0.0053466362298634,COMPLETE
177,0.6594155005526543,2025-12-10 15:49:27.318782,2025-12-10 15:49:30.776011,0 days 00:00:03.457229,0.46575505815817825,0.8152161585377967,0.6860328788599382,1.1015823141813645,0.011464049453406119,10,10,44,3753,7.242124058274774,0.0006922163924077184,0.9999759355426718,0.6744438458517144,483,0.005045084264012594,COMPLETE
178,0.6600058419724326,2025-12-10 15:49:30.778013,2025-12-10 15:49:33.742070,0 days 00:00:02.964057,0.5607671440782763,0.8414402836208578,0.6946026329724717,5.2717639226481925,0.009595046226072572,10,10,49,3816,5.380706440660583,0.0011921049071887577,1.0418388905955775,0.7031274848422263,562,0.004282451548621537,COMPLETE
179,0.6591820640903416,2025-12-10 15:49:33.744070,2025-12-10 15:49:36.913443,0 days 00:00:03.169373,0.5198681012139669,0.8279052414079966,0.6697717706638564,1.771668765339459,0.011877261733963437,10,11,39,3897,3.653459927061892,0.00035476716338744845,1.0207012845493084,0.7191999565551305,384,0.004930123991402133,COMPLETE
180,0.6589457559937981,2025-12-10 15:49:36.915446,2025-12-10 15:49:40.741969,0 days 00:00:03.826523,0.4858809735226999,0.8504342125007779,0.7048161225133386,2.124940254004348,0.010912511348528251,10,11,57,3886,9.604254711219555,0.0027029695046991518,1.007477235640263,0.6948561790751939,612,0.00510736747938886,COMPLETE
181,0.6586849007826514,2025-12-10 15:49:40.743969,2025-12-10 15:49:45.545635,0 days 00:00:04.801666,0.5041327828071323,0.857396823465778,0.7431616485538928,2.460618649480629,0.010574442284585815,10,11,61,3985,11.247115090714686,0.0032914495322349316,1.007932899456568,0.6939605092186865,865,0.005818163248735749,COMPLETE
182,0.6593465498687074,2025-12-10 15:49:45.547638,2025-12-10 15:49:48.456716,0 days 00:00:02.909078,0.5013127558159468,0.8626510036655864,0.7656239738128069,2.47451155927541,0.012575991427129134,10,11,61,3775,2.979740678615161,0.001760655626928207,1.029727800791829,0.6825422191187045,373,0.0050352033152883295,COMPLETE
183,0.6594863425577154,2025-12-10 15:49:48.458461,2025-12-10 15:49:54.710571,0 days 00:00:06.252110,0.4701620568635572,0.799365070983136,0.746926325195463,2.7550668798128894,0.010878442412172132,9,10,54,3674,13.698758989724839,0.00296037560945853,1.0112768312477063,0.7071526941776338,700,0.004665443808907499,COMPLETE
184,0.6597094099014769,2025-12-10 15:49:54.714342,2025-12-10 15:50:03.208248,0 days 00:00:08.493906,0.509365169075192,0.823414422187656,0.6764551958875755,1.445627759215098,0.008712350664396247,10,10,45,3923,25.468123649906307,0.0038923888376286215,0.997355640055475,0.6626951517514706,1699,0.004516811926548094,COMPLETE
185,0.6589104193660752,2025-12-10 15:50:03.210251,2025-12-10 15:50:06.397477,0 days 00:00:03.187226,0.484072703898924,0.8532754162204698,0.698568616215458,1.8438405499517936,0.013466630443397428,10,11,41,3831,2.3309896196242863,0.0035150088291771345,1.0214927983861024,0.7291728614299683,322,0.004733920976131151,COMPLETE
186,0.6586517523491396,2025-12-10 15:50:06.401501,2025-12-10 15:50:09.865571,0 days 00:00:03.464070,0.457992653324882,0.8564225148104959,0.7333109055544984,1.8815229941038205,0.013465300948670947,10,11,36,3981,2.122136254123363,0.0019008005709756307,0.9891576430952739,0.7144885434617966,324,0.005937164823603946,COMPLETE
187,0.658429436983192,2025-12-10 15:50:09.867575,2025-12-10 15:50:13.054592,0 days 00:00:03.187017,0.4593712586591507,0.8586344230190772,0.728921482489713,2.365246348521354,0.009858481002964794,10,11,36,3970,0.7804975503914497,0.00199323753019624,0.9820311608594658,0.6552966592276025,376,0.0047495111970628405,COMPLETE
188,0.6591209551880939,2025-12-10 15:50:13.056597,2025-12-10 15:50:16.688994,0 days 00:00:03.632397,0.4544664502769669,0.8755971004138036,0.7386391497289142,5.831409971534795,0.010487942131663682,10,11,34,3999,1.5608113297854085,0.0019794033580947286,0.9827202695109599,0.6555243804448831,846,0.004852766570635703,COMPLETE
189,0.6584922696218359,2025-12-10 15:50:16.690997,2025-12-10 15:50:19.872982,0 days 00:00:03.181985,0.45666835851516735,0.8673834462163784,0.7961176060385788,2.474393796941033,0.009816661255534915,10,11,37,3999,0.7661537187892651,0.0013687900494464657,0.9907016771389276,0.6759797295514228,395,0.004742294635236287,COMPLETE
190,0.6590206252748141,2025-12-10 15:50:19.874984,2025-12-10 15:50:22.709568,0 days 00:00:02.834584,0.43358534489810735,0.8658063255000449,0.8702273390246394,2.3995510339699044,0.009834953292452039,10,11,37,3983,0.7862486584840801,0.001459485057586888,0.9912284325956731,0.6744200144970894,337,0.004777821379707298,COMPLETE
191,0.6603874020120071,2025-12-10 15:50:22.711578,2025-12-10 15:50:27.735431,0 days 00:00:05.023853,0.456391877963316,0.8546492034329864,0.7311514624123802,2.8454233060254652,0.00915116288396222,10,11,31,3911,21.46962690023046,0.0010624406323163742,0.9778245751133074,0.689646568492465,1088,0.003908205861085418,COMPLETE
192,0.6592000896286254,2025-12-10 15:50:27.737433,2025-12-10 15:50:32.042460,0 days 00:00:04.305027,0.47934242873908195,0.8737809027451877,0.7834400626977924,2.1950348003618587,0.007611816116041893,10,12,38,3848,1.2963367050420362,0.0006332913726773631,0.9980520703062914,0.6290858994082591,480,0.0050581613750535735,COMPLETE
193,0.6587946368545076,2025-12-10 15:50:32.044464,2025-12-10 15:50:36.202025,0 days 00:00:04.157561,0.47277655524211876,0.8362942610051176,0.8049665125049001,2.737408056088934,0.010992213783619226,10,11,35,3984,5.362503523734373,0.002171248663472368,0.9885284221874249,0.6997618778838077,395,0.004398318519769003,COMPLETE
194,0.6594717940031423,2025-12-10 15:50:36.203781,2025-12-10 15:50:40.628258,0 days 00:00:04.424477,0.4729031350381316,0.836116028897225,0.8301783950214817,2.497568018243893,0.011150882029593185,10,11,35,3952,2.4139154251421115,0.002114315263478231,0.9874521758884293,0.6988093448305179,382,0.005356439028426382,COMPLETE
195,0.6589021591868015,2025-12-10 15:50:40.630271,2025-12-10 15:50:45.788201,0 days 00:00:05.157930,0.4474910531413575,0.8597135016639769,0.7701849383695917,3.481873655877482,0.009545639562987618,10,11,41,3993,4.463899645556952,0.00045181746137986804,1.0035984391503054,0.7120399130034398,534,0.004861684258341932,COMPLETE
196,0.6587966110909627,2025-12-10 15:50:45.790214,2025-12-10 15:50:50.657437,0 days 00:00:04.867223,0.42879231653685246,0.8357223494522465,0.8040977979716512,2.719357406097904,0.00834586366244195,10,11,37,3882,6.0161592701306645,0.0011585197701246687,1.0098393806881307,0.666516983264602,539,0.004673616906384293,COMPLETE
197,0.6590654231421679,2025-12-10 15:50:50.661189,2025-12-10 15:50:56.452040,0 days 00:00:05.790851,0.46166325783931605,0.8467378408853243,0.8010770357160921,2.899374348395991,0.010133059747590876,9,11,27,3726,6.38617429927369,0.0018529565377121279,1.0047710601991537,0.6545971256121155,481,0.00515507078211262,COMPLETE
198,0.6584517603028041,2025-12-10 15:50:56.454042,2025-12-10 15:51:02.399267,0 days 00:00:05.945225,0.4310513005013209,0.8354758148371914,0.8004657843715,2.5879060981137654,0.006253959593818787,10,12,37,3918,8.048512863858166,0.0001954049811425122,0.9892767357056176,0.6706563916771021,893,0.005266656075940395,COMPLETE
199,0.658702003127732,2025-12-10 15:51:02.402273,2025-12-10 15:51:09.203455,0 days 00:00:06.801182,0.42492720123056654,0.8386720804388851,0.8257494645137604,2.534426185943228,0.006028169888546029,10,11,30,3999,7.735070566036206,0.00012288910680632688,0.979557802784816,0.6434699104790411,984,0.005072106038053822,COMPLETE
200,0.6589672935055754,2025-12-10 15:51:09.203455,2025-12-10 15:51:16.558531,0 days 00:00:07.355076,0.42187693057014386,0.8346414585079512,0.7952298426396798,2.7354430357956785,0.007039547117915448,10,12,31,3914,9.857167530480856,0.00013393003273344233,0.9751580033560405,0.6381448542988569,1273,0.005288580936329479,COMPLETE
201,0.6588148846432061,2025-12-10 15:51:16.560533,2025-12-10 15:51:23.174814,0 days 00:00:06.614281,0.4012291218239201,0.8503828292345024,0.8125236040794994,2.555125739779628,0.005706573438844775,10,12,25,3985,8.000938587096353,0.0001030152553806098,0.9866059624190335,0.6663792472838342,971,0.005289543338550396,COMPLETE
202,0.65928116070613,2025-12-10 15:51:23.174814,2025-12-10 15:51:28.306838,0 days 00:00:05.132024,0.40621246759793384,0.8552983082450413,0.8536636180762693,3.0663702584496813,0.006498447392644823,10,12,25,3992,5.5299060218803255,0.00011402188223688654,0.9830134915288381,0.6419980673568617,661,0.004789515543810753,COMPLETE
203,0.658982419773223,2025-12-10 15:51:28.308849,2025-12-10 15:51:41.756154,0 days 00:00:13.447305,0.4269784313089267,0.8668985847466535,0.8072241908444968,2.5523863998562266,0.005333353416070672,10,12,32,3899,14.284326496703082,0.000175148930244966,0.9919217769846922,0.660881925340166,1595,0.005057540606565778,COMPLETE
204,0.6589502478443872,2025-12-10 15:51:41.758153,2025-12-10 15:51:51.154820,0 days 00:00:09.396667,0.4436811273903895,0.8421079100493314,0.8078534022311356,1.973913918893449,0.00592873601183411,10,12,19,3792,7.912567240024058,0.00010072910275946435,0.9770320446981012,0.6686466987702301,986,0.006148007852963354,COMPLETE
205,0.6586678651808315,2025-12-10 15:51:51.156834,2025-12-10 15:52:01.410739,0 days 00:00:10.253905,0.41733179030596174,0.8821603417729138,0.8259121013178595,3.3419341491471592,0.005793801135401581,10,11,28,3987,11.763640649645788,0.00022626626360843166,0.9935775735989973,0.6215028201449294,1700,0.005289279961432089,COMPLETE
206,0.6589215241955325,2025-12-10 15:52:01.412742,2025-12-10 15:52:09.838027,0 days 00:00:08.425285,0.41082804599249956,0.8295220056986424,0.8208908644820769,2.6666054297143478,0.004780505899141719,10,11,23,4000,10.201144560365373,0.0002218458365360785,0.9595982607028993,0.6236644666496852,1365,0.004968877660158862,COMPLETE
207,0.658662939952577,2025-12-10 15:52:09.840029,2025-12-10 15:52:16.071747,0 days 00:00:06.231718,0.4250940184163111,0.8823283370614194,0.8337412740820115,2.2808280641299263,0.0063407126200116124,10,11,30,3919,7.034565583058294,0.00018330739524744332,0.993523364491775,0.6059730792024971,906,0.005219614976354086,COMPLETE
208,0.6588531975224369,2025-12-10 15:52:16.073756,2025-12-10 15:52:22.046590,0 days 00:00:05.972834,0.4244134601395018,0.8800324176226485,0.8411867886651616,3.434899799737411,0.00593733977089306,10,11,28,3911,8.388390715105892,0.00014772212867732125,0.9927726827945257,0.5940315562407563,1086,0.005263718510479082,COMPLETE
209,0.6592057121483208,2025-12-10 15:52:22.046590,2025-12-10 15:52:27.238784,0 days 00:00:05.192194,0.4015175616912081,0.8851250740048583,0.8231896596487238,3.043975931295306,0.006277261432636976,9,11,36,3832,5.403606762118929,0.00029520521707107107,0.9771002424814569,0.6428350089554952,876,0.00522130295637117,COMPLETE
210,0.6589192045369195,2025-12-10 15:52:27.240786,2025-12-10 15:52:33.692795,0 days 00:00:06.452009,0.4369628911718501,0.8560435824064754,0.8144089239889517,2.3622313178925727,0.007264604351066325,10,12,35,3871,12.549475071065752,0.00018753671809966044,0.9900960304876645,0.5961700503917856,1213,0.005139188926398061,COMPLETE
211,0.6588724413877838,2025-12-10 15:52:33.692795,2025-12-10 15:52:40.342817,0 days 00:00:06.650022,0.41585928965583546,0.8464603817592831,0.8330858090069583,2.1490994702892907,0.005194748741328318,10,11,27,3938,6.973894430411495,0.00020762456953333765,1.000926624900774,0.6200618034919524,906,0.004949457931288779,COMPLETE
212,0.6594632691994621,2025-12-10 15:52:40.346423,2025-12-10 15:52:44.247245,0 days 00:00:03.900822,0.4248324822992009,0.8673003392208041,0.7887387983562919,2.565729764736701,0.006578949313960496,10,11,31,3786,0.5424740554235759,0.0001278634827722893,1.0119208459674447,0.6671677039875102,487,0.005188955806422607,COMPLETE
213,0.6628937907305387,2025-12-10 15:52:44.249247,2025-12-10 15:52:57.785589,0 days 00:00:13.536342,0.44759877188027475,0.8884141943044681,0.7833116220962749,10.491305467325896,0.006215916001199413,10,11,29,4000,18.731203214847888,0.00025411141263275225,0.9854969527412372,0.6135260933037046,3386,0.003174464360989698,COMPLETE
214,0.6588813463558789,2025-12-10 15:52:57.787602,2025-12-10 15:53:06.558796,0 days 00:00:08.771194,0.41180467674227283,0.8354313317850572,0.756283027256856,2.360404096306798,0.005506895286698859,10,12,21,3921,8.726359881354917,0.0001655798630559304,0.9720052106308662,0.6769297897423574,909,0.004640073819276354,COMPLETE
215,0.6587121560114448,2025-12-10 15:53:06.560804,2025-12-10 15:53:12.558584,0 days 00:00:05.997780,0.45408929239328477,0.8555290427262774,0.8403694768421436,2.9092179196252093,0.005509689523844483,10,11,38,3887,4.757484140827669,0.0002649321352714576,0.9990590141709144,0.6832491254338553,798,0.004929411384174397,COMPLETE
216,0.662316865019435,2025-12-10 15:53:12.560589,2025-12-10 15:53:17.807491,0 days 00:00:05.246902,0.4360082490623397,0.8601889754005101,0.8392777271309709,3.2969546150391293,0.005840361053797297,9,11,37,3859,3.9297222212889262,0.00013387941112536506,1.1974048010514209,0.6053150971361888,761,0.0054887218007659425,COMPLETE
217,0.6590042260981962,2025-12-10 15:53:17.809235,2025-12-10 15:53:22.720086,0 days 00:00:04.910851,0.46155596990128067,0.8760330473133529,0.8164975912601268,2.7683344779604337,0.006891884337537926,10,11,34,3776,5.18354458137169,0.00033514093165585136,1.010384155654991,0.6329091072952583,671,0.004888233225308232,COMPLETE
218,0.6588003502011307,2025-12-10 15:53:22.722091,2025-12-10 15:53:28.375253,0 days 00:00:05.653162,0.44991796740253964,0.8461496003699963,0.8543147476079804,2.9457712903685533,0.005549552750726856,10,11,39,3929,6.104158521755395,0.00024201394633591934,0.998022679450933,0.6496336329637894,855,0.005040867217165219,COMPLETE
219,0.6590209990378286,2025-12-10 15:53:28.377255,2025-12-10 15:53:36.443486,0 days 00:00:08.066231,0.45226648221218224,0.8500601840038567,0.8717723306140608,3.068248242355806,0.00451410617057865,10,11,39,3935,6.242613531847615,0.00010062108497682939,0.9983197628253886,0.6484844757086926,1176,0.00512728400825779,COMPLETE
220,0.661442029767238,2025-12-10 15:53:36.445236,2025-12-10 15:53:52.363155,0 days 00:00:15.917919,0.43003650127924387,0.8423135378159791,0.8689393303861432,2.9509276881768085,0.005622589842588111,10,11,33,3852,30.443446218185393,0.0002272099251419517,0.9539056282824585,0.577026664986774,3848,0.0036954198792923517,COMPLETE
221,0.6587876047664374,2025-12-10 15:53:52.365160,2025-12-10 15:54:02.770861,0 days 00:00:10.405701,0.4690281952385524,0.8285887497616737,0.8504093563247989,2.565805049217072,0.005104232710118165,10,11,38,3989,11.888058727163765,0.00028220209967236065,1.0009658677239612,0.6559575136239614,1499,0.0053855778045197155,COMPLETE
222,0.6590022707347706,2025-12-10 15:54:02.772863,2025-12-10 15:54:11.717794,0 days 00:00:08.944931,0.46894760306540434,0.8297674117724487,0.8522985524273446,2.706231465273469,0.004881158731152732,10,11,41,3995,10.593910184619551,0.0001811832103422987,0.9909247542318831,0.6507838095517479,1371,0.004894161568773668,COMPLETE
223,0.6587653116569975,2025-12-10 15:54:11.719538,2025-12-10 15:54:24.339815,0 days 00:00:12.620277,0.44241546453858954,0.8539667159168645,0.8487391716739806,2.3511644446922983,0.0051758937734614,10,11,36,3925,17.24110851955674,0.00027620049357256356,1.0017419037121227,0.6600802636357678,2546,0.005092689538334268,COMPLETE
224,0.6587689661085312,2025-12-10 15:54:24.341818,2025-12-10 15:54:36.684553,0 days 00:00:12.342735,0.44425856615401305,0.8517539437314527,0.8871034361445594,2.387279194039796,0.005038048550727521,10,11,36,3922,16.184472659463186,0.00023643395029247682,1.0008872998261764,0.6562852601621423,2393,0.005260215095215125,COMPLETE
225,0.6602664587554289,2025-12-10 15:54:36.686559,2025-12-10 15:54:55.376765,0 days 00:00:18.690206,0.4449200244755166,0.8611493903330405,0.893305153090974,2.0330561707204664,0.0050869959488685865,10,11,36,3889,30.06757832783497,0.00036506667154791194,1.0021396986162956,0.6577715543057387,3882,0.004319394289613913,COMPLETE
226,0.6587284018891709,2025-12-10 15:54:55.378768,2025-12-10 15:55:06.417820,0 days 00:00:11.039052,0.4579611260038945,0.8367825670654978,0.8341387120847977,3.2980773228566282,0.004182542589647379,10,11,36,3733,14.554818259660797,0.0002032393004428499,1.0098382201553617,0.6842251721061343,2127,0.0051471149718086235,COMPLETE
227,0.6592036593924343,2025-12-10 15:55:06.419563,2025-12-10 15:55:15.448059,0 days 00:00:09.028496,0.4549048137068826,0.8305887915831034,0.9308302598023406,3.9384146041994907,0.004417621827973217,10,11,31,3732,14.646573863532847,0.00026892451242440274,1.011645976107584,0.6847623747319899,1858,0.004735784729046228,COMPLETE
228,0.6596673309644501,2025-12-10 15:55:15.450062,2025-12-10 15:55:24.794197,0 days 00:00:09.344135,0.44288762293256956,0.8701107702978803,0.8844096305540158,3.43076907434886,0.005128031845239371,10,11,37,3820,18.5064862579517,0.0002499262414107948,0.9780285854252635,0.6478963113912405,2098,0.0045775197160788815,COMPLETE
229,0.6589053227192705,2025-12-10 15:55:24.798202,2025-12-10 15:55:37.441644,0 days 00:00:12.643442,0.46496089260358175,0.8379654583243881,0.85094105173171,3.679277088346259,0.004170715687521298,10,11,33,3920,14.542991558317869,0.0001596631140918733,0.996437580348085,0.6324029238409418,2800,0.005003594608064385,COMPLETE
230,0.6646081921705034,2025-12-10 15:55:37.443647,2025-12-10 15:55:46.268122,0 days 00:00:08.824475,0.43313328361801834,0.8271225911676323,0.831217611900165,3.166524265096614,0.0047369320050071745,9,11,39,3730,11.04593881497114,0.00023468603430165834,0.8040967414542314,0.6782261115036743,1840,0.004663885384221931,COMPLETE
231,0.6588185492039559,2025-12-10 15:55:46.270126,2025-12-10 15:55:58.220130,0 days 00:00:11.950004,0.47705000071063486,0.846295743365276,0.8470866377036931,2.3833212820398693,0.005450578041925845,10,11,35,3869,16.311344376423303,0.0004010110390116346,1.003866284552046,0.6621319425795679,1736,0.005154695605970829,COMPLETE
232,0.6593389884097889,2025-12-10 15:55:58.222135,2025-12-10 15:56:09.861188,0 days 00:00:11.639053,0.491985290364916,0.855782097195752,0.8374783976782477,2.82803715286222,0.00631760555169613,10,11,40,3932,22.27174029282927,0.0002966167800598694,1.0093701075502843,0.6881237464582959,2578,0.004752804278714998,COMPLETE
233,0.6587101226688501,2025-12-10 15:56:09.863202,2025-12-10 15:56:19.884465,0 days 00:00:10.021263,0.4561560086191449,0.8423414426078593,0.8578137563373546,2.4199893120408618,0.0035580962251170038,10,11,38,3820,6.989600844317586,0.00019047848354777973,0.9935359236165135,0.6951508524559312,1437,0.005180083807853666,COMPLETE
234,0.6587500280514268,2025-12-10 15:56:19.886468,2025-12-10 15:56:33.570035,0 days 00:00:13.683567,0.45706926617755606,0.840163297136415,0.8601790898298106,2.4074607371670846,0.003372509067606775,10,11,36,3782,7.422281672438432,0.0001990335258367445,0.9845488538829935,0.6756641451785041,1649,0.0055238718926451545,COMPLETE
235,0.6587672573499721,2025-12-10 15:56:33.572037,2025-12-10 15:56:45.266744,0 days 00:00:11.694707,0.4602623278287717,0.8236702042006461,0.7994830875936844,2.4470500280459255,0.003431033863243239,10,11,29,3762,8.284073934353412,0.000211338140842138,0.9822072122786728,0.6804946335916516,1679,0.005136962059264113,COMPLETE
236,0.6588041565718665,2025-12-10 15:56:45.270763,2025-12-10 15:56:56.891192,0 days 00:00:11.620429,0.4626442764003158,0.8225801880851814,0.8642302120697116,2.322577508101425,0.0046224927150475825,10,11,30,3681,8.808926671812351,0.000164173678737208,0.9684184114411981,0.6935646595218845,1283,0.0054331877536758985,COMPLETE
237,0.6589807708880847,2025-12-10 15:56:56.893003,2025-12-10 15:57:08.186220,0 days 00:00:11.293217,0.45775701744812153,0.8121404076595866,0.8282890024835645,1.9288995956550485,0.0034335699468906696,10,11,28,3777,11.028581150467542,0.00017016193708643818,0.9830873156033857,0.6909195814202117,1567,0.004872325627001386,COMPLETE
238,0.6588589867299947,2025-12-10 15:57:08.186220,2025-12-10 15:57:19.094009,0 days 00:00:10.907789,0.4726297491390573,0.868119443321278,0.8425204493639459,2.475107863406436,0.0033781213438256654,10,11,32,3997,8.177591335056679,0.00019925995578358465,0.9784594897595883,0.6775375937798163,1582,0.0053460088090957775,COMPLETE
239,0.6587537121140221,2025-12-10 15:57:19.095753,2025-12-10 15:57:27.260650,0 days 00:00:08.164897,0.4352546787953702,0.8885331043426996,0.8798524233581213,2.2189956440370966,0.003875978548743486,10,11,34,3796,4.373993113748302,0.000279634666940324,0.9693233416065805,0.682272889424569,1062,0.004823644013106061,COMPLETE
240,0.6634584099532821,2025-12-10 15:57:27.262652,2025-12-10 15:57:43.277340,0 days 00:00:16.014688,0.439946324616166,0.8993592563258579,0.8820405180325804,2.043000232288463,0.0032242348501511217,9,11,34,3727,39.4278382439602,0.00033499324070221,0.9644088863004813,0.6765395494705779,3722,0.0031356219593503916,COMPLETE
241,0.6589099291075421,2025-12-10 15:57:43.279346,2025-12-10 15:57:51.773470,0 days 00:00:08.494124,0.4194491440708749,0.8893896304673241,0.8916374312358996,2.339634612275427,0.004078062401682876,10,11,35,3796,4.622742256617844,0.00013944890613855023,0.9892907532133484,0.6847502876565275,1026,0.0049120501520499415,COMPLETE
242,0.6591378287929592,2025-12-10 15:57:51.775483,2025-12-10 15:58:02.137866,0 days 00:00:10.362383,0.4537742802492125,0.8785412704995313,0.8221446360462118,2.5340508790858314,0.0036213096175283913,10,11,29,3825,3.797131289545601,0.0002816550566391177,0.97220629598889,0.7007646162164949,1085,0.00532875437753091,COMPLETE
243,0.6590740832322907,2025-12-10 15:58:02.139869,2025-12-10 15:58:10.019431,0 days 00:00:07.879562,0.4675478654326204,0.8599866529952557,0.8770027857991327,1.7028106974063366,0.0037281396974073156,10,11,36,3685,3.108860101199908,0.00022464942829179179,0.9911751710431266,0.6692870618378194,924,0.004668404140782298,COMPLETE
244,0.6586004468777469,2025-12-10 15:58:10.019431,2025-12-10 15:58:26.256444,0 days 00:00:16.237013,0.4398442546341895,0.8231461944673539,0.8606454130491583,2.150534193573954,0.003001118103576086,10,11,32,3808,12.26918878726473,0.00018328966811868638,0.9788078063947337,0.6941995087719172,2738,0.005491062016677314,COMPLETE
245,0.6587438823250567,2025-12-10 15:58:26.261953,2025-12-10 15:58:41.537382,0 days 00:00:15.275429,0.43940515964012083,0.8070340186730082,0.8623479822376063,2.2489890719605,0.0032135859767103356,10,11,32,3627,13.011219695394649,0.0001891737725371133,0.9567424765520335,0.6813009682122465,2435,0.005297731647633595,COMPLETE
246,0.6593404254347789,2025-12-10 15:58:41.539385,2025-12-10 15:59:00.686587,0 days 00:00:19.147202,0.43642918731315145,0.8091970740390899,0.8625338906495589,2.1906102715269427,0.0030471879504619568,10,11,31,3772,16.54310169605579,0.00019394318353431095,0.947975888364942,0.6854014907431784,3163,0.004788015539968852,COMPLETE
247,0.6589047416962105,2025-12-10 15:59:00.694353,2025-12-10 15:59:13.552868,0 days 00:00:12.858515,0.41854294536737907,0.8229911853756524,0.897392449848702,2.0514145610423906,0.0039159897098091844,10,11,27,3823,11.672677276496087,0.00014520364337614026,0.9587916055568445,0.6601929839843205,1833,0.005175778013284932,COMPLETE
248,0.6586116355048899,2025-12-10 15:59:13.554871,2025-12-10 15:59:24.957879,0 days 00:00:11.403008,0.442667396541158,0.6090369932991407,0.865605026987167,1.8352645399734677,0.003308266982150098,10,11,33,3735,7.548775919285707,0.00028329833725860307,0.9614314850074271,0.6725033518059966,1756,0.005000270239343105,COMPLETE
249,0.6590910628233778,2025-12-10 15:59:24.959882,2025-12-10 15:59:35.396620,0 days 00:00:10.436738,0.44344828892000626,0.5588907262467105,0.8642177321283134,1.7941128940143323,0.00329332512041961,10,11,32,3639,7.042472368130577,0.0004384290524534163,0.9418538844108746,0.6737919285351361,1561,0.004915891027069367,COMPLETE
250,0.65893661608961,2025-12-10 15:59:35.398623,2025-12-10 15:59:47.931745,0 days 00:00:12.533122,0.42789863221538627,0.500653226402345,0.8772503491531183,1.735869841745422,0.0030351079488100557,10,11,33,3724,8.806364632625368,0.0001981740896649292,0.9627789357699421,0.692492698593766,1970,0.004845689099634835,COMPLETE
251,0.6592844775293069,2025-12-10 15:59:47.933753,2025-12-10 16:00:02.256814,0 days 00:00:14.323061,0.45103186352375924,0.6390054342276916,0.9137037935509317,2.2697812111370115,0.0035948811696741,9,11,28,3824,15.731488697177447,0.00013381662929212455,0.9674045611012374,0.6805504481552521,2201,0.004663037542768751,COMPLETE
252,0.6589092346787969,2025-12-10 16:00:02.258818,2025-12-10 16:00:13.174696,0 days 00:00:10.915878,0.43933696692451224,0.5623346464670365,0.8605981849525474,2.29322516785796,0.0038521881549152632,10,11,30,3763,7.828290699448716,0.0003097965576471142,0.9538414933364524,0.67264117093194,1781,0.005323198783116208,COMPLETE
253,0.6696392742925729,2025-12-10 16:00:13.176698,2025-12-10 16:00:16.599130,0 days 00:00:03.422432,0.41624162966906403,0.6817657021895105,0.7167223394536016,1.6440326516784178,0.003288683952588763,10,12,34,639,23.743787073314284,0.00017962315278953941,0.9731604880741268,0.6942333532541157,638,0.0015142261539379963,COMPLETE
254,0.6587330611434082,2025-12-10 16:00:16.601134,2025-12-10 16:00:28.807996,0 days 00:00:12.206862,0.45624656878694597,0.8818430298184238,0.8436447744902799,1.950224535692997,0.003578003092664954,10,11,38,3887,12.452129211025165,0.00024202573502580093,0.9801346347163968,0.6811650684150512,1977,0.005108630241116911,COMPLETE
255,0.6588101704002695,2025-12-10 16:00:28.809742,2025-12-10 16:00:40.865014,0 days 00:00:12.055272,0.4538035740617954,0.8908927351669402,0.8422635356255261,2.012547298598614,0.0034941402379296115,10,11,37,3883,12.784134362694786,0.000418508064643443,0.9752827688089769,0.6825707033968906,1998,0.005044080017921329,COMPLETE
256,0.6585024763602657,2025-12-10 16:00:40.868761,2025-12-10 16:00:52.999084,0 days 00:00:12.130323,0.4447075920963838,0.875249256333903,0.8592761782958295,1.9292929226979385,0.003923386435017548,10,11,32,3660,9.788255521755131,0.0002409931800098201,0.9809948593474319,0.6688812971158311,1555,0.0050946037093331726,COMPLETE
257,0.6589552329676164,2025-12-10 16:00:53.001087,2025-12-10 16:01:06.129212,0 days 00:00:13.128125,0.4588798343175952,0.47933107673792574,0.8580153488813729,1.9290160745187677,0.0037970382230164395,10,11,30,3600,9.975510385060002,0.0001501712047193349,0.951083715514598,0.6667907017878557,2002,0.004998016764066141,COMPLETE
258,0.6593966136664311,2025-12-10 16:01:06.132961,2025-12-10 16:01:14.737448,0 days 00:00:08.604487,0.43225696721985446,0.8777897681525293,0.8376543978581358,1.9219476847630956,0.0041291878496054965,10,11,26,3656,6.690679125607967,0.0002167490426276831,0.9288624472937269,0.6844309121884028,1083,0.00500964144130144,COMPLETE
259,0.6589339285673141,2025-12-10 16:01:14.739453,2025-12-10 16:01:24.762690,0 days 00:00:10.023237,0.44357529873596907,0.8971703025268806,0.8466722055139587,2.255772961691442,0.0031775452831425666,10,11,33,3705,4.398319477819523,0.00033625856620202974,0.9811053800368252,0.7047365471816671,1245,0.004816258632962169,COMPLETE
260,0.6584836903065316,2025-12-10 16:01:24.764692,2025-12-10 16:01:38.216358,0 days 00:00:13.451666,0.45713903967343283,0.8723708652073503,0.8303944594726138,1.5584008524468123,0.003430070423723011,10,11,23,3796,10.031790229636153,0.0002622240051568769,0.962484666421389,0.6927971880729837,1764,0.004971967908481837,COMPLETE
261,0.6588410688816696,2025-12-10 16:01:38.218361,2025-12-10 16:01:46.683202,0 days 00:00:08.464841,0.6119712124983614,0.8774035018939984,0.83032445307646,1.5193706144457018,0.0036405158119512675,10,12,39,3858,2.658732299610101,0.0003018337728506177,0.961586890203782,0.6970524648652473,1084,0.004790088996186827,COMPLETE
262,0.6586426849012281,2025-12-10 16:01:46.685204,2025-12-10 16:02:00.750102,0 days 00:00:14.064898,0.42794128962771094,0.8672312008635776,0.8616222318607545,1.6530538963160013,0.0038192646516916804,10,11,26,3830,10.162167831337333,0.00012939219241012802,0.9654716831143407,0.68994291915359,1608,0.004873549135673463,COMPLETE
263,0.6589055252243659,2025-12-10 16:02:00.752104,2025-12-10 16:02:12.908017,0 days 00:00:12.155913,0.4285282768576913,0.8654687789748916,0.8724977957961676,1.6111290157188032,0.004077727259981213,10,11,22,3814,12.0519684319503,0.0001313761455606113,0.94683510114652,0.66871494961164,1565,0.004962346328516456,COMPLETE
264,0.6591424630651929,2025-12-10 16:02:12.910019,2025-12-10 16:02:25.976675,0 days 00:00:13.066656,0.42042032421988956,0.611687093647218,0.8517830489592172,1.9240745006664577,0.003231768785551322,10,11,26,3718,10.166441567297078,0.00012720433986397308,0.9354990750363391,0.6021685913070348,2237,0.0050054707554549474,COMPLETE
265,0.658945306423002,2025-12-10 16:02:25.980681,2025-12-10 16:02:35.269566,0 days 00:00:09.288885,0.43555490333726965,0.8860624586914067,0.8629396277449979,2.7736256899898657,0.003751242540077245,10,11,23,3918,6.7556345287541815,0.00017536113171754875,0.9627427742609374,0.6913767609681015,1276,0.0047949057568150814,COMPLETE
266,0.6593743987711529,2025-12-10 16:02:35.271568,2025-12-10 16:02:48.007179,0 days 00:00:12.735611,0.4499845456622902,0.8689500228711503,0.8244153244807997,1.771367166447543,0.004280561961656672,10,11,24,3835,20.586387021641976,0.0002630530076898005,0.9704415125850612,0.6707632750019187,2559,0.004788145767940806,COMPLETE
267,0.6592195539216978,2025-12-10 16:02:48.009184,2025-12-10 16:03:00.818512,0 days 00:00:12.809328,0.48986476294582915,0.8853296432656184,0.8410826555457435,2.160919548122596,0.0034583763416654984,10,12,33,3774,5.0431993565443785,0.0004667260614707811,0.9597194550584436,0.7066907142428238,1342,0.0053534657453237905,COMPLETE
268,0.658907875878614,2025-12-10 16:03:00.818512,2025-12-10 16:03:12.097584,0 days 00:00:11.279072,0.4555448980408642,0.8603261224892691,0.8622001090046649,3.112507120621614,0.0038964389635816428,10,11,42,3916,12.705230549302073,0.00017758616099931973,0.9791754384099188,0.6887498930066014,2200,0.0047977139165597425,COMPLETE
269,0.6586813380407084,2025-12-10 16:03:12.099592,2025-12-10 16:03:24.944209,0 days 00:00:12.844617,0.42729869567207407,0.9010430810628892,0.7400609182513849,1.3363974158380092,0.003108555125080706,10,11,30,3659,8.880208570212707,0.0002684639295313863,0.9854285190754263,0.6774147521511679,1783,0.005151691495840348,COMPLETE
270,0.6591661213055313,2025-12-10 16:03:24.946212,2025-12-10 16:03:39.102455,0 days 00:00:14.156243,0.4123237095232021,0.8977723764379181,0.7438302899089468,1.3497558329930461,0.003014819944154491,10,11,18,3559,7.009644460407181,0.00010347922228972759,0.9530051943937977,0.6781369425413255,1497,0.005023782615222267,COMPLETE
271,0.6584790764978998,2025-12-10 16:03:39.104457,2025-12-10 16:03:55.816733,0 days 00:00:16.712276,0.4254795144496951,0.9061058775773708,0.7578393035116253,1.542951807212783,0.0032213392228950606,10,11,28,3702,9.64986215326274,0.00034404847356608165,0.9707840795623671,0.6965121501357491,1962,0.005282276514301564,COMPLETE
272,0.6590038493161184,2025-12-10 16:03:55.818736,2025-12-10 16:04:10.694037,0 days 00:00:14.875301,0.4240127202760413,0.9042520356646254,0.7547448124994258,1.2715258438168586,0.0031947152414508284,6,12,27,3633,9.901226944369851,0.00036806702758298144,0.9133090323297791,0.6989741503184539,1998,0.005162425477911449,COMPLETE
273,0.6586044067026647,2025-12-10 16:04:10.696039,2025-12-10 16:04:22.451350,0 days 00:00:11.755311,0.4805104239392668,0.8715611525886581,0.7314708285194167,1.5708039384014292,0.003428163390448238,9,11,30,3678,8.481429308411187,0.000565409052859409,0.9851994952673686,0.7142320569660734,1556,0.005015628333768108,COMPLETE
274,0.658436117618985,2025-12-10 16:04:22.453353,2025-12-10 16:04:36.739841,0 days 00:00:14.286488,0.4825104950147812,0.5356856141617308,0.7308756782378463,1.4498474327533006,0.003016870495556523,9,11,30,3685,10.119256900793083,0.0005982658901386167,0.9876527227157362,0.7163104054414156,2197,0.0049524491654582455,COMPLETE
275,0.6583821451250268,2025-12-10 16:04:36.741843,2025-12-10 16:04:53.589642,0 days 00:00:16.847799,0.49564712722426746,0.5167650364614672,0.7352080231705888,1.4509642170432797,0.0030345246734285445,9,11,21,3731,9.675780562168026,0.0005649208332173456,0.985749694296846,0.7152171411089452,2144,0.005090193620938395,COMPLETE
276,0.6588707587150626,2025-12-10 16:04:53.593655,2025-12-10 16:05:07.961057,0 days 00:00:14.367402,0.500250115552631,0.5318676273181284,0.7254562181148503,1.4796400866463941,0.003017254947575709,9,11,17,1810,9.505292666779114,0.0004928099082778222,0.9861948292932047,0.721150357501471,1809,0.004646344979011665,COMPLETE
277,0.6586559661052599,2025-12-10 16:05:07.963059,2025-12-10 16:05:19.990938,0 days 00:00:12.027879,0.4818408668086384,0.5914186188136589,0.7355259866038808,1.5710154423656777,0.003560183347377293,9,11,21,3693,9.824007117723434,0.0005983974535161001,0.9757095415248381,0.714130246057899,1752,0.0048190945763894235,COMPLETE
278,0.6587587172946895,2025-12-10 16:05:19.992942,2025-12-10 16:05:34.669577,0 days 00:00:14.676635,0.49356638548676546,0.524794113250121,0.7377927104061527,1.3646888805313542,0.0030473882393256646,9,11,23,3578,9.432400844010019,0.0007907227640003758,0.9682166834971995,0.7174786837551,2094,0.005318396496778527,COMPLETE
279,0.6590989625516903,2025-12-10 16:05:34.671579,2025-12-10 16:05:47.689822,0 days 00:00:13.018243,0.48495860742109814,0.6038793608307114,0.754285573145932,1.5040085384105288,0.0034154652197341175,9,12,20,3650,6.635429514923698,0.0007820636267574642,0.9866703167656349,0.7142369346973354,1459,0.005120363988817756,COMPLETE
280,0.6585217924419074,2025-12-10 16:05:47.691824,2025-12-10 16:06:03.830933,0 days 00:00:16.139109,0.4774082818115515,0.5502146999630669,0.731486017614738,1.719573670544594,0.003304156262335461,9,11,24,3660,9.027619360773514,0.0006070738157455765,0.9914580284004525,0.708770966457516,2009,0.004929576472583584,COMPLETE
281,0.6586210896522943,2025-12-10 16:06:03.834685,2025-12-10 16:06:15.051489,0 days 00:00:11.216804,0.48579810484430747,0.5486688365881447,0.7246023218170425,1.6533609327751608,0.0032803618940113436,9,6,16,1664,8.661432607298417,0.0005856548284291391,0.9909102834318588,0.7056218009535153,1652,0.004672775015787492,COMPLETE
282,0.6588728900415323,2025-12-10 16:06:15.053495,2025-12-10 16:06:30.277528,0 days 00:00:15.224033,0.5003882888990044,0.8730457412271787,0.7375244297869281,1.663287697715216,0.003279453468095465,9,11,13,3679,7.749451961437456,0.0006172388157053062,0.9752946645182475,0.7035372975806601,1441,0.005359461343988571,COMPLETE
283,0.6590609158273828,2025-12-10 16:06:30.279532,2025-12-10 16:06:40.923622,0 days 00:00:10.644090,0.4791988400268482,0.579797585990506,0.7232414339305209,1.7840329623666156,0.0034685652278876053,9,5,16,1728,5.796532841847743,0.0005881526602931535,0.9924530323410145,0.7120331312877305,1521,0.005364268513307928,COMPLETE
284,0.6586618111672664,2025-12-10 16:06:40.924626,2025-12-10 16:06:55.892102,0 days 00:00:14.967476,0.4821309911966235,0.5476477923747333,0.7313132387723342,1.244160624407551,0.003065761938180475,9,5,21,2084,9.493099435679653,0.0005619358045409991,0.9723105575606216,0.7186706463842523,2077,0.005192991875306729,COMPLETE
285,0.6594734882497816,2025-12-10 16:06:55.894104,2025-12-10 16:07:05.846782,0 days 00:00:09.952678,0.48559736180240887,0.5443625605029175,0.7317774570797981,1.4972711801002108,0.0030334058158638867,9,6,21,1471,9.735852451171725,0.0006628349553015046,0.9688973981755488,0.7214903756253424,1469,0.004147663168076063,COMPLETE
286,0.6592970300639038,2025-12-10 16:07:05.846782,2025-12-10 16:07:15.333648,0 days 00:00:09.486866,0.49886731107015114,0.5730385605022099,0.7092360802949305,1.114249727856969,0.0032606191611764127,9,5,25,1637,10.147306978544162,0.0005480297858237581,0.9461497167995281,0.7086937463703935,1632,0.004266727620028527,COMPLETE
287,0.6589757537777834,2025-12-10 16:07:15.335651,2025-12-10 16:07:26.653134,0 days 00:00:11.317483,0.47845855851060537,0.5159136701544724,0.7636020997659854,1.1396754060535756,0.003007978797166985,9,6,11,1566,8.23568867663005,0.0008653656896505301,0.9758396403827145,0.7218050306594892,1561,0.004835466936975075,COMPLETE
288,0.6588025730686914,2025-12-10 16:07:26.655138,2025-12-10 16:07:39.526707,0 days 00:00:12.871569,0.4918950589284728,0.5432816540940562,0.7471574814043006,1.651175913747809,0.0036271308997312146,9,5,17,2522,14.049368910066248,0.000518346561578114,0.9621143351642734,0.7062687165885629,2492,0.004885827212071173,COMPLETE
289,0.660635563737365,2025-12-10 16:07:39.528712,2025-12-10 16:07:51.270011,0 days 00:00:11.741299,0.4737320723543352,0.5445680265928684,0.7201503468667898,1.3239462807893778,0.0033134288272972105,9,11,21,2082,18.896724286436264,0.0007153824625763793,0.9860762983277063,0.7239312990859402,2081,0.003748889328030791,COMPLETE
290,0.6594219718695421,2025-12-10 16:07:51.272016,2025-12-10 16:08:02.285354,0 days 00:00:11.013338,0.48176518050273015,0.5113976420884415,0.7320254884327582,1.7664553458021766,0.0035842836221169237,8,12,14,1337,10.9101638925465,0.0004383442912320176,0.9809175383247719,0.7019969444576722,1336,0.004402465693226126,COMPLETE
291,0.6589196954363209,2025-12-10 16:08:02.285354,2025-12-10 16:08:14.919039,0 days 00:00:12.633685,0.5072153339944583,0.5698070427972078,0.7474162737405953,1.1427347301585054,0.0032601267931553287,9,6,23,2117,7.4938137153943885,0.0005011933656200988,0.9683291174319619,0.7127758281766822,1731,0.00508236508418666,COMPLETE
292,0.6589007886388794,2025-12-10 16:08:14.921047,2025-12-10 16:08:24.139083,0 days 00:00:09.218036,0.494629551424415,0.6191965196933191,0.7390737788410946,1.8826625150918233,0.003749837041956604,9,11,19,1241,6.016931851130938,0.3262102113299034,0.989668592895279,0.5803364200586167,1237,0.004752303584865723,COMPLETE
293,0.6589220385845456,2025-12-10 16:08:24.141085,2025-12-10 16:08:37.759071,0 days 00:00:13.617986,0.4124041272249169,0.548121569975776,0.7745811332722139,1.5244158722419496,0.0034904927428373723,9,11,27,3576,11.408461850270408,0.00039290179232112253,0.9537096441243462,0.7309869263621911,2295,0.004719419112031759,COMPLETE
294,0.6591929670066821,2025-12-10 16:08:37.761080,2025-12-10 16:08:52.725036,0 days 00:00:14.963956,0.4665961259745911,0.5293712048311047,0.7127343257312564,1.6507722988476412,0.0030230671097316434,9,11,25,3677,8.526700982272963,0.0008980016306389638,0.9410217447413429,0.7002300081265679,2201,0.004913749692230741,COMPLETE
295,0.659045775303,2025-12-10 16:08:52.729058,2025-12-10 16:09:10.937031,0 days 00:00:18.207973,0.5235612352150042,0.5559822466247123,0.7245558051359827,1.2887973878770667,0.003309007233265438,9,11,21,3994,15.356685592010795,0.0006668608254364765,0.9741288675034363,0.6122856579292079,3052,0.00485004732065052,COMPLETE
296,0.6587869251711258,2025-12-10 16:09:10.939034,2025-12-10 16:09:22.127878,0 days 00:00:11.188844,0.47841540885142614,0.5134374476395505,0.7588742682469185,1.9415759680009659,0.003807137882984911,9,12,28,1940,6.731498495475511,0.0005666173854992842,0.9922023972490931,0.718617963153276,1419,0.004825328505146008,COMPLETE
297,0.6600401960488509,2025-12-10 16:09:22.131631,2025-12-10 16:09:34.274132,0 days 00:00:12.142501,0.425639065787282,0.5525345812187648,0.7299829561742226,1.9708324916890712,0.0032300363867568123,9,11,9,2027,0.0002730990818369948,0.00034857011888276076,0.9793658200986862,0.6273300074471827,855,0.005098285519012223,COMPLETE
298,0.6587632734741992,2025-12-10 16:09:34.276135,2025-12-10 16:09:47.559271,0 days 00:00:13.283136,0.47072015406085865,0.5385047235987482,0.7457132802815576,1.063089241747359,0.0035712524546833205,9,11,25,3711,11.57537393227764,0.0009711730123299863,0.9599219941855154,0.6977037137040547,1960,0.00484467578477855,COMPLETE
299,0.6587278850064922,2025-12-10 16:09:47.561017,2025-12-10 16:10:04.384676,0 days 00:00:16.823659,0.5064548131098224,0.5786342995724353,0.7144918994905065,1.544360530816104,0.003233976485372659,8,11,29,2378,8.972691072158321,0.00040369407996241995,0.9907355605633309,0.710076191715887,2007,0.0052256233004551915,COMPLETE
