player,multiplier,date,matchup,team,is_home,inj_diff,inj_abs,shap_diff,shap_abs,shap_elo_int,total_shap,pred_home_win,actual_home_win,correct,abs_shap
Giannis Antetokounmpo,3.0,2024-10-23,MIL @ PHI,MIL,False,-1.5182954907725925,25.72403787152051,-0.036564652,-0.17225008,-0.029011345,-0.23782606,0.20096599,0,True,0.23782606
Giannis Antetokounmpo,3.0,2024-10-25,CHI @ MIL,MIL,True,8.352741634240303,21.647258365759697,-0.19238153,-0.06293206,-0.06328786,-0.31860143,0.46701837,0,True,0.31860143
Giannis Antetokounmpo,3.0,2024-10-27,MIL @ BKN,MIL,False,-9.288983308788026,20.711016691211974,0.25749204,0.12373227,0.05030628,0.4315306,0.57604265,1,True,0.4315306
Giannis Antetokounmpo,3.0,2024-10-28,MIL @ BOS,MIL,False,-10.476670252997613,19.29495954101793,0.1677628,-0.02410616,0.018915936,0.16257258,0.96164167,1,True,0.16257258
Giannis Antetokounmpo,3.0,2024-10-31,MIL @ MEM,MIL,False,-2.1226670731115576,27.877332926888442,-0.0010939166,0.34201676,0.011108208,0.35203105,0.8226458,1,True,0.35203105
Giannis Antetokounmpo,3.0,2024-11-02,CLE @ MIL,MIL,True,7.103397907813736,22.896602092186264,-0.056570068,-0.0058497367,-0.053230364,-0.11565017,0.18884104,0,True,0.11565017
Giannis Antetokounmpo,3.0,2024-11-04,MIL @ CLE,MIL,False,-6.961377637705247,23.038622362294753,0.044077843,-0.09832077,0.03674447,-0.017498452,0.82706064,1,True,0.017498452
Giannis Antetokounmpo,3.0,2024-11-07,UTA @ MIL,MIL,True,1.7333907031696825,28.266609296830318,0.018891841,0.16227089,-0.016339717,0.16482301,0.8867642,1,True,0.16482301
Giannis Antetokounmpo,3.0,2024-11-08,MIL @ NYK,MIL,False,-7.473399851253914,22.526600148746084,0.06079714,-0.003477857,0.0039772107,0.061296493,0.83974487,1,True,0.061296493
Giannis Antetokounmpo,3.0,2024-11-10,BOS @ MIL,MIL,True,3.2991861959097957,26.700813804090203,-0.060049996,0.00931097,-0.13864242,-0.18938145,0.2198078,0,True,0.18938145
Giannis Antetokounmpo,3.0,2024-11-12,TOR @ MIL,MIL,True,0.738494242381158,29.261505757618842,0.012370729,0.25761127,0.01061992,0.28060192,0.8590802,1,True,0.28060192
Giannis Antetokounmpo,3.0,2024-11-13,DET @ MIL,MIL,True,6.12727194338148,23.87272805661852,-0.051218078,-0.060975786,-0.05195742,-0.16415128,0.733372,1,True,0.16415128
Giannis Antetokounmpo,3.0,2024-11-16,MIL @ CHA,MIL,False,-3.8795600324667916,26.12043996753321,0.00098916,0.12480439,-0.016455263,0.10933828,0.71024245,1,True,0.10933828
Giannis Antetokounmpo,3.0,2024-11-18,HOU @ MIL,MIL,True,11.442433339683992,18.557566660316006,0.051197942,0.07938941,0.10763063,0.23821798,0.810929,1,True,0.23821798
Giannis Antetokounmpo,3.0,2024-11-20,CHI @ MIL,MIL,True,7.8557583386487835,22.144241661351217,0.11809343,-0.06364837,0.067170784,0.12161584,0.7629651,1,True,0.12161584
Giannis Antetokounmpo,3.0,2024-11-22,IND @ MIL,MIL,True,3.6609520502231074,26.33904794977689,-0.017321806,0.0023987063,-0.08264418,-0.09756728,0.73818797,1,True,0.09756728
Giannis Antetokounmpo,3.0,2024-11-23,CHA @ MIL,MIL,True,0.7405898194377336,29.259410180562266,0.02239392,0.14262624,0.023618128,0.1886383,0.9025999,1,True,0.1886383
Giannis Antetokounmpo,3.0,2024-11-26,MIL @ MIA,MIL,False,-7.850170222549783,22.149829777450215,0.078309506,-0.08241563,0.011258753,0.0071526263,0.24710861,0,True,0.0071526263
Giannis Antetokounmpo,3.0,2024-11-30,WAS @ MIL,MIL,True,8.865395703451727,21.134604296548275,-0.102651976,0.06369868,-0.043263767,-0.08221707,0.916719,1,True,0.08221707
Giannis Antetokounmpo,3.0,2024-12-03,MIL @ DET,MIL,False,-10.525650413143037,19.474349586856963,0.11978216,0.046938807,-0.06813727,0.09858368,0.23053837,0,True,0.09858368
Giannis Antetokounmpo,3.0,2024-12-04,ATL @ MIL,MIL,True,4.31817888170681,25.68182111829319,-0.058836337,-0.2639442,-0.049570553,-0.3723511,0.18535855,0,True,0.3723511
Giannis Antetokounmpo,3.0,2024-12-06,MIL @ BOS,MIL,False,-1.0987133184748714,28.90128668152513,-0.009338415,0.010183663,0.019264814,0.020110061,0.74845815,1,True,0.020110061
Giannis Antetokounmpo,3.0,2024-12-08,MIL @ BKN,MIL,False,-4.482047177070669,25.51795282292933,0.017206267,-0.0028136692,-0.0006964066,0.013696191,0.2493214,0,True,0.013696191
Giannis Antetokounmpo,3.0,2024-12-10,ORL @ MIL,MIL,True,4.697339536794596,25.302660463205406,0.024318337,-0.02556026,0.0002623326,-0.0009795898,0.8764142,1,True,0.0009795898
Giannis Antetokounmpo,3.0,2024-12-14,MIL @ ATL,MIL,False,0.06444380483258705,29.935556195167415,-0.037804,0.2969311,0.015160634,0.2742877,0.20315933,0,True,0.2742877
Giannis Antetokounmpo,3.0,2024-12-20,MIL @ CLE,MIL,False,-7.8728321963541905,22.12716780364581,0.14276724,0.027845193,0.056040715,0.22665314,0.8041692,1,True,0.22665314
Giannis Antetokounmpo,3.0,2024-12-21,WAS @ MIL,MIL,True,10.585380727419516,19.414619272580484,-0.046588585,0.017445974,0.057093844,0.027951233,0.9128297,1,True,0.027951233
Giannis Antetokounmpo,3.0,2024-12-23,MIL @ CHI,MIL,False,-5.5428241186930265,24.457175881306974,-0.041517917,-0.026355177,-0.058629144,-0.12650223,0.20214824,0,True,0.12650223
Giannis Antetokounmpo,3.0,2024-12-26,BKN @ MIL,MIL,True,1.0558829638698874,28.944117036130113,-0.0823702,-0.038337804,-0.01318529,-0.1338933,0.38883138,0,True,0.1338933
Giannis Antetokounmpo,3.0,2024-12-28,MIL @ CHI,MIL,False,-1.7769649811576844,28.223035018842317,-0.0045566885,0.44137293,-0.028124422,0.40869182,0.7283023,1,True,0.40869182
Giannis Antetokounmpo,3.0,2024-12-31,MIL @ IND,MIL,False,-4.09322662564197,25.906773374358032,-0.081262745,-0.076425545,-0.040820602,-0.19850889,0.28764498,0,True,0.19850889
Giannis Antetokounmpo,3.0,2025-01-02,BKN @ MIL,MIL,True,0.6477866552020775,29.352213344797924,-0.027108803,-0.012367193,-0.015377008,-0.054853003,0.20325258,0,True,0.054853003
Giannis Antetokounmpo,3.0,2025-01-04,POR @ MIL,MIL,True,7.4688832138203285,22.531116786179673,-0.05037779,-0.07406228,0.026203306,-0.09823677,0.21205896,0,True,0.09823677
Giannis Antetokounmpo,3.0,2025-01-06,MIL @ TOR,MIL,False,-12.725782875186233,17.274217124813767,0.26804212,-0.020007253,0.09140879,0.33944365,0.27926454,0,True,0.33944365
Giannis Antetokounmpo,3.0,2025-01-08,SAS @ MIL,MIL,True,8.059059206896087,21.940940793103913,0.005021426,-0.022279209,0.047725633,0.03046785,0.9038048,1,True,0.03046785
Giannis Antetokounmpo,3.0,2025-01-10,MIL @ ORL,MIL,False,-2.8202994083796913,27.17970059162031,0.0138711,-0.093219265,-0.015031194,-0.09437936,0.117873445,0,True,0.09437936
Giannis Antetokounmpo,3.0,2025-01-12,MIL @ NYK,MIL,False,-9.488976865485967,20.511023134514033,0.38349065,0.09862588,0.10607879,0.5881953,0.79437095,1,True,0.5881953
Giannis Antetokounmpo,3.0,2025-01-14,SAC @ MIL,MIL,True,10.67674848237957,19.323251517620427,-0.05996946,0.037091788,0.13710889,0.11423122,0.6411615,1,True,0.11423122
Giannis Antetokounmpo,3.0,2025-01-15,ORL @ MIL,MIL,True,0.0,30.0,0.006699695,0.118904956,0.004527607,0.13013226,0.86556816,1,True,0.13013226
Giannis Antetokounmpo,3.0,2025-01-17,TOR @ MIL,MIL,True,4.040625104340052,25.95937489565995,-0.044374704,0.10537864,-0.055744268,0.0052596703,0.86801285,1,True,0.0052596703
Giannis Antetokounmpo,3.0,2025-01-19,PHI @ MIL,MIL,True,0.0,30.0,0.009351635,0.24182077,0.008083477,0.25925586,0.8844507,1,True,0.25925586
Giannis Antetokounmpo,3.0,2025-01-23,MIA @ MIL,MIL,True,0.7582293856899387,29.241770614310063,0.02557104,0.20843334,0.03162037,0.26562476,0.9510412,1,True,0.26562476
Giannis Antetokounmpo,3.0,2025-01-25,MIL @ LAC,MIL,False,-6.315419331720781,23.684580668279217,-0.02150099,0.00049358606,0.013466211,-0.0075411927,0.5130653,1,True,0.0075411927
Giannis Antetokounmpo,3.0,2025-01-27,MIL @ UTA,MIL,False,0.0,30.0,-0.016994165,0.16525005,0.026283018,0.17453891,0.17128384,0,True,0.17453891
Giannis Antetokounmpo,3.0,2025-01-31,MIL @ SAS,MIL,False,-10.122126858215662,19.877873141784338,0.16386709,0.045763142,-0.017272402,0.19235782,0.17190194,1,False,0.19235782
Giannis Antetokounmpo,3.0,2025-02-02,MEM @ MIL,MIL,True,2.7743180861697816,27.22568191383022,0.027620059,0.009568713,-0.057954744,-0.020765971,0.6492609,0,False,0.020765971
Giannis Antetokounmpo,3.0,2025-02-03,MIL @ OKC,MIL,False,-3.0413162131605986,26.9586837868394,-0.013030799,0.109030664,-0.007895813,0.088104054,0.46424025,1,False,0.088104054
Giannis Antetokounmpo,3.0,2025-02-05,MIL @ CHA,MIL,False,-1.844693022832912,28.155306977167086,0.002154242,0.2348397,0.020348554,0.2573425,0.39436784,0,True,0.2573425
Giannis Antetokounmpo,3.0,2025-02-07,MIL @ ATL,MIL,False,0.0,30.0,-0.0013995795,0.1842264,0.022264212,0.20509103,0.51143765,1,True,0.20509103
Giannis Antetokounmpo,3.0,2025-02-09,PHI @ MIL,MIL,True,-1.2568819050224622,28.74311809497754,-0.024755312,0.1921413,-0.01015569,0.15723029,0.7237535,1,True,0.15723029
Giannis Antetokounmpo,3.0,2025-02-10,GSW @ MIL,MIL,True,4.995146617649091,25.00485338235091,-0.07875791,-0.061203428,-0.029111907,-0.16907324,0.5323345,0,False,0.16907324
Giannis Antetokounmpo,3.0,2025-02-12,MIL @ MIN,MIL,False,-4.221633041555485,25.778366958444515,-0.031775553,0.0013563881,-0.016786456,-0.04720562,0.37154055,0,True,0.04720562
Giannis Antetokounmpo,3.0,2025-02-20,LAC @ MIL,MIL,True,8.137482505911404,21.862517494088596,-0.04446168,-0.120839775,-0.06520044,-0.23050189,0.48674658,1,False,0.23050189
Giannis Antetokounmpo,3.0,2025-02-21,MIL @ WAS,MIL,False,-7.772299608532393,22.227700391467607,0.040950965,0.0077923597,0.0647864,0.11352973,0.49351174,0,True,0.11352973
Giannis Antetokounmpo,3.0,2025-02-23,MIA @ MIL,MIL,True,4.812735631043944,25.187264368956058,-0.116338275,0.0764218,-0.08280612,-0.122722596,0.8053939,1,True,0.122722596
Giannis Antetokounmpo,3.0,2025-02-25,MIL @ HOU,MIL,False,-3.9143368646861454,26.085663135313855,-0.00037239556,0.12783869,-0.010342876,0.11712342,0.34228745,1,False,0.11712342
Giannis Antetokounmpo,3.0,2025-02-27,DEN @ MIL,MIL,True,4.328056739643268,25.4428197572119,-0.06958783,-0.02711675,-0.063611805,-0.16031638,0.40754998,1,False,0.16031638
Giannis Antetokounmpo,3.0,2025-03-01,MIL @ DAL,MIL,False,0.0,30.0,-0.013908078,0.2975124,0.025156591,0.3087609,0.28595328,0,True,0.3087609
Giannis Antetokounmpo,3.0,2025-03-04,MIL @ ATL,MIL,False,-4.433419949609025,25.566580050390975,-0.019574348,-0.034315858,-0.02543643,-0.07932664,0.30852786,0,True,0.07932664
Giannis Antetokounmpo,3.0,2025-03-05,DAL @ MIL,MIL,True,0.0,30.0,-0.006843957,0.26727346,0.0034941768,0.26392367,0.66199726,1,True,0.26392367
Giannis Antetokounmpo,3.0,2025-03-08,ORL @ MIL,MIL,True,9.240264626886622,20.75973537311338,-0.08110899,0.08026306,0.04415716,0.043311235,0.77008104,0,False,0.043311235
Giannis Antetokounmpo,3.0,2025-03-09,CLE @ MIL,MIL,True,11.226194553388941,18.77380544661106,-0.040411502,-0.016077047,0.031705186,-0.024783365,0.35513324,0,True,0.024783365
Giannis Antetokounmpo,3.0,2025-03-11,MIL @ IND,MIL,False,-4.541634966493813,25.458365033506187,-0.010714905,0.039377917,-0.0711002,-0.04243719,0.2491365,1,False,0.04243719
Giannis Antetokounmpo,3.0,2025-03-13,LAL @ MIL,MIL,True,0.0,30.0,-0.0064100344,0.33562386,0.00722504,0.33643886,0.76136273,1,True,0.33643886
Giannis Antetokounmpo,3.0,2025-03-15,IND @ MIL,MIL,True,8.058631362776357,21.941368637223643,-0.016359784,-0.11863566,-0.037602447,-0.17259789,0.67942995,1,True,0.17259789
Giannis Antetokounmpo,3.0,2025-03-16,OKC @ MIL,MIL,True,0.9505728280291521,29.049427171970848,0.0032353632,0.12415023,-0.0057176696,0.12166793,0.3743501,0,True,0.12166793
Giannis Antetokounmpo,3.0,2025-03-18,MIL @ GSW,MIL,False,-15.0,15.0,0.40433425,-0.0027535341,0.17558102,0.5771617,0.40398523,1,False,0.5771617
Giannis Antetokounmpo,3.0,2025-03-20,MIL @ LAL,MIL,False,-15.0,15.0,0.32603946,-0.05363136,0.11790018,0.39030826,0.4702257,0,True,0.39030826
Giannis Antetokounmpo,3.0,2025-03-22,MIL @ SAC,MIL,False,-10.75505116045867,19.24494883954133,0.23612575,-0.02249258,-0.040822905,0.17281027,0.2888584,0,True,0.17281027
Giannis Antetokounmpo,3.0,2025-03-24,MIL @ PHX,MIL,False,-5.859217638939816,24.140782361060182,-0.025853423,-0.055355255,-0.055694383,-0.13690306,0.35590124,1,False,0.13690306
Giannis Antetokounmpo,3.0,2025-03-26,MIL @ DEN,MIL,False,0.0,30.0,-0.005715508,0.117809236,0.005696891,0.117790624,0.6303856,1,True,0.117790624
Giannis Antetokounmpo,3.0,2025-03-28,NYK @ MIL,MIL,True,6.4564330043506395,23.54356699564936,-0.084549636,0.018728293,-0.10942306,-0.1752444,0.69146264,0,False,0.1752444
Giannis Antetokounmpo,3.0,2025-03-30,ATL @ MIL,MIL,True,0.0,30.0,-0.012760749,0.1537203,0.012412234,0.1533718,0.55525607,0,False,0.1533718
Giannis Antetokounmpo,3.0,2025-04-01,PHX @ MIL,MIL,True,1.7177303814095453,28.282269618590455,0.0725304,0.29705927,0.04206993,0.4116596,0.8362188,1,True,0.4116596
Giannis Antetokounmpo,3.0,2025-04-03,MIL @ PHI,MIL,False,0.0,30.0,-0.017002845,0.38796312,0.0254352,0.39639547,0.33021182,0,True,0.39639547
Giannis Antetokounmpo,3.0,2025-04-05,MIL @ MIA,MIL,False,-2.410959836158799,27.5890401638412,-0.01929451,0.15353778,0.0057953233,0.1400386,0.21566021,0,True,0.1400386
Giannis Antetokounmpo,3.0,2025-04-06,MIL @ NOP,MIL,False,0.0,30.0,-0.017350065,0.2641475,0.022920458,0.26971787,0.121529415,0,True,0.26971787
Giannis Antetokounmpo,3.0,2025-04-08,MIN @ MIL,MIL,True,13.672209026128266,16.327790973871736,0.010663101,0.038891535,0.03727277,0.08682741,0.66265315,1,True,0.08682741
Giannis Antetokounmpo,3.0,2025-04-10,NOP @ MIL,MIL,True,0.0,30.0,0.0028825272,0.19913335,0.018173981,0.22018985,0.928691,1,True,0.22018985
Giannis Antetokounmpo,3.0,2025-04-11,MIL @ DET,MIL,False,-3.8672164807944753,26.132783519205525,0.060644086,0.13188231,-0.013598064,0.17892833,0.2770369,0,True,0.17892833
Giannis Antetokounmpo,3.0,2025-04-13,DET @ MIL,MIL,True,6.235737575102117,23.764262424897883,-0.009585034,-0.010372671,-0.052481856,-0.072439566,0.611208,1,True,0.072439566
Nikola Jokic,2.8,2024-11-15,DEN @ NOP,DEN,False,-1.1681263010467156,28.831873698953284,-0.010924311,0.43601087,0.007852999,0.43293956,0.64895964,1,True,0.43293956
Nikola Jokic,2.8,2024-11-17,DEN @ MEM,DEN,False,-7.049020225066412,22.950979774933586,0.08276987,0.12112949,0.03955232,0.24345167,0.74343544,1,True,0.24345167
Nikola Jokic,2.8,2024-11-19,DEN @ MEM,DEN,False,-4.930255379460711,25.06974462053929,-0.010328215,0.07669055,-0.03278652,0.033575818,0.4393468,0,True,0.033575818
Nikola Jokic,2.8,2024-11-22,DAL @ DEN,DEN,True,0.0,30.0,-0.008028393,0.109004915,0.019252356,0.12022887,0.32565454,0,True,0.12022887
Nikola Jokic,2.8,2025-01-10,BKN @ DEN,DEN,True,0.45718712976051634,29.542812870239484,0.027932495,0.1353435,0.027559625,0.19083562,0.93437195,1,True,0.19083562
Nikola Jokic,2.8,2025-01-12,DEN @ DAL,DEN,False,0.0,30.0,-0.03096278,0.08100753,0.014275847,0.0643206,0.18463926,0,True,0.0643206
Nikola Jokic,2.8,2025-01-14,DEN @ DAL,DEN,False,0.0,30.0,-0.022904886,0.22437386,0.0092204735,0.21068946,0.22972941,0,True,0.21068946
Nikola Jokic,2.8,2025-01-17,DEN @ MIA,DEN,False,-6.720400442873229,23.279599557126772,-0.05769237,-0.06864909,-0.028183943,-0.1545254,0.15094988,0,True,0.1545254
Nikola Jokic,2.8,2025-01-19,DEN @ ORL,DEN,False,-2.512179172864469,27.48782082713553,0.03529933,0.059412733,-0.025392657,0.069319405,0.24407528,0,True,0.069319405
Nikola Jokic,2.8,2025-03-05,SAC @ DEN,DEN,True,7.723961163028266,22.276038836971736,-0.005822435,-0.085954085,-0.04449669,-0.1362732,0.59589225,1,True,0.1362732
Nikola Jokic,2.8,2025-03-07,PHX @ DEN,DEN,True,7.573704362245493,22.426295637754507,-0.0044524395,0.0029019597,-0.02856919,-0.030119669,0.4563849,1,False,0.030119669
Nikola Jokic,2.8,2025-03-09,DEN @ OKC,DEN,False,-7.1719616518044305,22.82803834819557,0.043538444,-0.041025642,0.047024008,0.04953681,0.57934296,1,True,0.04953681
Nikola Jokic,2.8,2025-03-10,DEN @ OKC,DEN,False,-6.102369370976444,23.897630629023556,-0.024052687,-0.0133209685,0.0065444876,-0.030829167,0.5974743,0,False,0.030829167
Nikola Jokic,2.8,2025-03-12,MIN @ DEN,DEN,True,8.747058236171961,21.25294176382804,-0.07900996,0.045788467,0.004998663,-0.028222827,0.57114184,0,False,0.028222827
Nikola Jokic,2.8,2025-03-14,LAL @ DEN,DEN,True,15.0,15.0,-0.053482287,0.049715757,0.0051130787,0.0013465495,0.8324158,1,True,0.0013465495
Nikola Jokic,2.8,2025-03-15,WAS @ DEN,DEN,True,5.903676910768539,24.09632308923146,-0.055676527,-0.09811063,-0.09473599,-0.24852315,0.8644869,0,False,0.24852315
Nikola Jokic,2.8,2025-03-17,DEN @ GSW,DEN,False,-1.6064524051764266,28.393547594823573,-0.01772556,0.17028227,-0.0056709773,0.14688574,0.68097425,0,False,0.14688574
Nikola Jokic,2.8,2025-03-19,DEN @ LAL,DEN,False,0.0,30.0,-0.019592343,0.18600942,0.014313887,0.18073097,0.59067005,1,True,0.18073097
Nikola Jokic,2.8,2025-03-21,DEN @ POR,DEN,False,-6.177245778362137,23.822754221637865,0.07931479,-0.028557908,0.028306553,0.07906344,0.40979,1,False,0.07906344
Nikola Jokic,2.8,2025-03-23,DEN @ HOU,DEN,False,-7.9824806483275665,22.017519351672433,0.09801918,0.038794,0.07723992,0.2140531,0.5144846,0,False,0.2140531
Nikola Jokic,2.8,2025-03-26,MIL @ DEN,DEN,True,0.0,30.0,-0.005715508,0.117809236,0.005696891,0.117790624,0.6303856,1,True,0.117790624
Nikola Jokic,2.8,2025-03-28,UTA @ DEN,DEN,True,15.0,15.0,-0.086024076,0.07987345,-0.025658565,-0.03180919,0.83976424,1,True,0.03180919
Nikola Jokic,2.8,2025-04-01,MIN @ DEN,DEN,True,9.672338623705198,20.327661376294802,-0.14422722,0.038140375,-0.11379737,-0.21988422,0.74835545,0,False,0.21988422
Nikola Jokic,2.8,2025-04-04,DEN @ GSW,DEN,False,-15.0,15.0,0.39684492,0.027270285,0.15854287,0.58265805,0.39853814,1,False,0.58265805
Luka Doncic,2.8,2024-11-10,DAL @ DEN,DAL,False,-8.275039910884171,21.72496008911583,0.13014707,0.011747591,0.0884112,0.23030587,0.93655187,1,True,0.23030587
Luka Doncic,2.8,2024-11-12,DAL @ GSW,DAL,False,-12.684127995381997,17.315872004618,0.2974778,0.01593841,0.118211,0.4316272,0.8224777,1,True,0.4316272
Luka Doncic,2.8,2024-11-14,DAL @ UTA,DAL,False,-3.9652818921144437,26.034718107885556,0.010279431,0.09725573,0.015151506,0.12268667,0.63147193,1,True,0.12268667
Luka Doncic,2.8,2024-11-16,SAS @ DAL,DAL,True,2.162681132879028,27.83731886712097,0.056938272,0.1907958,0.021817503,0.26955158,0.83196706,1,True,0.26955158
Luka Doncic,2.8,2024-11-17,DAL @ OKC,DAL,False,-1.427759015217454,23.02802755955401,-0.059172317,-0.17474863,-0.06274543,-0.29666638,0.36957788,0,True,0.29666638
Luka Doncic,2.8,2024-11-19,NOP @ DAL,DAL,True,-1.1039804115675533,25.559766986339014,0.0013743155,-0.06330663,-0.010987891,-0.0729202,0.8827501,1,True,0.0729202
Luka Doncic,2.8,2024-11-22,DAL @ DEN,DAL,False,0.0,30.0,-0.008028393,0.109004915,0.019252356,0.12022887,0.32565454,0,True,0.12022887
Luka Doncic,2.8,2024-11-24,DAL @ MIA,DAL,False,-1.3692737188054753,28.39656427921387,0.042353246,0.2340482,0.016265957,0.29266742,0.7797221,1,True,0.29266742
Luka Doncic,2.8,2024-11-25,DAL @ ATL,DAL,False,-7.241322655239603,22.758677344760397,0.07731901,0.046121787,0.017702848,0.14114365,0.20677862,0,True,0.14114365
Luka Doncic,2.8,2024-11-27,NYK @ DAL,DAL,True,7.948173158614095,22.051826841385903,-0.03772292,0.119128264,-0.010605929,0.07079941,0.7406228,1,True,0.07079941
Luka Doncic,2.8,2024-11-30,DAL @ UTA,DAL,False,-3.342783286057683,26.65721671394232,-0.026448054,-0.0014345188,-0.033831,-0.061713573,0.1908175,0,True,0.061713573
Luka Doncic,2.8,2024-12-19,LAC @ DAL,DAL,True,0.0,30.0,-0.011732086,0.17379506,0.0130994115,0.17516239,0.18115118,0,True,0.17516239
Luka Doncic,2.8,2024-12-21,LAC @ DAL,DAL,True,0.5287942409223785,27.949912025438387,0.051797874,0.13644393,0.027073866,0.21531567,0.71657246,1,True,0.21531567
Luka Doncic,2.8,2024-12-23,POR @ DAL,DAL,True,5.103626359017605,23.375079907343157,-0.06652564,0.026412062,-0.08888009,-0.12899366,0.8244828,1,True,0.12899366
Luka Doncic,2.8,2024-12-25,MIN @ DAL,DAL,True,10.415365287442475,19.584634712557524,-0.18492027,-0.022676524,-0.09765699,-0.30525377,0.35989863,0,True,0.30525377
Luka Doncic,2.8,2024-12-27,DAL @ PHX,DAL,False,-4.436229148515931,22.324346525830027,-0.030695574,0.045592207,-0.070839874,-0.055943243,0.5011697,0,False,0.055943243
Luka Doncic,2.8,2024-12-30,DAL @ SAC,DAL,False,-5.041106550046402,24.9588934499536,-0.013152879,0.16542682,-0.016984608,0.13528933,0.7764062,1,True,0.13528933
Luka Doncic,2.8,2025-01-01,DAL @ HOU,DAL,False,-6.417681739154123,23.582318260845877,0.04263522,0.15088499,0.008094873,0.20161508,0.68329614,1,True,0.20161508
Luka Doncic,2.8,2025-01-03,CLE @ DAL,DAL,True,9.522572629197064,20.477427370802936,-0.15880689,-0.06624354,-0.035628524,-0.26067895,0.100430876,0,True,0.26067895
Luka Doncic,2.8,2025-01-06,DAL @ MEM,DAL,False,0.0,30.0,-2.4032954e-05,0.35710296,0.014247787,0.3713267,0.8533509,1,True,0.3713267
Luka Doncic,2.8,2025-01-07,LAL @ DAL,DAL,True,0.0,30.0,0.0037956212,0.45723033,0.024609888,0.48563585,0.63731664,1,True,0.48563585
Luka Doncic,2.8,2025-01-09,POR @ DAL,DAL,True,5.246576561884574,24.753423438115426,0.004696082,0.04599978,-0.035662707,0.015033156,0.8130241,1,True,0.015033156
Luka Doncic,2.8,2025-01-12,DEN @ DAL,DAL,True,0.0,30.0,-0.03096278,0.08100753,0.014275847,0.0643206,0.18463926,0,True,0.0643206
Luka Doncic,2.8,2025-01-14,DEN @ DAL,DAL,True,0.0,30.0,-0.022904886,0.22437386,0.0092204735,0.21068946,0.22972941,0,True,0.21068946
Luka Doncic,2.8,2025-01-15,DAL @ NOP,DAL,False,-1.7377038957088349,28.262296104291167,-0.013346109,0.23067833,-0.0010492435,0.21628298,0.8038641,1,True,0.21628298
Luka Doncic,2.8,2025-01-17,OKC @ DAL,DAL,True,7.052014810904099,22.947985189095903,-0.019073648,0.042197775,-0.037056364,-0.013932237,0.63727367,1,True,0.013932237
Luka Doncic,2.8,2025-01-20,DAL @ CHA,DAL,False,-7.367962973651736,22.632037026348264,0.12183884,0.020357924,0.026803669,0.16900043,0.6714663,1,True,0.16900043
Luka Doncic,2.8,2025-01-22,MIN @ DAL,DAL,True,9.634988079629888,20.36501192037011,-0.22272474,0.03543433,-0.043940667,-0.23123106,0.14536357,0,True,0.23123106
Luka Doncic,2.8,2025-01-23,DAL @ OKC,DAL,False,-6.765394377337124,23.234605622662876,-0.051127456,-0.3554236,-0.06660578,-0.47315684,0.38924876,0,True,0.47315684
Luka Doncic,2.8,2025-01-25,BOS @ DAL,DAL,True,9.314504510206556,20.685495489793446,-0.16709986,0.033484083,-0.013875993,-0.14749177,0.15880801,0,True,0.14749177
Luka Doncic,2.8,2025-01-27,WAS @ DAL,DAL,True,8.390086379156381,21.60991362084362,-0.16659594,0.09201627,-0.03730438,-0.11188404,0.7903492,1,True,0.11188404
Luka Doncic,2.8,2025-01-29,DAL @ NOP,DAL,False,-2.7158204996592037,27.284179500340798,-0.013840895,0.24965176,0.02408265,0.2598935,0.47493878,0,True,0.2598935
Luka Doncic,2.8,2025-01-31,DAL @ DET,DAL,False,-6.496343939216203,23.503656060783797,-0.038601957,0.042160008,-0.0023293353,0.0012287155,0.31663564,1,False,0.0012287155
Joel Embiid,2.6,2024-10-23,MIL @ PHI,PHI,True,-1.5182954907725925,25.72403787152051,-0.036564652,-0.17225008,-0.029011345,-0.23782606,0.20096599,0,True,0.23782606
Joel Embiid,2.6,2024-10-25,PHI @ TOR,PHI,False,-3.851843765662702,23.9091547103002,0.016378304,0.18761976,0.042187702,0.24618576,0.80056655,1,True,0.24618576
Joel Embiid,2.6,2024-10-27,PHI @ IND,PHI,False,-9.168649993747136,15.037092387000778,0.017832808,0.05358763,-0.112539776,-0.041119337,0.42097867,0,True,0.041119337
Joel Embiid,2.6,2024-10-30,DET @ PHI,PHI,True,8.860859405351459,15.344882975396455,-0.15639822,0.00844738,-0.11362809,-0.26157892,0.29380623,0,True,0.26157892
Joel Embiid,2.6,2024-11-02,MEM @ PHI,PHI,True,-0.7744617365144855,24.9802041172624,-0.03877298,-0.08598399,-0.012128977,-0.13688596,0.17888561,0,True,0.13688596
Joel Embiid,2.6,2024-11-04,PHI @ PHX,PHI,False,-7.359891153180957,20.328036500726103,0.03711874,0.09726451,0.0039732186,0.13835648,0.8016145,1,True,0.13835648
Joel Embiid,2.6,2024-11-06,PHI @ LAC,PHI,False,-1.2896783921265094,26.39824926178055,-0.02892588,0.21664122,0.003583584,0.19129892,0.66136354,1,True,0.19129892
Joel Embiid,2.6,2024-11-08,PHI @ LAL,PHI,False,1.6793825865844934,28.320617413415505,0.046076063,0.19960468,0.031402886,0.27708364,0.8331395,1,True,0.27708364
Joel Embiid,2.6,2024-11-10,CHA @ PHI,PHI,True,0.25923515590853263,22.899814397763336,0.00080189586,0.06834468,0.025094789,0.094241366,0.8131854,1,True,0.094241366
Joel Embiid,2.6,2024-11-13,CLE @ PHI,PHI,True,7.350217956731809,21.61576812832329,-0.10334857,-0.010256029,-0.059912264,-0.17351687,0.06229008,0,True,0.17351687
Joel Embiid,2.6,2024-11-18,PHI @ MIA,PHI,False,0.0,30.0,-0.0021307466,0.05787665,0.012215718,0.06796162,0.8125834,1,True,0.06796162
Joel Embiid,2.6,2024-11-22,BKN @ PHI,PHI,True,1.4204173775979143,27.981093835473843,0.025706895,0.30422735,0.057436347,0.3873706,0.78792804,1,True,0.3873706
Joel Embiid,2.6,2024-11-24,LAC @ PHI,PHI,True,2.3596717263948754,27.640328273605125,-0.09839622,-0.0045147184,0.007709622,-0.09520131,0.22110261,0,True,0.09520131
Joel Embiid,2.6,2024-11-27,HOU @ PHI,PHI,True,10.156170761133486,19.843829238866512,-0.2525671,0.055920884,-0.035822533,-0.23246875,0.20823349,0,True,0.23246875
Joel Embiid,2.6,2024-11-30,PHI @ DET,PHI,False,-10.525650413143037,19.474349586856963,0.004697208,-0.0029100105,-0.10237079,-0.10058359,0.35857946,0,True,0.10058359
Joel Embiid,2.6,2024-12-03,PHI @ CHA,PHI,False,-2.695797199634981,27.30420280036502,-0.041252885,-0.14921004,-0.038190275,-0.22865319,0.14257005,0,True,0.22865319
Joel Embiid,2.6,2024-12-04,ORL @ PHI,PHI,True,5.955595167422686,24.044404832577314,-0.065910414,-0.05702568,-0.02170341,-0.1446395,0.23157679,0,True,0.1446395
Joel Embiid,2.6,2024-12-06,ORL @ PHI,PHI,True,7.660350067168814,22.339649932831186,0.007063506,0.026625607,-0.011063588,0.022625525,0.657857,1,True,0.022625525
Joel Embiid,2.6,2024-12-08,PHI @ CHI,PHI,False,-1.7819221008053248,26.328774109356008,-0.020548323,-0.113240466,-0.02860182,-0.16239062,0.29727,0,True,0.16239062
Joel Embiid,2.6,2024-12-16,PHI @ CHA,PHI,False,-5.89402720609454,24.105972793905458,-0.028958242,-0.17068435,-0.052916482,-0.25255907,0.15283687,0,True,0.25255907
Joel Embiid,2.6,2024-12-20,CHA @ PHI,PHI,True,1.2588620400402082,28.741137959959794,0.020390755,0.14554863,0.038730387,0.20466976,0.92130125,1,True,0.20466976
Joel Embiid,2.6,2024-12-21,PHI @ CLE,PHI,False,-6.358777992467687,23.641222007532313,-0.018920885,-0.008330515,-0.020981114,-0.048232514,0.8932264,1,True,0.048232514
Joel Embiid,2.6,2024-12-23,SAS @ PHI,PHI,True,11.342782518148532,18.657217481851468,-0.0019814614,0.068840854,0.0067213825,0.07358078,0.69308907,1,True,0.07358078
Joel Embiid,2.6,2024-12-25,PHI @ BOS,PHI,False,-0.2980856050262979,29.701914394973702,-0.0060467375,-0.07904488,-0.0068979287,-0.09198954,0.48232234,0,True,0.09198954
Joel Embiid,2.6,2024-12-28,PHI @ UTA,PHI,False,-1.9874751466375749,28.012524853362425,-0.02821471,0.06991295,-0.0003120281,0.041386213,0.13979688,0,True,0.041386213
Joel Embiid,2.6,2024-12-30,PHI @ POR,PHI,False,-5.668496132431258,24.331503867568742,-0.0071701235,-0.011806823,-0.13080153,-0.14977847,0.2861357,0,True,0.14977847
Joel Embiid,2.6,2025-01-01,PHI @ SAC,PHI,False,-7.073679156929073,22.926320843070926,0.13900986,0.19636537,0.023964914,0.35934016,0.6950696,1,True,0.35934016
Joel Embiid,2.6,2025-01-04,PHI @ BKN,PHI,False,-1.1880090437595854,28.811990956240415,-0.027792912,0.16912194,0.005978671,0.1473077,0.29276672,0,True,0.1473077
Joel Embiid,2.6,2025-01-06,PHX @ PHI,PHI,True,13.11340332181209,16.88659667818791,-0.14690426,0.009697205,-0.046160355,-0.18336742,0.3146805,0,True,0.18336742
Joel Embiid,2.6,2025-01-08,WAS @ PHI,PHI,True,0.0037920333202965395,29.996207966679705,0.0030303888,0.28363508,0.024892991,0.31155846,0.9221494,1,True,0.31155846
Joel Embiid,2.6,2025-01-10,NOP @ PHI,PHI,True,5.884102149040626,24.115897850959374,-0.12822993,-0.20167795,-0.14789917,-0.47780704,0.5723914,0,False,0.47780704
Joel Embiid,2.6,2025-01-12,PHI @ ORL,PHI,False,-2.2592838360308622,27.74071616396914,0.00476848,0.22729619,0.011418955,0.24348362,0.71639997,1,True,0.24348362
Joel Embiid,2.6,2025-01-14,OKC @ PHI,PHI,True,6.620727528575445,23.379272471424557,-0.05902684,-0.07914315,-0.097184315,-0.2353543,0.26672322,0,True,0.2353543
Joel Embiid,2.6,2025-01-15,NYK @ PHI,PHI,True,3.719054969220039,26.28094503077996,-0.09392436,0.015262084,-0.17533737,-0.25399965,0.18456437,0,True,0.25399965
Joel Embiid,2.6,2025-01-18,PHI @ IND,PHI,False,-7.359564560448822,22.640435439551176,0.04059344,-0.013420757,0.058197394,0.08537008,0.8258737,1,True,0.08537008
Joel Embiid,2.6,2025-01-19,PHI @ MIL,PHI,False,0.0,30.0,0.009351635,0.24182077,0.008083477,0.25925586,0.8844507,1,True,0.25925586
Joel Embiid,2.6,2025-01-21,PHI @ DEN,PHI,False,-6.891535221602723,23.108464778397277,0.043363586,-0.0008199505,0.050083432,0.09262706,0.89649147,1,True,0.09262706
Joel Embiid,2.6,2025-01-24,CLE @ PHI,PHI,True,7.35449655346693,22.64550344653307,-0.01884508,0.029754875,0.042753953,0.05366375,0.59160864,1,True,0.05366375
Joel Embiid,2.6,2025-01-25,PHI @ CHI,PHI,False,-4.021257807880893,25.978742192119107,-0.015171191,0.19208866,0.008136043,0.18505353,0.33232975,0,True,0.18505353
Joel Embiid,2.6,2025-01-28,LAL @ PHI,PHI,True,0.0,30.0,-0.012538796,0.07016437,0.008729515,0.06635509,0.6260206,1,True,0.06635509
Joel Embiid,2.6,2025-01-29,SAC @ PHI,PHI,True,11.326769444090857,18.673230555909143,0.08843724,-0.01012069,-0.092812344,-0.014495797,0.32044083,1,False,0.014495797
Joel Embiid,2.6,2025-01-31,DEN @ PHI,PHI,True,10.967591019987154,19.032408980012846,-0.074364446,-0.0069201766,0.024263427,-0.057021193,0.41612288,0,True,0.057021193
Joel Embiid,2.6,2025-02-02,BOS @ PHI,PHI,True,9.656149315607506,20.343850684392493,-0.15117152,0.079789765,0.007300968,-0.06408079,0.4589415,0,True,0.06408079
Joel Embiid,2.6,2025-02-04,DAL @ PHI,PHI,True,0.0,30.0,0.010486195,0.18953444,0.021589007,0.22160965,0.8315959,1,True,0.22160965
Joel Embiid,2.6,2025-02-05,MIA @ PHI,PHI,True,1.0848233982936009,28.9151766017064,0.018018246,0.1327096,0.00952755,0.16025539,0.61792153,0,False,0.16025539
Joel Embiid,2.6,2025-02-09,PHI @ MIL,PHI,False,-1.2568819050224622,28.74311809497754,-0.024755312,0.1921413,-0.01015569,0.15723029,0.7237535,1,True,0.15723029
Joel Embiid,2.6,2025-02-11,TOR @ PHI,PHI,True,1.2939301017696927,28.706069898230307,-0.016369468,0.13246469,0.017554827,0.13365005,0.62211895,0,False,0.13365005
Joel Embiid,2.6,2025-02-12,PHI @ BKN,PHI,False,-5.094213662717223,24.905786337282777,0.074057326,0.07869112,-0.022990137,0.1297583,0.22404328,1,False,0.1297583
Joel Embiid,2.6,2025-02-24,CHI @ PHI,PHI,True,0.717145261390499,29.2828547386095,0.023287732,0.13676302,0.0320464,0.19209716,0.4329379,0,True,0.19209716
Joel Embiid,2.6,2025-02-26,PHI @ NYK,PHI,False,-4.877497141833324,25.122502858166676,-0.018015489,-0.029414902,-0.030991647,-0.07842204,0.6297708,1,True,0.07842204
Joel Embiid,2.6,2025-03-01,GSW @ PHI,PHI,True,8.718792452856945,21.281207547143055,-0.07187623,0.07309831,0.0039165225,0.005138604,0.22649196,1,False,0.005138604
Joel Embiid,2.6,2025-03-03,POR @ PHI,PHI,True,5.068146271409487,24.93185372859051,-0.057623435,0.085930385,-0.004738843,0.023568107,0.6306771,0,False,0.023568107
Joel Embiid,2.6,2025-03-04,PHI @ MIN,PHI,False,-7.519342899130638,22.48065710086936,0.028053505,-0.062905006,-0.02173372,-0.05658522,0.7764871,1,True,0.05658522
Joel Embiid,2.6,2025-03-06,PHI @ BOS,PHI,False,0.0,30.0,0.0041106553,-0.17094547,0.02226171,-0.1445731,0.70151293,1,True,0.1445731
Joel Embiid,2.6,2025-03-09,UTA @ PHI,PHI,True,0.0,30.0,-0.012278379,0.13808574,0.0045522884,0.13035965,0.7930694,1,True,0.13035965
Joel Embiid,2.6,2025-03-10,PHI @ ATL,PHI,False,-15.0,15.0,0.20444982,0.054590255,0.14229782,0.40133786,0.79985136,1,True,0.40133786
Joel Embiid,2.6,2025-03-12,PHI @ TOR,PHI,False,0.0,30.0,-0.0048429556,0.23758265,-0.0024608793,0.23027882,0.73249215,1,True,0.23027882
Joel Embiid,2.6,2025-03-14,IND @ PHI,PHI,True,6.669000279489683,23.330999720510317,-0.05546758,-0.07100929,-0.10502123,-0.23149809,0.18815324,0,True,0.23149809
Joel Embiid,2.6,2025-03-16,PHI @ DAL,PHI,False,0.0,30.0,-0.0049842107,0.10410586,0.004879159,0.104000814,0.70988774,0,False,0.104000814
Joel Embiid,2.6,2025-03-17,PHI @ HOU,PHI,False,-6.9264618033191585,23.073538196680843,0.060456716,-0.013219589,0.042231563,0.08946869,0.6319938,1,True,0.08946869
Joel Embiid,2.6,2025-03-19,PHI @ OKC,PHI,False,0.0,30.0,0.00020261592,0.19500598,0.01850016,0.21370876,0.8620266,1,True,0.21370876
Joel Embiid,2.6,2025-03-21,PHI @ SAS,PHI,False,-3.9385599285503385,26.06144007144966,0.014945674,0.035112664,-0.036785584,0.013272755,0.6494986,1,True,0.013272755
Joel Embiid,2.6,2025-03-23,PHI @ ATL,PHI,False,0.0,30.0,-0.003787106,0.2164456,6.158567e-05,0.21272008,0.5509488,1,True,0.21272008
Joel Embiid,2.6,2025-03-24,PHI @ NOP,PHI,False,-15.0,15.0,0.355451,0.037377845,0.13856696,0.5313958,0.707437,1,True,0.5313958
Joel Embiid,2.6,2025-03-26,WAS @ PHI,PHI,True,0.0,30.0,0.004501487,0.1564589,0.010437368,0.17139776,0.87184626,0,False,0.17139776
Joel Embiid,2.6,2025-03-29,MIA @ PHI,PHI,True,0.6968216016485247,29.303178398351477,0.0093482165,0.18722628,0.036506426,0.23308092,0.64799005,0,False,0.23308092
Joel Embiid,2.6,2025-03-30,TOR @ PHI,PHI,True,3.868538380729584,26.131461619270418,-0.09115245,-0.09062151,-0.17441633,-0.3561903,0.37417945,0,True,0.3561903
Joel Embiid,2.6,2025-04-01,PHI @ NYK,PHI,False,-4.327915546618307,25.672084453381693,-0.023509935,-0.093818784,-0.014625967,-0.13195468,0.749345,1,True,0.13195468
Joel Embiid,2.6,2025-04-03,MIL @ PHI,PHI,True,0.0,30.0,-0.017002845,0.38796312,0.0254352,0.39639547,0.33021182,0,True,0.39639547
Joel Embiid,2.6,2025-04-05,MIN @ PHI,PHI,True,13.672209026128266,16.327790973871736,0.07288964,0.021029707,0.10081218,0.19473153,0.26150927,0,True,0.19473153
Joel Embiid,2.6,2025-04-07,PHI @ MIA,PHI,False,0.0,30.0,0.00058877515,0.14008717,0.005726994,0.14640294,0.88246655,1,True,0.14640294
Joel Embiid,2.6,2025-04-09,PHI @ WAS,PHI,False,0.0,30.0,-0.011434495,0.2192424,0.01243524,0.22024314,0.4070865,0,True,0.22024314
Joel Embiid,2.6,2025-04-11,ATL @ PHI,PHI,True,2.597151519553771,27.40284848044623,-0.024985997,0.110620886,0.032363016,0.1179979,0.56367207,0,False,0.1179979
Joel Embiid,2.6,2025-04-13,CHI @ PHI,PHI,True,3.1730600883611935,26.826939911638807,-0.044396356,0.0982391,-0.05637856,-0.0025358126,0.16944744,0,True,0.0025358126
Shai Gilgeous-Alexander,2.5,2025-01-19,BKN @ OKC,OKC,True,0.9946710082405321,29.00532899175947,0.009959337,0.13972442,0.022773536,0.1724573,0.9069862,1,True,0.1724573
Shai Gilgeous-Alexander,2.5,2025-03-07,POR @ OKC,OKC,True,2.6281209785244144,27.371879021475586,-0.01706909,0.07929467,-0.029629083,0.03259649,0.8006663,1,True,0.03259649
Shai Gilgeous-Alexander,2.5,2025-03-19,PHI @ OKC,OKC,True,0.0,30.0,0.00020261592,0.19500598,0.01850016,0.21370876,0.8620266,1,True,0.21370876
Shai Gilgeous-Alexander,2.5,2025-04-11,OKC @ UTA,OKC,False,0.0,30.0,-0.032954004,0.08904352,0.0104373945,0.06652691,0.23954059,0,True,0.06652691
Shai Gilgeous-Alexander,2.5,2025-04-13,OKC @ NOP,OKC,False,0.0,30.0,-0.025501756,0.16080189,0.014390289,0.14969042,0.18014531,0,True,0.14969042
Stephen Curry,2.5,2024-10-25,GSW @ UTA,GSW,False,-7.049704883084453,22.950295116915548,-0.025321588,-0.13658762,-0.004315042,-0.16622426,0.2558939,0,True,0.16622426
Stephen Curry,2.5,2024-10-29,NOP @ GSW,GSW,True,7.835764011373653,20.806992830241008,-0.05590923,0.10240205,0.013646163,0.060138978,0.87755924,1,True,0.060138978
Stephen Curry,2.5,2024-11-02,GSW @ HOU,GSW,False,-7.7347244155658785,20.90803242604878,0.019248204,0.08214186,0.01899505,0.12038511,0.3028377,0,True,0.12038511
Stephen Curry,2.5,2024-11-04,GSW @ WAS,GSW,False,-5.396023752504647,23.246733089110013,0.027479207,-0.079076506,0.020560823,-0.031036474,0.19570467,0,True,0.031036474
Stephen Curry,2.5,2024-11-18,GSW @ LAC,GSW,False,-14.4947730830659,14.4947730830659,0.32390633,0.0320784,0.09459603,0.45058078,0.78009295,1,True,0.45058078
Stephen Curry,2.5,2024-11-20,ATL @ GSW,GSW,True,5.3463663963345045,22.203726993563556,-0.07692638,-0.05201124,-0.022740504,-0.15167812,0.8667126,1,True,0.15167812
Stephen Curry,2.5,2024-11-22,GSW @ NOP,GSW,False,5.043170491927166,24.956829508072836,-0.091454625,0.16299137,-0.085093156,-0.013556406,0.17384814,0,True,0.013556406
Stephen Curry,2.5,2024-11-23,GSW @ SAS,GSW,False,-0.6022694111087503,26.82676881701458,-0.00062359544,-0.003740704,0.006553648,0.0021893485,0.75992316,1,True,0.0021893485
Stephen Curry,2.5,2024-11-30,GSW @ PHX,GSW,False,-8.27705179206879,21.72294820793121,0.23980029,0.046725202,0.034541547,0.32106704,0.7279266,1,True,0.32106704
Stephen Curry,2.5,2024-12-03,GSW @ DEN,GSW,False,-4.504707529749686,20.624310167665477,0.02538377,0.06356592,0.020893175,0.10984287,0.84268755,1,True,0.10984287
Stephen Curry,2.5,2024-12-05,HOU @ GSW,GSW,True,5.6723667637849395,24.088394942866227,-0.05496004,-0.07727425,0.009126136,-0.123108156,0.84432274,1,True,0.123108156
Stephen Curry,2.5,2024-12-15,DAL @ GSW,GSW,True,6.7232958166627075,23.276704183337294,-0.025721543,-0.001265491,-0.047145545,-0.07413258,0.3135214,0,True,0.07413258
Stephen Curry,2.5,2024-12-27,GSW @ LAC,GSW,False,1.4135908126596437,26.007526971856365,0.023119822,0.048351415,0.04911516,0.120586395,0.8524736,1,True,0.120586395
Stephen Curry,2.5,2025-01-02,PHI @ GSW,GSW,True,15.0,15.0,-0.014686001,0.10591424,0.0057312544,0.096959494,0.8677911,1,True,0.096959494
Stephen Curry,2.5,2025-01-04,MEM @ GSW,GSW,True,14.053837651698109,14.053837651698109,0.059075397,0.110765114,0.035006307,0.20484683,0.737441,1,True,0.20484683
Stephen Curry,2.5,2025-01-09,GSW @ DET,GSW,False,-6.545535901105852,23.45446409889415,-0.0060951477,-0.0059173885,-0.021846564,-0.0338591,0.24363177,0,True,0.0338591
Stephen Curry,2.5,2025-01-10,GSW @ IND,GSW,False,-0.4092815657460598,29.59071843425394,0.004359212,0.16854668,0.014289969,0.18719587,0.9374367,1,True,0.18719587
Stephen Curry,2.5,2025-01-20,BOS @ GSW,GSW,True,11.523311958691526,18.476688041308474,-0.08486805,-0.021698294,0.0016972704,-0.104869075,0.31441763,0,True,0.104869075
Stephen Curry,2.5,2025-02-10,GSW @ MIL,GSW,False,4.995146617649091,25.00485338235091,-0.07875791,-0.061203428,-0.029111907,-0.16907324,0.5323345,0,False,0.16907324
Stephen Curry,2.5,2025-03-04,GSW @ NYK,GSW,False,-5.79406845202848,17.476281514761553,-0.018751036,0.044838414,-0.006324623,0.019762754,0.73255503,0,False,0.019762754
Stephen Curry,2.5,2025-03-17,DEN @ GSW,GSW,True,-1.6064524051764266,28.393547594823573,-0.01772556,0.17028227,-0.0056709773,0.14688574,0.68097425,0,False,0.14688574
Stephen Curry,2.5,2025-03-22,GSW @ ATL,GSW,False,5.310711261036387,24.68928873896361,-0.09594103,0.006663239,-0.007247789,-0.09652558,0.49450788,1,False,0.09652558
Stephen Curry,2.5,2025-03-25,GSW @ MIA,GSW,False,3.077210759018005,22.45578823694523,-0.036100846,0.056227207,-0.015433456,0.0046929056,0.5033322,1,True,0.0046929056
Stephen Curry,2.5,2025-03-28,GSW @ NOP,GSW,False,3.9820504634000766,23.3606279413273,-0.10556113,-0.098490894,-0.10078445,-0.30483648,0.1802085,0,True,0.30483648
Stephen Curry,2.5,2025-03-30,GSW @ SAS,GSW,False,1.3721513324860481,20.750728810413275,0.01744171,0.05008016,0.018334376,0.085856244,0.42741063,0,True,0.085856244
Stephen Curry,2.5,2025-04-13,LAC @ GSW,GSW,True,4.824139400067382,14.554438077859846,-0.072651304,0.03468648,-0.06855296,-0.10651779,0.2881915,0,True,0.10651779
