game_date,game_time,away_team,home_team,game_id,status
2024-10-22,19:30,NYK,BOS,401704627,Final
2024-10-22,22:00,MIN,LAL,401704628,Final
2024-10-23,19:00,IND,DET,401704629,Final
2024-10-23,19:30,BKN,ATL,401704630,Final
2024-10-23,19:30,ORL,MIA,401704631,Final
2024-10-23,19:30,MIL,PHI,401704632,Final
2024-10-23,19:30,CLE,TOR,401704633,Final
2024-10-23,20:00,CHA,HOU,401704634,Final
2024-10-23,20:00,CHI,NOP,401704635,Final
2024-10-23,21:00,MEM,UTA,401704636,Final
2024-10-23,22:00,PHX,LAC,401704637,Final
2024-10-23,22:00,GSW,POR,401704638,Final
2024-10-24,19:00,BOS,WAS,401704639,Final
2024-10-24,19:30,SAS,DAL,401704640,Final
2024-10-24,22:00,OKC,DEN,401704641,Final
2024-10-24,22:00,MIN,SAC,401704642,Final
2024-10-25,19:00,BKN,ORL,401704643,Final
2024-10-25,19:00,PHI,TOR,401704644,Final
2024-10-25,19:30,CHA,ATL,401704645,Final
2024-10-25,19:30,DET,CLE,401704646,Final
2024-10-25,19:30,IND,NYK,401704647,Final
2024-10-25,20:00,MEM,HOU,401704648,Final
2024-10-25,20:00,CHI,MIL,401704649,Final
2024-10-25,21:30,GSW,UTA,401704650,Final
2024-10-25,22:00,PHX,LAL,401704651,Final
2024-10-25,22:00,NOP,POR,401704652,Final
2024-10-26,17:00,LAC,DEN,401704653,Final
2024-10-26,19:00,MIA,CHA,401704654,Final
2024-10-26,19:00,BOS,DET,401704655,Final
2024-10-26,19:00,CLE,WAS,401704656,Final
2024-10-26,20:00,OKC,CHI,401704657,Final
2024-10-26,20:00,ORL,MEM,401704658,Final
2024-10-26,20:00,TOR,MIN,401704659,Final
2024-10-26,20:30,HOU,SAS,401704660,Final
2024-10-26,22:00,DAL,PHX,401704661,Final
2024-10-26,22:30,SAC,LAL,401704662,Final
2024-10-27,15:30,PHI,IND,401704663,Final
2024-10-27,18:00,MIL,BKN,401704664,Final
2024-10-27,18:00,NOP,POR,401704665,Final
2024-10-27,19:00,ATL,OKC,401704666,Final
2024-10-27,20:30,LAC,GSW,401704667,Final
2024-10-28,19:00,IND,ORL,401704668,Final
2024-10-28,19:30,WAS,ATL,401704669,Final
2024-10-28,19:30,MIL,BOS,401704670,Final
2024-10-28,19:30,DET,MIA,401704671,Final
2024-10-28,19:30,CLE,NYK,401704672,Final
2024-10-28,19:30,DEN,TOR,401704673,Final
2024-10-28,20:00,CHI,MEM,401704674,Final
2024-10-28,20:00,HOU,SAS,401704675,Final
2024-10-28,20:30,UTA,DAL,401704676,Final
2024-10-28,22:00,LAL,PHX,401704677,Final
2024-10-28,22:00,POR,SAC,401704678,Final
2024-10-29,19:30,DEN,BKN,401704679,Final
2024-10-29,19:30,DAL,MIN,401704680,Final
2024-10-29,21:00,SAC,UTA,401704681,Final
2024-10-29,22:00,NOP,GSW,401704682,Final
2024-10-30,19:00,TOR,CHA,401704683,Final
2024-10-30,19:00,LAL,CLE,401704684,Final
2024-10-30,19:00,BOS,IND,401704685,Final
2024-10-30,19:00,DET,PHI,401704686,Final
2024-10-30,19:00,ATL,WAS,401704687,Final
2024-10-30,19:30,NYK,MIA,401704688,Final
2024-10-30,20:00,ORL,CHI,401704689,Final
2024-10-30,20:00,BKN,MEM,401704690,Final
2024-10-30,21:30,SAS,OKC,401704691,Final
2024-10-30,22:00,NOP,GSW,401704692,Final
2024-10-30,22:30,POR,LAC,401704693,Final
2024-10-31,20:00,MIL,MEM,401704694,Final
2024-10-31,20:30,HOU,DAL,401704695,Final
2024-10-31,21:00,SAS,UTA,401704696,Final
2024-10-31,22:30,PHX,LAC,401704697,Final
2024-11-01,19:00,BOS,CHA,401704698,Final
2024-11-01,19:00,ORL,CLE,401704699,Final
2024-11-01,19:00,NYK,DET,401704700,Final
2024-11-01,19:30,SAC,ATL,401704701,Final
2024-11-01,19:30,CHI,BKN,401704702,Final
2024-11-01,19:30,LAL,TOR,401704703,Final
2024-11-01,20:00,IND,NOP,401704704,Final
2024-11-01,21:30,DEN,MIN,401704705,Final
2024-11-01,22:00,OKC,POR,401704706,Final
2024-11-02,18:00,BOS,CHA,401704707,Final
2024-11-02,19:30,MEM,PHI,401704708,Final
2024-11-02,19:30,SAC,TOR,401704709,Final
2024-11-02,20:00,GSW,HOU,401704710,Final
2024-11-02,20:00,CLE,MIL,401704711,Final
2024-11-02,20:00,MIN,SAS,401704712,Final
2024-11-02,21:30,MIA,WAS,401704713,Final
2024-11-02,22:00,UTA,DEN,401704714,Final
2024-11-02,22:00,POR,PHX,401704715,Final
2024-11-02,22:30,OKC,LAC,401704716,Final
2024-11-03,15:30,DET,BKN,401704717,Final
2024-11-03,19:00,ATL,NOP,401704718,Final
2024-11-03,19:30,ORL,DAL,401704719,Final
2024-11-04,19:00,MIL,CLE,401704720,Final
2024-11-04,19:15,GSW,WAS,401704721,Final
2024-11-04,19:30,LAL,DET,401704722,Final
2024-11-04,19:45,BOS,ATL,401704723,Final
2024-11-04,20:00,MEM,BKN,401704724,Final
2024-11-04,20:15,SAC,MIA,401704725,Final
2024-11-04,20:30,UTA,CHI,401704726,Final
2024-11-04,20:45,NYK,HOU,401704727,Final
2024-11-04,21:00,CHA,MIN,401704728,Final
2024-11-04,21:15,ORL,OKC,401704729,Final
2024-11-04,21:30,POR,NOP,401704730,Final
2024-11-04,21:45,IND,DAL,401704731,Final
2024-11-04,22:00,TOR,DEN,401704732,Final
2024-11-04,22:15,PHI,PHX,401704733,Final
2024-11-04,22:30,SAS,LAC,401704734,Final
2024-11-06,19:00,DET,CHA,401704735,Final
2024-11-06,19:00,ORL,IND,401704736,Final
2024-11-06,19:30,NYK,ATL,401704737,Final
2024-11-06,19:30,GSW,BOS,401704738,Final
2024-11-06,20:00,SAS,HOU,401704739,Final
2024-11-06,20:00,LAL,MEM,401704740,Final
2024-11-06,20:00,CLE,NOP,401704741,Final
2024-11-06,20:30,CHI,DAL,401704742,Final
2024-11-06,21:00,OKC,DEN,401704743,Final
2024-11-06,21:00,MIA,PHX,401704744,Final
2024-11-06,22:00,PHI,LAC,401704745,Final
2024-11-06,22:00,TOR,SAC,401704746,Final
2024-11-07,20:00,MIN,CHI,401704747,Final
2024-11-07,20:00,UTA,MIL,401704748,Final
2024-11-07,20:00,POR,SAS,401704749,Final
2024-11-08,19:00,IND,CHA,401704750,Final
2024-11-08,19:00,ATL,DET,401704751,Final
2024-11-08,19:00,NOP,ORL,401704752,Final
2024-11-08,19:30,BKN,BOS,401704753,Final
2024-11-08,19:30,GSW,CLE,401704754,Final
2024-11-08,19:30,MIL,NYK,401704755,Final
2024-11-08,19:30,PHX,DAL,401704756,Final
2024-11-08,20:00,WAS,MEM,401704757,Final
2024-11-08,20:00,HOU,OKC,401704758,Final
2024-11-08,21:00,POR,MIN,401704759,Final
2024-11-08,21:00,MIA,DEN,401704760,Final
2024-11-08,22:00,PHI,LAL,401704761,Final
2024-11-08,22:00,LAC,SAC,401704762,Final
2024-11-09,17:00,UTA,SAS,401704763,Final
2024-11-09,19:30,CHI,ATL,401704764,Final
2024-11-09,19:30,BKN,CLE,401704765,Final
2024-11-09,22:30,TOR,LAC,401704766,Final
2024-11-10,15:00,HOU,DET,401704767,Final
2024-11-10,15:30,BOS,MIL,401704768,Final
2024-11-10,17:00,NYK,IND,401704769,Final
2024-11-10,18:00,WAS,ORL,401704770,Final
2024-11-10,19:00,CHA,PHI,401704771,Final
2024-11-10,19:00,MIA,MIN,401704772,Final
2024-11-10,19:00,GSW,OKC,401704773,Final
2024-11-10,20:00,DAL,DEN,401704774,Final
2024-11-10,20:00,SAC,PHX,401704775,Final
2024-11-10,21:00,MEM,POR,401704776,Final
2024-11-10,21:30,TOR,LAL,401704777,Final
2024-11-11,20:00,CLE,CHI,401704778,Final
2024-11-11,20:00,WAS,HOU,401704779,Final
2024-11-11,20:00,BKN,NOP,401704780,Final
2024-11-11,20:00,LAC,OKC,401704781,Final
2024-11-11,20:00,SAC,SAS,401704782,Final
2024-11-12,19:00,ATL,BOS,401703370,Final
2024-11-12,19:00,MIA,DET,401703371,Final
2024-11-12,19:00,CHA,ORL,401703372,Final
2024-11-12,19:30,NYK,PHI,401703373,Final
2024-11-12,20:00,TOR,MIL,401703374,Final
2024-11-12,21:00,PHX,UTA,401703375,Final
2024-11-12,22:00,DAL,GSW,401703376,Final
2024-11-12,22:00,MIN,POR,401703377,Final
2024-11-13,19:00,IND,ORL,401704783,Final
2024-11-13,19:30,BOS,BKN,401704784,Final
2024-11-13,19:30,CHI,NYK,401704785,Final
2024-11-13,19:30,CLE,PHI,401704786,Final
2024-11-13,19:30,NOP,OKC,401704787,Final
2024-11-13,20:00,LAC,HOU,401704788,Final
2024-11-13,20:00,DET,MIL,401704789,Final
2024-11-13,20:00,WAS,SAS,401704790,Final
2024-11-13,22:00,MEM,LAL,401704791,Final
2024-11-13,22:00,MIN,POR,401704792,Final
2024-11-13,22:00,PHX,SAC,401704793,Final
2024-11-14,21:00,DAL,UTA,401704794,Final
2024-11-15,19:00,MIA,IND,401703378,Final
2024-11-15,19:00,PHI,ORL,401703379,Final
2024-11-15,19:00,DET,TOR,401703380,Final
2024-11-15,19:30,WAS,ATL,401703381,Final
2024-11-15,19:30,CHI,CLE,401703382,Final
2024-11-15,19:30,BKN,NYK,401703383,Final
2024-11-15,19:30,LAL,SAS,401703384,Final
2024-11-15,20:00,LAC,HOU,401703385,Final
2024-11-15,20:00,DEN,NOP,401703386,Final
2024-11-15,20:00,PHX,OKC,401703387,Final
2024-11-15,22:00,MEM,GSW,401703388,Final
2024-11-15,22:00,MIN,SAC,401703389,Final
2024-11-16,15:00,MIL,CHA,401704795,Final
2024-11-16,20:00,TOR,BOS,401704796,Final
2024-11-16,20:00,LAL,NOP,401704797,Final
2024-11-16,20:30,SAS,DAL,401704798,Final
2024-11-16,22:00,UTA,SAC,401704799,Final
2024-11-17,15:30,PHX,MIN,401704800,Final
2024-11-17,17:00,MIA,IND,401704801,Final
2024-11-17,18:00,CHA,CLE,401704802,Final
2024-11-17,18:00,DET,WAS,401704803,Final
2024-11-17,18:00,DEN,MEM,401704804,Final
2024-11-17,18:00,ATL,POR,401704805,Final
2024-11-17,19:00,BKN,NYK,401704806,Final
2024-11-17,19:00,HOU,CHI,401704807,Final
2024-11-17,19:00,DAL,OKC,401704808,Final
2024-11-17,21:00,UTA,LAC,401704809,Final
2024-11-18,19:00,CHI,DET,401704810,Final
2024-11-18,19:30,PHI,MIA,401704811,Final
2024-11-18,19:30,WAS,NYK,401704812,Final
2024-11-18,19:30,IND,TOR,401704813,Final
2024-11-18,20:00,HOU,MIL,401704814,Final
2024-11-18,21:00,ORL,PHX,401704815,Final
2024-11-18,22:00,ATL,SAC,401704816,Final
2024-11-18,22:30,GSW,LAC,401704817,Final
2024-11-19,19:00,CLE,BOS,401703390,Final
2024-11-19,19:30,CHA,BKN,401703391,Final
2024-11-19,20:00,DEN,MEM,401703392,Final
2024-11-19,20:30,NOP,DAL,401703393,Final
2024-11-19,21:30,OKC,SAS,401703394,Final
2024-11-19,22:30,UTA,LAL,401703395,Final
2024-11-20,19:30,NOP,CLE,401704818,Final
2024-11-20,19:30,CHI,MIL,401704819,Final
2024-11-20,20:00,IND,HOU,401704820,Final
2024-11-20,20:00,PHI,MEM,401704821,Final
2024-11-20,20:00,POR,OKC,401704822,Final
2024-11-20,22:00,NYK,PHX,401704823,Final
2024-11-20,22:00,ATL,GSW,401704824,Final
2024-11-20,22:30,ORL,LAC,401704825,Final
2024-11-21,19:00,DET,CHA,401704826,Final
2024-11-21,19:30,MIN,TOR,401704827,Final
2024-11-21,20:00,UTA,SAS,401704828,Final
2024-11-21,22:30,ORL,LAL,401704829,Final
2024-11-22,19:00,BKN,PHI,401703396,Final
2024-11-22,19:00,BOS,WAS,401703397,Final
2024-11-22,19:30,GSW,NOP,401703401,Final
2024-11-22,20:00,IND,MIL,401703398,Final
2024-11-22,20:00,ATL,CHI,401703399,Final
2024-11-22,20:00,POR,HOU,401703400,Final
2024-11-22,22:00,DAL,DEN,401703402,Final
2024-11-22,22:30,SAC,LAC,401703403,Final
2024-11-23,17:00,NYK,UTA,401704830,Final
2024-11-23,19:00,DET,ORL,401704831,Final
2024-11-23,20:00,MEM,CHI,401704832,Final
2024-11-23,20:00,POR,HOU,401704833,Final
2024-11-23,20:00,CHA,MIL,401704834,Final
2024-11-23,20:30,GSW,SAS,401704835,Final
2024-11-23,22:30,DEN,LAL,401704836,Final
2024-11-24,15:30,MIN,BOS,401704837,Final
2024-11-24,17:00,WAS,IND,401704838,Final
2024-11-24,18:00,DAL,MIA,401704839,Final
2024-11-24,18:00,LAC,PHI,401704840,Final
2024-11-24,19:30,TOR,CLE,401704841,Final
2024-11-24,21:00,BKN,SAC,401704842,Final
2024-11-25,19:00,ORL,CHA,401704843,Final
2024-11-25,19:00,TOR,DET,401704844,Final
2024-11-25,19:00,NOP,IND,401704845,Final
2024-11-25,19:30,DAL,ATL,401704846,Final
2024-11-25,19:30,LAC,BOS,401704847,Final
2024-11-25,20:00,POR,MEM,401704848,Final
2024-11-25,21:00,NYK,DEN,401704849,Final
2024-11-25,22:00,BKN,GSW,401704850,Final
2024-11-25,22:00,OKC,SAC,401704851,Final
2024-11-26,19:00,CHI,WAS,401703404,Final
2024-11-26,19:30,MIL,MIA,401703405,Final
2024-11-26,20:00,HOU,MIN,401703406,Final
2024-11-26,21:00,SAS,UTA,401703407,Final
2024-11-26,22:00,LAL,PHX,401703408,Final
2024-11-27,19:00,MIA,CHA,401704852,Final
2024-11-27,19:00,ATL,CLE,401704853,Final
2024-11-27,19:00,POR,IND,401704854,Final
2024-11-27,19:00,CHI,ORL,401704855,Final
2024-11-27,19:00,HOU,PHI,401704856,Final
2024-11-27,19:00,LAC,WAS,401704857,Final
2024-11-27,19:30,NYK,DAL,401704858,Final
2024-11-27,20:00,DET,MEM,401704859,Final
2024-11-27,20:00,SAC,MIN,401704860,Final
2024-11-27,20:00,TOR,NOP,401704861,Final
2024-11-27,20:30,LAL,SAS,401704862,Final
2024-11-27,21:00,BKN,PHX,401704863,Final
2024-11-27,21:00,DEN,UTA,401704864,Final
2024-11-27,22:00,OKC,GSW,401704865,Final
2024-11-29,12:00,NYK,CHA,401703409,Final
2024-11-29,14:30,CLE,ATL,401703410,Final
2024-11-29,17:00,NOP,MEM,401703411,Final
2024-11-29,19:30,ORL,BKN,401703412,Final
2024-11-29,19:30,LAC,MIN,401703413,Final
2024-11-29,20:00,DET,IND,401703414,Final
2024-11-29,20:00,TOR,MIA,401703415,Final
2024-11-29,20:00,BOS,CHI,401703416,Final
2024-11-29,22:00,OKC,LAL,401703417,Final
2024-11-29,22:00,SAC,POR,401703418,Final
2024-11-30,18:00,ATL,CHA,401704866,Final
2024-11-30,19:00,PHI,DET,401704867,Final
2024-11-30,20:00,WAS,MIL,401704868,Final
2024-11-30,21:00,GSW,PHX,401704869,Final
2024-11-30,21:30,DAL,UTA,401704870,Final
2024-12-01,15:30,ORL,BKN,401704871,Final
2024-12-01,15:30,IND,MEM,401704872,Final
2024-12-01,18:00,BOS,CLE,401704873,Final
2024-12-01,18:00,NOP,NYK,401704874,Final
2024-12-01,18:00,MIA,TOR,401704875,Final
2024-12-01,19:00,OKC,HOU,401704876,Final
2024-12-01,20:00,LAL,UTA,401704877,Final
2024-12-01,21:00,DAL,POR,401704878,Final
2024-12-01,21:00,SAS,SAC,401704879,Final
2024-12-01,22:00,DEN,LAC,401704880,Final
2024-12-02,19:30,NOP,ATL,401704881,Final
2024-12-02,19:30,MIA,BOS,401704882,Final
2024-12-02,20:00,BKN,CHI,401704883,Final
2024-12-02,20:00,LAL,MIN,401704884,Final
2024-12-03,19:00,PHI,CHA,401703419,Final
2024-12-03,19:00,WAS,CLE,401703420,Final
2024-12-03,19:00,MIL,DET,401703421,Final
2024-12-03,19:30,ORL,NYK,401703422,Final
2024-12-03,19:30,IND,TOR,401703423,Final
2024-12-03,20:00,UTA,OKC,401703424,Final
2024-12-03,20:30,MEM,DAL,401703425,Final
2024-12-03,21:00,SAS,PHX,401703426,Final
2024-12-03,22:00,GSW,DEN,401703427,Final
2024-12-03,22:00,HOU,SAC,401703428,Final
2024-12-03,22:30,POR,LAC,401703429,Final
2024-12-04,19:30,DET,BOS,401704885,Final
2024-12-04,19:30,IND,BKN,401704886,Final
2024-12-04,19:30,LAL,MIA,401704887,Final
2024-12-04,19:30,ORL,PHI,401704888,Final
2024-12-04,20:00,ATL,MIL,401704889,Final
2024-12-04,22:30,MIN,LAC,401704890,Final
2024-12-05,19:00,DEN,CLE,401704891,Final
2024-12-05,19:00,DAL,WAS,401704892,Final
2024-12-05,19:30,CHA,NYK,401704893,Final
2024-12-05,19:30,OKC,TOR,401704894,Final
2024-12-05,20:00,SAC,MEM,401704895,Final
2024-12-05,20:00,PHX,NOP,401704896,Final
2024-12-05,20:00,CHI,SAS,401704897,Final
2024-12-05,22:00,HOU,GSW,401704898,Final
2024-12-06,19:00,ORL,PHI,401704899,Final
2024-12-06,19:30,LAL,ATL,401704900,Final
2024-12-06,19:30,MIL,BOS,401704901,Final
2024-12-06,20:00,IND,CHI,401704902,Final
2024-12-06,20:00,SAC,SAS,401704903,Final
2024-12-06,22:00,MIN,GSW,401704904,Final
2024-12-06,22:00,UTA,POR,401704905,Final
2024-12-07,13:00,CLE,CHA,401704906,Final
2024-12-07,19:00,DEN,WAS,401704907,Final
2024-12-07,19:00,OKC,NOP,401704908,Final
2024-12-07,19:30,DET,NYK,401704909,Final
2024-12-07,19:30,DAL,TOR,401704910,Final
2024-12-07,20:00,MEM,BOS,401704911,Final
2024-12-07,20:00,PHX,MIA,401704912,Final
2024-12-08,13:00,PHI,CHI,401704913,Final
2024-12-08,15:30,MIL,BKN,401704914,Final
2024-12-08,17:00,CHA,IND,401704915,Final
2024-12-08,18:00,DEN,ATL,401704916,Final
2024-12-08,18:00,CLE,MIA,401704917,Final
2024-12-08,18:30,PHX,ORL,401704918,Final
2024-12-08,19:00,MEM,WAS,401704919,Final
2024-12-08,19:00,NOP,SAS,401704920,Final
2024-12-08,20:30,MIN,GSW,401704921,Final
2024-12-08,21:00,HOU,LAC,401704922,Final
2024-12-08,21:00,UTA,SAC,401704923,Final
2024-12-08,21:30,POR,LAL,401704924,Final
2024-12-09,19:30,NYK,TOR,401704925,Final
2024-12-10,19:00,ORL,MIL,401734902,Final
2024-12-10,21:30,DAL,OKC,401734903,Final
2024-12-11,19:00,ATL,NYK,401734904,Final
2024-12-11,21:30,GSW,HOU,401734905,Final
2024-12-12,19:30,DET,BOS,401736799,Final
2024-12-12,19:30,TOR,MIA,401736800,Final
2024-12-12,20:00,SAC,NOP,401736801,Final
2024-12-13,19:00,WAS,CLE,401736802,Final
2024-12-13,19:00,IND,PHI,401736803,Final
2024-12-13,20:00,LAL,MIN,401736804,Final
2024-12-13,20:00,BKN,MEM,401736805,Final
2024-12-13,20:00,CHA,CHI,401736806,Final
2024-12-13,21:00,LAC,DEN,401736807,Final
2024-12-13,21:30,PHX,UTA,401736808,Final
2024-12-13,22:00,SAS,POR,401736809,Final
2024-12-14,16:30,ATL,MIL,401734906,Final
2024-12-14,20:30,HOU,OKC,401734907,Final
2024-12-15,17:00,NOP,IND,401736810,Final
2024-12-15,18:00,BOS,WAS,401736811,Final
2024-12-15,18:00,NYK,ORL,401737902,Final
2024-12-15,19:00,MIN,SAS,401736812,Final
2024-12-15,20:00,POR,PHX,401736813,Final
2024-12-15,20:30,DAL,GSW,401737912,Final
2024-12-15,21:30,MEM,LAL,401736814,Final
2024-12-16,19:00,PHI,CHA,401736815,Final
2024-12-16,19:00,MIA,DET,401736816,Final
2024-12-16,19:30,CHI,TOR,401736817,Final
2024-12-16,19:30,CLE,BKN,401736818,Final
2024-12-16,22:00,DEN,SAC,401736819,Final
2024-12-16,22:30,UTA,LAC,401736820,Final
2024-12-17,20:30,MIL,OKC,401734908,Final
2024-12-19,19:00,UTA,DET,401704926,Final
2024-12-19,19:00,OKC,ORL,401704927,Final
2024-12-19,19:00,CHA,WAS,401704928,Final
2024-12-19,19:30,CHI,BOS,401704929,Final
2024-12-19,19:30,BKN,TOR,401704930,Final
2024-12-19,20:00,NOP,HOU,401704931,Final
2024-12-19,20:00,GSW,MEM,401704932,Final
2024-12-19,20:00,ATL,SAS,401704936,Final
2024-12-19,20:30,LAC,DAL,401704934,Final
2024-12-19,21:00,IND,PHX,401704935,Final
2024-12-19,21:30,NYK,MIN,401704933,Final
2024-12-19,22:00,DEN,POR,401704937,Final
2024-12-19,22:00,LAL,SAC,401704938,Final
2024-12-20,19:00,CHA,PHI,401704939,Final
2024-12-20,19:30,MIL,CLE,401704940,Final
2024-12-20,20:00,OKC,MIA,401704941,Final
2024-12-21,18:00,LAL,SAC,401704942,Final
2024-12-21,19:00,MIA,ORL,401704943,Final
2024-12-21,19:30,MEM,ATL,401704944,Final
2024-12-21,19:30,UTA,BKN,401704945,Final
2024-12-21,20:00,PHI,CLE,401704946,Final
2024-12-21,20:00,BOS,CHI,401704947,Final
2024-12-21,20:00,WAS,MIL,401704948,Final
2024-12-21,20:00,GSW,MIN,401704949,Final
2024-12-21,20:00,NYK,NOP,401704950,Final
2024-12-21,20:30,LAC,DAL,401704951,Final
2024-12-21,20:30,POR,SAS,401704952,Final
2024-12-21,21:00,DET,PHX,401704953,Final
2024-12-22,18:00,HOU,TOR,401704954,Final
2024-12-22,18:00,IND,SAC,401704955,Final
2024-12-22,19:00,DEN,NOP,401704956,Final
2024-12-23,19:00,HOU,CHA,401704957,Final
2024-12-23,19:00,UTA,CLE,401704958,Final
2024-12-23,19:00,BOS,ORL,401704959,Final
2024-12-23,19:00,SAS,PHI,401704960,Final
2024-12-23,19:30,MIN,ATL,401704961,Final
2024-12-23,19:30,BKN,MIA,401704962,Final
2024-12-23,19:30,TOR,NYK,401704963,Final
2024-12-23,20:00,MIL,CHI,401704964,Final
2024-12-23,20:00,LAC,MEM,401704965,Final
2024-12-23,20:00,WAS,OKC,401704966,Final
2024-12-23,20:30,POR,DAL,401704967,Final
2024-12-23,22:00,PHX,DEN,401704968,Final
2024-12-23,22:00,IND,GSW,401704969,Final
2024-12-23,22:30,DET,LAL,401704970,Final
2024-12-25,12:00,SAS,NYK,401704971,Final
2024-12-25,14:30,MIN,DAL,401704972,Final
2024-12-25,17:00,PHI,BOS,401704973,Final
2024-12-25,20:00,LAL,GSW,401704974,Final
2024-12-25,22:30,DEN,PHX,401704975,Final
2024-12-26,19:00,OKC,IND,401704976,Final
2024-12-26,19:00,MIA,ORL,401704977,Final
2024-12-26,19:00,CHA,WAS,401704978,Final
2024-12-26,19:30,CHI,ATL,401704979,Final
2024-12-26,20:00,TOR,MEM,401704980,Final
2024-12-26,20:00,BKN,MIL,401704981,Final
2024-12-26,20:00,HOU,NOP,401704982,Final
2024-12-26,22:00,UTA,POR,401704983,Final
2024-12-26,22:00,DET,SAC,401704984,Final
2024-12-27,19:00,NYK,ORL,401704985,Final
2024-12-27,19:30,IND,BOS,401704986,Final
2024-12-27,19:30,SAS,BKN,401704987,Final
2024-12-27,20:00,MIN,HOU,401704988,Final
2024-12-27,20:00,MEM,NOP,401704989,Final
2024-12-27,21:00,CLE,DEN,401704990,Final
2024-12-27,21:00,DAL,PHX,401704991,Final
2024-12-27,22:00,GSW,LAC,401704992,Final
2024-12-28,15:00,MIA,ATL,401704993,Final
2024-12-28,18:00,OKC,CHA,401704994,Final
2024-12-28,19:00,NYK,WAS,401704995,Final
2024-12-28,20:00,MIL,CHI,401704996,Final
2024-12-28,20:30,PHX,GSW,401704997,Final
2024-12-28,21:00,DET,DEN,401704998,Final
2024-12-28,21:30,PHI,UTA,401704999,Final
2024-12-28,22:00,DAL,POR,401705000,Final
2024-12-28,22:30,SAC,LAL,401705001,Final
2024-12-29,15:30,BKN,ORL,401705002,Final
2024-12-29,18:00,IND,BOS,401705003,Final
2024-12-29,18:00,ATL,TOR,401705004,Final
2024-12-29,19:00,MIA,HOU,401705005,Final
2024-12-29,19:00,MEM,OKC,401705006,Final
2024-12-29,21:00,SAS,MIN,401705007,Final
2024-12-30,19:00,CHI,CHA,401705008,Final
2024-12-30,19:00,NYK,WAS,401705009,Final
2024-12-30,20:00,LAC,NOP,401705010,Final
2024-12-30,21:00,DEN,UTA,401705011,Final
2024-12-30,22:00,CLE,GSW,401705012,Final
2024-12-30,22:00,PHI,POR,401705013,Final
2024-12-30,22:00,DAL,SAC,401705014,Final
2024-12-31,15:00,TOR,BOS,401705015,Final
2024-12-31,15:00,MIL,IND,401705016,Final
2024-12-31,19:00,LAC,SAS,401705017,Final
2024-12-31,20:00,MIN,OKC,401705018,Final
2024-12-31,21:00,MEM,PHX,401705019,Final
2024-12-31,21:00,CLE,LAL,401705020,Final
2025-01-01,19:00,ORL,DET,401705021,Final
2025-01-01,19:00,CHI,WAS,401705022,Final
2025-01-01,19:30,NOP,MIA,401705023,Final
2025-01-01,19:30,UTA,NYK,401705024,Final
2025-01-01,19:30,BKN,TOR,401705025,Final
2025-01-01,20:00,DAL,HOU,401705026,Final
2025-01-01,21:00,ATL,DEN,401705027,Final
2025-01-01,22:00,PHI,SAC,401705028,Final
2025-01-02,19:30,IND,MIA,401705029,Final
2025-01-02,19:30,BOS,MIN,401705030,Final
2025-01-02,20:00,BKN,MIL,401705031,Final
2025-01-02,20:00,LAC,OKC,401705032,Final
2025-01-02,22:00,PHI,GSW,401705033,Final
2025-01-02,22:30,POR,LAL,401705034,Final
2025-01-03,19:00,CHA,DET,401705035,Final
2025-01-03,19:30,ORL,TOR,401705036,Final
2025-01-03,20:00,BOS,HOU,401705037,Final
2025-01-03,20:00,WAS,NOP,401705038,Final
2025-01-03,20:00,NYK,OKC,401705039,Final
2025-01-03,20:30,CLE,DAL,401705040,Final
2025-01-03,21:00,SAS,DEN,401705041,Final
2025-01-03,22:00,MEM,SAC,401705042,Final
2025-01-03,22:30,ATL,LAL,401705043,Final
2025-01-04,18:00,PHI,BKN,401705044,Final
2025-01-04,19:00,MIN,DET,401705045,Final
2025-01-04,19:00,PHX,IND,401705046,Final
2025-01-04,20:00,UTA,MIA,401705047,Final
2025-01-04,20:00,NYK,CHI,401705048,Final
2025-01-04,20:00,POR,MIL,401705049,Final
2025-01-04,20:00,DEN,SAS,401705050,Final
2025-01-04,20:30,MEM,GSW,401705051,Final
2025-01-04,22:30,ATL,LAC,401705052,Final
2025-01-05,15:30,BOS,OKC,401705053,Final
2025-01-05,18:00,CHA,CLE,401705054,Final
2025-01-05,18:00,NOP,WAS,401705055,Final
2025-01-05,18:30,UTA,ORL,401705056,Final
2025-01-05,19:00,LAL,HOU,401705057,Final
2025-01-05,20:30,SAC,GSW,401705058,Final
2025-01-06,19:00,POR,DET,401705059,Final
2025-01-06,19:00,PHX,PHI,401705060,Final
2025-01-06,19:30,IND,BKN,401705061,Final
2025-01-06,19:30,ORL,NYK,401705062,Final
2025-01-06,19:30,MIL,TOR,401705063,Final
2025-01-06,20:00,SAS,CHI,401705064,Final
2025-01-06,20:00,DAL,MEM,401705065,Final
2025-01-06,20:00,LAC,MIN,401705066,Final
2025-01-06,22:00,MIA,SAC,401705067,Final
2025-01-07,19:00,PHX,CHA,401705068,Final
2025-01-07,19:00,HOU,WAS,401705069,Final
2025-01-07,19:30,LAL,DAL,401705070,Final
2025-01-07,20:00,MIN,NOP,401705071,Final
2025-01-07,21:00,ATL,UTA,401705072,Final
2025-01-07,22:00,BOS,DEN,401705073,Final
2025-01-07,22:00,MIA,GSW,401705074,Final
2025-01-08,19:00,OKC,CLE,401705075,Final
2025-01-08,19:00,CHI,IND,401705076,Final
2025-01-08,19:00,WAS,PHI,401705078,Final
2025-01-08,19:30,TOR,NYK,401705077,Final
2025-01-08,19:30,DET,BKN,401705079,Final
2025-01-08,20:00,POR,NOP,401705080,Final
2025-01-08,21:00,LAC,DEN,401705081,Final
2025-01-08,21:30,SAS,MIL,401705082,Final
2025-01-09,19:00,TOR,CLE,401705083,Final
2025-01-09,19:00,GSW,DET,401705084,Final
2025-01-09,19:00,MIN,ORL,401705085,Final
2025-01-09,19:30,POR,DAL,401705087,Final
2025-01-09,20:00,HOU,MEM,401705086,Final
2025-01-09,21:00,ATL,PHX,401705088,Final
2025-01-09,21:00,MIA,UTA,401705089,Final
2025-01-09,22:30,CHA,LAL,401705090,Postponed
2025-01-10,19:00,GSW,IND,401705091,Final
2025-01-10,19:00,MIL,ORL,401705092,Final
2025-01-10,19:00,NOP,PHI,401705093,Final
2025-01-10,19:30,SAC,BOS,401705094,Final
2025-01-10,19:30,OKC,NYK,401705095,Final
2025-01-10,20:00,WAS,CHI,401705096,Final
2025-01-10,21:00,BKN,DEN,401705097,Final
2025-01-11,15:00,HOU,ATL,401705098,Postponed
2025-01-11,17:00,UTA,PHX,401705099,Final
2025-01-11,19:00,TOR,DET,401705100,Final
2025-01-11,20:00,MEM,MIN,401705101,Final
2025-01-11,22:00,MIA,POR,401705102,Final
2025-01-11,22:30,SAS,LAL,401705103,Postponed
2025-01-11,22:30,CHA,LAC,401705104,Postponed
2025-01-12,15:00,MIL,NYK,401705105,Final
2025-01-12,15:00,DEN,DAL,401705106,Final
2025-01-12,15:30,SAC,CHI,401705107,Final
2025-01-12,18:00,NOP,BOS,401705108,Final
2025-01-12,18:00,IND,CLE,401705109,Final
2025-01-12,18:00,PHI,ORL,401705110,Final
2025-01-12,18:00,OKC,WAS,401705111,Final
2025-01-12,20:00,BKN,UTA,401705112,Final
2025-01-12,21:00,CHA,PHX,401705113,Final
2025-01-13,19:00,MIN,WAS,401705114,Final
2025-01-13,19:30,DET,NYK,401705115,Final
2025-01-13,19:30,GSW,TOR,401705116,Final
2025-01-13,20:00,MEM,HOU,401705117,Final
2025-01-13,22:30,SAS,LAL,401705118,Final
2025-01-13,22:30,MIA,LAC,401705119,Final
2025-01-14,19:00,CLE,IND,401705120,Final
2025-01-14,19:00,OKC,PHI,401705121,Final
2025-01-14,19:30,PHX,ATL,401705122,Final
2025-01-14,20:00,NOP,CHI,401705123,Final
2025-01-14,20:00,SAC,MIL,401705124,Final
2025-01-14,21:30,DEN,DAL,401705125,Final
2025-01-14,22:00,BKN,POR,401705126,Final
2025-01-15,19:00,NYK,PHI,401705127,Final
2025-01-15,19:30,BOS,TOR,401705128,Final
2025-01-15,20:00,ATL,CHI,401705129,Final
2025-01-15,20:00,ORL,MIL,401705130,Final
2025-01-15,20:00,DAL,NOP,401705132,Final
2025-01-15,20:00,MEM,SAS,401705133,Final
2025-01-15,21:00,HOU,DEN,401705134,Final
2025-01-15,21:00,CHA,UTA,401705135,Final
2025-01-15,21:30,GSW,MIN,401705131,Final
2025-01-15,22:00,MIA,LAL,401705136,Final
2025-01-15,22:30,BKN,LAC,401705137,Final
2025-01-16,19:00,IND,DET,401705138,Final
2025-01-16,19:00,PHX,WAS,401705139,Final
2025-01-16,19:30,CLE,OKC,401705140,Final
2025-01-16,22:00,LAC,POR,401705141,Final
2025-01-16,22:00,HOU,SAC,401705142,Final
2025-01-17,19:00,ORL,BOS,401705143,Final
2025-01-17,19:30,MIN,NYK,401705144,Final
2025-01-17,20:00,DEN,MIA,401705145,Final
2025-01-17,20:00,TOR,MIL,401705146,Final
2025-01-17,20:00,UTA,NOP,401705147,Final
2025-01-17,20:00,CHA,CHI,401705150,Final
2025-01-17,20:30,OKC,DAL,401705149,Final
2025-01-17,21:30,MEM,SAS,401705148,Final
2025-01-17,22:30,BKN,LAL,401705151,Final
2025-01-18,16:00,PHX,DET,401705152,Final
2025-01-18,19:00,ATL,BOS,401705153,Final
2025-01-18,19:00,PHI,IND,401705154,Final
2025-01-18,20:30,WAS,GSW,401705155,Final
2025-01-18,21:00,CLE,MIN,401705156,Final
2025-01-18,22:00,HOU,POR,401705157,Final
2025-01-19,15:00,SAS,MIA,401705158,Final
2025-01-19,18:00,DEN,ORL,401705159,Final
2025-01-19,19:00,PHI,MIL,401705160,Final
2025-01-19,19:00,BKN,OKC,401705161,Final
2025-01-19,21:00,LAL,LAC,401705162,Final
2025-01-19,21:00,CHI,POR,401705163,Final
2025-01-19,21:00,WAS,SAC,401705164,Final
2025-01-20,12:00,DAL,CHA,401705165,Final
2025-01-20,14:00,DET,HOU,401705166,Final
2025-01-20,14:30,MIN,MEM,401705167,Final
2025-01-20,15:00,ATL,NYK,401705168,Final
2025-01-20,15:30,PHX,CLE,401705169,Final
2025-01-20,17:00,BOS,GSW,401705170,Final
2025-01-20,20:00,UTA,NOP,401705171,Final
2025-01-20,22:30,CHI,LAC,401705177,Final
2025-01-21,19:30,NYK,BKN,401705172,Final
2025-01-21,19:30,POR,MIA,401705173,Final
2025-01-21,19:30,ORL,TOR,401705174,Final
2025-01-21,22:00,PHI,DEN,401705175,Final
2025-01-21,22:30,WAS,LAL,401705176,Final
2025-01-22,19:30,DET,ATL,401705178,Final
2025-01-22,19:30,PHX,BKN,401705179,Final
2025-01-22,19:30,MIN,DAL,401705180,Final
2025-01-22,20:00,CLE,HOU,401705181,Final
2025-01-22,20:00,CHA,MEM,401705182,Final
2025-01-22,20:00,MIL,NOP,401705183,Postponed
2025-01-22,20:00,UTA,OKC,401705184,Final
2025-01-22,22:00,GSW,SAC,401705185,Final
2025-01-22,22:30,BOS,LAC,401705186,Final
2025-01-23,14:00,SAS,IND,401705187,Final
2025-01-23,19:00,POR,ORL,401705188,Final
2025-01-23,19:30,TOR,ATL,401705189,Final
2025-01-23,20:00,DAL,OKC,401705191,Final
2025-01-23,20:30,MIA,MIL,401705190,Final
2025-01-23,21:00,SAC,DEN,401705192,Final
2025-01-23,22:00,CHI,GSW,401705194,Final
2025-01-23,22:00,BOS,LAL,401705195,Final
2025-01-23,22:30,WAS,LAC,401705549,Final
2025-01-24,19:00,POR,CHA,401705196,Final
2025-01-24,19:00,CLE,PHI,401705197,Final
2025-01-24,20:00,NOP,MEM,401705198,Final
2025-01-25,12:00,IND,SAS,401705199,Final
2025-01-25,15:00,DEN,MIN,401705200,Final
2025-01-25,17:30,BOS,DAL,401705201,Final
2025-01-25,18:00,MIA,BKN,401705202,Final
2025-01-25,19:00,NOP,CHA,401705203,Final
2025-01-25,19:00,DET,ORL,401705204,Final
2025-01-25,19:30,TOR,ATL,401705205,Final
2025-01-25,19:30,HOU,CLE,401705206,Final
2025-01-25,19:30,SAC,NYK,401705207,Final
2025-01-25,20:00,PHI,CHI,401705208,Final
2025-01-25,20:00,UTA,MEM,401705209,Final
2025-01-25,20:30,LAL,GSW,401705210,Final
2025-01-25,21:00,WAS,PHX,401705211,Final
2025-01-25,22:30,MIL,LAC,401705212,Final
2025-01-26,18:00,OKC,POR,401705213,Final
2025-01-27,19:00,LAL,CHA,401705214,Final
2025-01-27,19:00,DET,CLE,401705215,Final
2025-01-27,19:30,HOU,BOS,401705216,Final
2025-01-27,19:30,SAC,BKN,401705217,Final
2025-01-27,19:30,ORL,MIA,401705218,Final
2025-01-27,19:30,MEM,NYK,401705219,Final
2025-01-27,19:30,NOP,TOR,401705220,Final
2025-01-27,20:00,DEN,CHI,401705221,Final
2025-01-27,20:00,ATL,MIN,401705222,Final
2025-01-27,20:30,WAS,DAL,401705223,Final
2025-01-27,21:00,MIL,UTA,401705224,Final
2025-01-27,21:30,LAC,PHX,401705225,Final
2025-01-28,19:30,LAL,PHI,401705226,Final
2025-01-28,19:30,HOU,ATL,401748705,Final
2025-01-28,22:00,UTA,GSW,401705227,Final
2025-01-28,22:00,MIL,POR,401705228,Final
2025-01-29,19:00,BKN,CHA,401705229,Final
2025-01-29,19:00,DET,IND,401705230,Final
2025-01-29,19:00,TOR,WAS,401705231,Final
2025-01-29,19:30,CHI,BOS,401705232,Final
2025-01-29,19:30,CLE,MIA,401705233,Final
2025-01-29,19:30,DEN,NYK,401705234,Final
2025-01-29,19:30,SAC,PHI,401705235,Final
2025-01-29,20:00,DAL,NOP,401705236,Final
2025-01-29,20:00,LAC,SAS,401705237,Final
2025-01-29,21:00,MIN,PHX,401705238,Final
2025-01-29,22:00,OKC,GSW,401705239,Final
2025-01-30,19:00,LAL,WAS,401705240,Final
2025-01-30,19:00,ATL,CLE,401705241,Final
2025-01-30,21:00,MIN,UTA,401705243,Final
2025-01-30,21:30,HOU,MEM,401705242,Final
2025-01-30,22:00,ORL,POR,401705244,Final
2025-01-31,19:00,LAC,CHA,401705245,Final
2025-01-31,19:00,DAL,DET,401705246,Final
2025-01-31,19:30,DEN,PHI,401705247,Final
2025-01-31,19:30,CHI,TOR,401705248,Final
2025-01-31,20:00,BOS,NOP,401705249,Final
2025-01-31,20:00,MIL,SAS,401705250,Final
2025-01-31,22:00,PHX,GSW,401705251,Final
2025-02-01,17:00,ATL,IND,401705252,Final
2025-02-01,17:00,ORL,UTA,401705253,Final
2025-02-01,19:00,DEN,CHA,401705254,Final
2025-02-01,20:00,BKN,HOU,401705255,Final
2025-02-01,20:00,WAS,MIN,401705256,Final
2025-02-01,20:00,SAC,OKC,401705257,Final
2025-02-01,20:30,LAL,NYK,401705258,Final
2025-02-01,20:30,MIA,SAS,401705259,Final
2025-02-01,22:00,PHX,POR,401705260,Final
2025-02-02,15:00,CHI,DET,401705261,Final
2025-02-02,15:30,DAL,CLE,401705262,Final
2025-02-02,15:30,LAC,TOR,401705263,Final
2025-02-02,18:00,BOS,PHI,401705264,Final
2025-02-02,20:30,MEM,MIL,401705265,Final
2025-02-03,19:00,WAS,CHA,401705266,Final
2025-02-03,19:00,ATL,DET,401705267,Final
2025-02-03,19:30,HOU,NYK,401705268,Final
2025-02-03,20:00,SAC,MIN,401705270,Final
2025-02-03,20:00,MIL,OKC,401705271,Final
2025-02-03,20:50,SAS,MEM,401705269,Final
2025-02-03,21:00,NOP,DEN,401705272,Final
2025-02-03,21:00,IND,UTA,401705273,Final
2025-02-03,22:00,ORL,GSW,401705274,Final
2025-02-03,22:00,PHX,POR,401705275,Final
2025-02-04,19:00,DAL,PHI,401705278,Final
2025-02-04,19:30,BOS,CLE,401705276,Final
2025-02-04,19:30,HOU,BKN,401705277,Final
2025-02-04,19:30,NYK,TOR,401705279,Final
2025-02-04,20:00,MIA,CHI,401705280,Final
2025-02-04,22:00,LAL,LAC,401705281,Final
2025-02-04,22:00,IND,POR,401705282,Final
2025-02-05,19:00,MIL,CHA,401705283,Final
2025-02-05,19:00,CLE,DET,401705284,Final
2025-02-05,19:00,SAS,ATL,401705285,Final
2025-02-05,19:30,WAS,BKN,401705286,Final
2025-02-05,19:30,MIA,PHI,401705287,Final
2025-02-05,19:30,MEM,TOR,401705288,Final
2025-02-05,20:00,CHI,MIN,401705289,Final
2025-02-05,21:00,GSW,UTA,401705291,Final
2025-02-05,21:00,NOP,DEN,401705292,Final
2025-02-05,21:30,PHX,OKC,401705290,Final
2025-02-05,22:00,ORL,SAC,401705293,Final
2025-02-06,19:30,DAL,BOS,401705294,Final
2025-02-06,20:00,HOU,MIN,401705295,Final
2025-02-06,21:00,ORL,DEN,401705296,Final
2025-02-06,22:00,GSW,LAL,401705297,Final
2025-02-06,22:00,SAC,POR,401705298,Final
2025-02-06,22:30,IND,LAC,401705299,Final
2025-02-07,19:00,SAS,CHA,401705300,Final
2025-02-07,19:00,CLE,WAS,401705301,Final
2025-02-07,19:30,MIL,ATL,401705302,Final
2025-02-07,19:30,MIA,BKN,401705303,Final
2025-02-07,19:30,PHI,DET,401705304,Final
2025-02-07,20:00,TOR,OKC,401705305,Final
2025-02-07,22:00,UTA,PHX,401705306,Final
2025-02-08,15:00,HOU,DAL,401705307,Final
2025-02-08,16:00,IND,LAL,401705308,Final
2025-02-08,19:00,SAS,ORL,401705309,Final
2025-02-08,19:00,ATL,WAS,401705310,Final
2025-02-08,20:00,GSW,CHI,401705311,Final
2025-02-08,20:00,OKC,MEM,401705312,Final
2025-02-08,20:00,POR,MIN,401705313,Final
2025-02-08,20:30,BOS,NYK,401705314,Final
2025-02-08,21:00,DEN,PHX,401705315,Final
2025-02-08,22:00,NOP,SAC,401705316,Final
2025-02-08,22:30,UTA,LAC,401705317,Final
2025-02-09,13:00,CHA,DET,401705318,Final
2025-02-09,14:00,TOR,HOU,401705319,Final
2025-02-09,14:00,PHI,MIL,401705320,Final
2025-02-10,19:00,MIN,CLE,401705321,Final
2025-02-10,19:00,ATL,ORL,401705322,Final
2025-02-10,19:00,SAS,WAS,401705323,Final
2025-02-10,19:30,CHA,BKN,401705324,Final
2025-02-10,19:30,BOS,MIA,401705325,Final
2025-02-10,20:00,GSW,MIL,401705326,Final
2025-02-10,20:00,NOP,OKC,401705327,Final
2025-02-10,20:30,SAC,DAL,401705328,Final
2025-02-10,21:00,POR,DEN,401705329,Final
2025-02-10,22:30,UTA,LAL,401705334,Final
2025-02-11,19:00,TOR,PHI,401705330,Final
2025-02-11,19:30,NYK,IND,401705331,Final
2025-02-11,20:00,DET,CHI,401705332,Final
2025-02-11,22:00,MEM,PHX,401705333,Final
2025-02-12,19:00,SAS,BOS,401705335,Final
2025-02-12,19:00,CHA,ORL,401705336,Final
2025-02-12,19:00,IND,WAS,401705337,Final
2025-02-12,19:30,PHI,BKN,401705338,Final
2025-02-12,19:30,ATL,NYK,401705339,Final
2025-02-12,19:30,CLE,TOR,401705340,Final
2025-02-12,20:00,DET,CHI,401705341,Final
2025-02-12,20:00,MIL,MIN,401705342,Final
2025-02-12,20:00,SAC,NOP,401705343,Final
2025-02-12,20:00,MIA,OKC,401705344,Final
2025-02-12,20:30,PHX,HOU,401705345,Final
2025-02-12,21:00,POR,DEN,401705346,Final
2025-02-12,21:00,LAL,UTA,401705347,Final
2025-02-12,21:30,GSW,DAL,401705348,Final
2025-02-12,22:30,MEM,LAC,401705349,Final
2025-02-13,20:00,GSW,HOU,401705350,Final
2025-02-13,20:00,SAC,NOP,401705351,Final
2025-02-13,20:30,MIA,DAL,401705352,Final
2025-02-13,20:30,OKC,MIN,401705353,Final
2025-02-13,21:00,LAC,UTA,401705570,Final
2025-02-16,20:20,Team Kenny,Team Chuck,401752955,Final
2025-02-16,21:10,Team Candace,Team Shaq,401752956,Final
2025-02-16,22:00,Team Shaq,Team Chuck,401752957,Final
2025-02-19,22:00,CHA,LAL,401748704,Final
2025-02-20,19:00,MEM,IND,401705354,Final
2025-02-20,19:00,BOS,PHI,401705355,Final
2025-02-20,19:30,ORL,ATL,401705356,Final
2025-02-20,19:30,CLE,BKN,401705357,Final
2025-02-20,19:30,CHI,NYK,401705358,Final
2025-02-20,20:00,LAC,MIL,401705359,Final
2025-02-20,21:00,CHA,DEN,401705360,Final
2025-02-20,21:30,PHX,SAS,401705361,Final
2025-02-20,22:00,LAL,POR,401705362,Final
2025-02-21,19:00,NYK,CLE,401705363,Final
2025-02-21,19:00,MEM,ORL,401705364,Final
2025-02-21,19:00,MIL,WAS,401705365,Final
2025-02-21,19:30,MIA,TOR,401705366,Final
2025-02-21,20:30,DET,SAS,401705368,Final
2025-02-21,20:30,NOP,DAL,401705369,Final
2025-02-21,21:30,MIN,HOU,401705367,Final
2025-02-21,21:30,OKC,UTA,401705370,Final
2025-02-21,22:00,GSW,SAC,401705371,Final
2025-02-22,17:00,PHX,CHI,401705372,Final
2025-02-22,19:30,BKN,PHI,401705373,Final
2025-02-22,20:30,LAL,DEN,401705374,Final
2025-02-22,21:30,HOU,UTA,401705375,Final
2025-02-22,22:00,CHA,POR,401705376,Final
2025-02-23,13:00,NYK,BOS,401705377,Final
2025-02-23,15:30,DAL,GSW,401705378,Final
2025-02-23,17:00,LAC,IND,401705379,Final
2025-02-23,18:00,DET,ATL,401705380,Final
2025-02-23,18:00,WAS,ORL,401705381,Final
2025-02-23,18:00,PHX,TOR,401705382,Final
2025-02-23,18:00,MIA,MIL,401705383,Final
2025-02-23,19:00,SAS,NOP,401705384,Final
2025-02-23,19:00,MEM,CLE,401705385,Final
2025-02-23,21:50,OKC,MIN,401705386,Final
2025-02-24,19:00,LAC,DET,401705387,Final
2025-02-24,19:00,DEN,IND,401705388,Final
2025-02-24,19:00,CHI,PHI,401705389,Final
2025-02-24,19:00,BKN,WAS,401705390,Final
2025-02-24,19:30,MIA,ATL,401705391,Final
2025-02-24,20:00,MIN,OKC,401705392,Final
2025-02-24,21:00,POR,UTA,401705393,Final
2025-02-24,22:00,CHA,SAC,401705394,Final
2025-02-25,19:00,BOS,TOR,401705395,Final
2025-02-25,19:30,CLE,ORL,401705396,Final
2025-02-25,20:00,MIL,HOU,401705397,Final
2025-02-25,20:00,PHX,MEM,401705398,Final
2025-02-25,20:00,SAS,NOP,401705399,Final
2025-02-25,22:00,CHA,GSW,401705400,Final
2025-02-25,22:00,DAL,LAL,401705401,Final
2025-02-26,19:00,BOS,DET,401705402,Final
2025-02-26,19:00,TOR,IND,401705403,Final
2025-02-26,19:00,PHI,NYK,401705404,Final
2025-02-26,19:00,POR,WAS,401705405,Final
2025-02-26,19:30,OKC,BKN,401705406,Final
2025-02-26,19:30,ATL,MIA,401705407,Final
2025-02-26,20:00,LAC,CHI,401705408,Final
2025-02-26,21:00,SAC,UTA,401705409,Final
2025-02-26,21:50,SAS,HOU,401705410,Final
2025-02-27,19:00,GSW,ORL,401705411,Final
2025-02-27,20:00,DEN,MIL,401705412,Final
2025-02-27,20:30,CHA,DAL,401705413,Final
2025-02-27,21:00,NOP,PHX,401705414,Final
2025-02-27,22:30,MIN,LAL,401705415,Final
2025-02-28,19:00,DEN,DET,401705416,Final
2025-02-28,19:30,OKC,ATL,401705417,Final
2025-02-28,19:30,CLE,BOS,401705418,Final
2025-02-28,19:30,POR,BKN,401705419,Final
2025-02-28,20:00,IND,MIA,401705420,Final
2025-02-28,20:00,TOR,CHI,401705421,Final
2025-02-28,20:00,NYK,MEM,401705422,Final
2025-02-28,21:00,NOP,PHX,401705423,Final
2025-02-28,21:30,MIN,UTA,401705424,Final
2025-02-28,22:00,LAC,LAL,401705425,Final
2025-03-01,18:00,WAS,CHA,401705426,Final
2025-03-01,19:00,BKN,DET,401705427,Final
2025-03-01,20:00,SAC,HOU,401705428,Final
2025-03-01,20:00,SAS,MEM,401705429,Final
2025-03-01,20:30,GSW,PHI,401705430,Final
2025-03-01,20:30,MIL,DAL,401705431,Final
2025-03-02,13:00,DEN,BOS,401705432,Final
2025-03-02,15:30,POR,CLE,401705433,Final
2025-03-02,17:00,CHI,IND,401705434,Final
2025-03-02,18:00,NYK,MIA,401705435,Final
2025-03-02,18:00,TOR,ORL,401705436,Final
2025-03-02,19:00,OKC,SAS,401705437,Final
2025-03-02,20:00,NOP,UTA,401705438,Final
2025-03-02,21:30,MIN,PHX,401705439,Final
2025-03-02,21:30,LAC,LAL,401705440,Final
2025-03-03,19:00,GSW,CHA,401705441,Final
2025-03-03,19:00,POR,PHI,401705442,Final
2025-03-03,19:30,WAS,MIA,401705443,Final
2025-03-03,20:00,ATL,MEM,401705444,Final
2025-03-03,20:00,HOU,OKC,401705445,Final
2025-03-03,20:30,SAC,DAL,401705446,Final
2025-03-03,21:00,DET,UTA,401705447,Final
2025-03-04,19:00,HOU,IND,401705448,Final
2025-03-04,19:00,TOR,ORL,401705449,Final
2025-03-04,19:30,MIL,ATL,401705450,Final
2025-03-04,19:30,GSW,NYK,401705451,Final
2025-03-04,20:00,CLE,CHI,401705452,Final
2025-03-04,20:00,PHI,MIN,401705453,Final
2025-03-04,20:30,BKN,SAS,401705454,Final
2025-03-04,22:00,LAC,PHX,401705455,Final
2025-03-04,22:30,NOP,LAL,401705456,Final
2025-03-05,19:00,POR,BOS,401705457,Final
2025-03-05,19:00,MIN,CHA,401705458,Final
2025-03-05,19:00,MIA,CLE,401705459,Final
2025-03-05,19:00,UTA,WAS,401705460,Final
2025-03-05,20:00,DAL,MIL,401705463,Final
2025-03-05,21:00,SAC,DEN,401705462,Final
2025-03-05,21:30,OKC,MEM,401705461,Final
2025-03-05,22:30,DET,LAC,401705464,Final
2025-03-06,19:00,CHI,ORL,401705510,Final
2025-03-06,19:30,IND,ATL,401705465,Final
2025-03-06,19:30,PHI,BOS,401705466,Final
2025-03-06,19:30,GSW,BKN,401705467,Final
2025-03-06,20:00,HOU,NOP,401705468,Final
2025-03-06,22:00,NYK,LAL,401705469,Final
2025-03-07,19:00,CLE,CHA,401705470,Final
2025-03-07,19:30,UTA,TOR,401705471,Final
2025-03-07,19:30,MEM,DAL,401705472,Final
2025-03-07,20:00,MIN,MIA,401705473,Final
2025-03-07,20:00,POR,OKC,401705474,Final
2025-03-07,22:00,PHX,DEN,401705475,Final
2025-03-07,22:00,SAS,SAC,401705476,Final
2025-03-07,22:30,NYK,LAC,401705477,Final
2025-03-08,18:00,BKN,CHA,401705478,Final
2025-03-08,19:00,NOP,HOU,401705479,Final
2025-03-08,19:30,IND,ATL,401705480,Final
2025-03-08,19:30,WAS,TOR,401705481,Final
2025-03-08,20:00,CHI,MIA,401705482,Final
2025-03-08,20:00,ORL,MIL,401705483,Final
2025-03-08,20:30,LAL,BOS,401705484,Final
2025-03-08,20:30,DET,GSW,401705485,Final
2025-03-09,13:00,DEN,OKC,401705486,Final
2025-03-09,15:30,PHX,DAL,401705487,Final
2025-03-09,19:00,MEM,NOP,401705489,Final
2025-03-09,19:30,UTA,PHI,401705490,Final
2025-03-09,20:00,CLE,MIL,401705488,Final
2025-03-09,20:00,SAS,MIN,401705491,Final
2025-03-09,21:00,DET,POR,401705492,Final
2025-03-09,21:30,SAC,LAC,401705493,Final
2025-03-10,19:30,PHI,ATL,401705494,Final
2025-03-10,19:30,UTA,BOS,401705495,Final
2025-03-10,19:30,LAL,BKN,401705496,Final
2025-03-10,19:30,CHA,MIA,401705497,Final
2025-03-10,19:30,WAS,TOR,401705498,Final
2025-03-10,20:00,IND,CHI,401705499,Final
2025-03-10,20:00,ORL,HOU,401705500,Final
2025-03-10,20:00,PHX,MEM,401705501,Final
2025-03-10,20:00,DEN,OKC,401705502,Final
2025-03-10,20:30,DAL,SAS,401705503,Final
2025-03-10,22:00,POR,GSW,401705504,Final
2025-03-10,22:30,NYK,SAC,401705505,Final
2025-03-11,19:00,BKN,CLE,401705506,Final
2025-03-11,19:00,WAS,DET,401705507,Final
2025-03-11,19:30,MIL,IND,401705508,Final
2025-03-11,20:00,LAC,NOP,401705509,Final
2025-03-12,19:30,CHA,ATL,401705511,Final
2025-03-12,19:30,OKC,BOS,401705512,Final
2025-03-12,19:30,PHI,TOR,401705513,Final
2025-03-12,20:00,LAC,MIA,401705514,Final
2025-03-12,20:00,PHX,HOU,401705515,Final
2025-03-12,20:00,UTA,MEM,401705516,Final
2025-03-12,20:00,DAL,SAS,401705517,Final
2025-03-12,22:00,MIN,DEN,401705518,Final
2025-03-12,22:00,NYK,POR,401705519,Final
2025-03-13,19:00,WAS,DET,401705520,Final
2025-03-13,19:30,LAL,MIL,401705521,Final
2025-03-13,20:00,BKN,CHI,401705522,Final
2025-03-13,20:00,ORL,NOP,401705707,Final
2025-03-13,22:00,SAC,GSW,401705523,Final
2025-03-14,19:00,BOS,MIA,401705524,Final
2025-03-14,19:00,IND,PHI,401705525,Final
2025-03-14,19:30,LAC,ATL,401705526,Final
2025-03-14,20:00,DAL,HOU,401705527,Final
2025-03-14,20:00,CLE,MEM,401705528,Final
2025-03-14,20:00,ORL,MIN,401705529,Final
2025-03-14,20:00,CHA,SAS,401705530,Final
2025-03-14,21:30,LAL,DEN,401705531,Final
2025-03-14,21:30,TOR,UTA,401705532,Final
2025-03-14,22:00,SAC,PHX,401705533,Final
2025-03-15,18:00,BOS,BKN,401705534,Final
2025-03-15,19:00,OKC,DET,401705535,Final
2025-03-15,20:00,CHI,HOU,401705536,Final
2025-03-15,20:00,MIA,MEM,401705537,Final
2025-03-15,20:00,IND,MIL,401705538,Final
2025-03-15,20:30,NOP,SAS,401705539,Final
2025-03-15,20:30,NYK,GSW,401705540,Final
2025-03-15,21:00,WAS,DEN,401705541,Final
2025-03-16,13:00,PHI,DAL,401705542,Final
2025-03-16,13:00,ORL,CLE,401705545,Final
2025-03-16,15:30,PHX,LAL,401705543,Final
2025-03-16,18:00,ATL,BKN,401705544,Final
2025-03-16,18:00,TOR,POR,401705546,Final
2025-03-16,19:00,UTA,MIN,401705547,Final
2025-03-16,19:00,CHA,LAC,401748706,Final
2025-03-16,21:00,OKC,MIL,401705548,Final
2025-03-17,19:30,MIA,NYK,401705550,Final
2025-03-17,20:00,PHI,HOU,401705551,Final
2025-03-17,20:00,IND,MIN,401705552,Final
2025-03-17,20:00,DET,NOP,401705553,Final
2025-03-17,21:00,CHI,UTA,401705555,Final
2025-03-17,22:00,DEN,GSW,401705556,Final
2025-03-17,22:00,TOR,PHX,401705557,Final
2025-03-17,22:00,MEM,SAC,401705558,Final
2025-03-17,22:00,WAS,POR,401705561,Final
2025-03-17,22:30,SAS,LAL,401754705,Final
2025-03-18,19:00,ATL,CHA,401705559,Final
2025-03-18,19:30,BKN,BOS,401705560,Final
2025-03-18,22:00,MIL,GSW,401705578,Final
2025-03-18,22:30,CLE,LAC,401705563,Final
2025-03-19,19:00,DAL,IND,401705564,Final
2025-03-19,19:00,HOU,ORL,401705565,Final
2025-03-19,19:30,DET,MIA,401705566,Final
2025-03-19,20:00,NOP,MIN,401705567,Final
2025-03-19,20:00,PHI,OKC,401705568,Final
2025-03-19,20:00,NYK,SAS,401705569,Final
2025-03-19,21:00,WAS,UTA,401705193,Final
2025-03-19,22:00,DEN,LAL,401705572,Final
2025-03-19,22:00,CHI,PHX,401705573,Final
2025-03-19,22:00,MEM,POR,401705574,Final
2025-03-19,22:00,CLE,SAC,401705575,Final
2025-03-20,19:00,NYK,CHA,401705576,Final
2025-03-20,19:00,BKN,IND,401705577,Final
2025-03-20,22:00,TOR,GSW,401705571,Final
2025-03-20,22:00,CHI,SAC,401705579,Final
2025-03-20,22:30,MIL,LAL,401705562,Final
2025-03-21,19:00,ORL,WAS,401705580,Final
2025-03-21,20:00,HOU,MIA,401705581,Final
2025-03-21,20:00,NOP,MIN,401705582,Final
2025-03-21,20:00,CHA,OKC,401705583,Final
2025-03-21,20:00,PHI,SAS,401705584,Final
2025-03-21,20:30,DET,DAL,401705585,Final
2025-03-21,21:30,BOS,UTA,401705586,Final
2025-03-21,22:00,CLE,PHX,401705587,Final
2025-03-21,22:00,DEN,POR,401705588,Final
2025-03-21,22:30,MEM,LAC,401705589,Final
2025-03-22,17:00,BKN,IND,401705590,Final
2025-03-22,19:00,GSW,ATL,401705591,Final
2025-03-22,20:00,WAS,NYK,401705592,Final
2025-03-22,22:00,MIL,SAC,401705593,Final
2025-03-22,22:30,CHI,LAL,401705594,Final
2025-03-23,15:00,NOP,DET,401705595,Final
2025-03-23,15:30,CLE,UTA,401705596,Final
2025-03-23,18:00,PHI,ATL,401705597,Final
2025-03-23,18:00,CHA,MIA,401705598,Final
2025-03-23,18:00,SAS,TOR,401705599,Final
2025-03-23,18:00,BOS,POR,401705600,Final
2025-03-23,19:00,DEN,HOU,401705601,Final
2025-03-23,21:00,OKC,LAC,401705602,Final
2025-03-24,19:00,MIN,IND,401705603,Final
2025-03-24,19:00,LAL,ORL,401705604,Final
2025-03-24,19:00,TOR,WAS,401705605,Final
2025-03-24,19:30,DAL,BKN,401705606,Final
2025-03-24,20:00,PHI,NOP,401705607,Final
2025-03-24,21:00,CHI,DEN,401705608,Final
2025-03-24,22:00,MIL,PHX,401705609,Final
2025-03-24,22:00,BOS,SAC,401705610,Final
2025-03-25,19:00,ORL,CHA,401705611,Final
2025-03-25,19:00,SAS,DET,401705612,Final
2025-03-25,19:30,GSW,MIA,401705613,Final
2025-03-25,19:30,DAL,NYK,401705614,Final
2025-03-25,20:00,ATL,HOU,401705615,Final
2025-03-25,21:00,MEM,UTA,401705616,Final
2025-03-25,22:00,CLE,POR,401705617,Final
2025-03-25,22:00,OKC,SAC,401705618,Final
2025-03-26,19:00,WAS,PHI,401705619,Final
2025-03-26,19:30,TOR,BKN,401705620,Final
2025-03-26,19:30,LAL,IND,401705621,Final
2025-03-26,19:30,LAC,NYK,401705622,Final
2025-03-26,21:00,MIL,DEN,401705623,Final
2025-03-26,22:00,BOS,PHX,401705624,Final
2025-03-27,19:00,SAS,CLE,401705625,Final
2025-03-27,19:00,DAL,ORL,401705626,Final
2025-03-27,19:00,IND,WAS,401705627,Final
2025-03-27,19:30,ATL,MIA,401705628,Final
2025-03-27,20:00,LAL,CHI,401705629,Final
2025-03-27,20:00,MEM,OKC,401705630,Final
2025-03-27,21:00,HOU,UTA,401705631,Final
2025-03-27,22:00,POR,SAC,401705632,Final
2025-03-28,19:00,CLE,DET,401705633,Final
2025-03-28,19:30,LAC,BKN,401705634,Final
2025-03-28,19:30,CHA,TOR,401705635,Final
2025-03-28,20:00,NYK,MIL,401705636,Final
2025-03-28,20:00,PHX,MIN,401705637,Final
2025-03-28,20:00,GSW,NOP,401705638,Final
2025-03-28,21:00,UTA,DEN,401705639,Final
2025-03-29,17:00,SAC,ORL,401705640,Final
2025-03-29,19:00,BKN,WAS,401705641,Final
2025-03-29,19:30,MIA,PHI,401705642,Final
2025-03-29,20:00,DAL,CHI,401705643,Final
2025-03-29,20:00,LAL,MEM,401705644,Final
2025-03-29,20:00,IND,OKC,401705645,Final
2025-03-29,20:00,BOS,SAS,401705646,Final
2025-03-30,15:30,LAC,CLE,401705647,Final
2025-03-30,18:00,POR,NYK,401705648,Final
2025-03-30,19:00,ATL,MIL,401705649,Final
2025-03-30,19:00,DET,MIN,401705650,Final
2025-03-30,19:00,CHA,NOP,401705651,Final
2025-03-30,19:00,GSW,SAS,401705652,Final
2025-03-30,19:30,TOR,PHI,401705653,Final
2025-03-30,21:00,HOU,PHX,401705654,Final
2025-03-31,19:00,UTA,CHA,401705655,Final
2025-03-31,19:00,SAC,IND,401705656,Final
2025-03-31,19:00,LAC,ORL,401705657,Final
2025-03-31,19:00,MIA,WAS,401705658,Final
2025-03-31,19:30,BOS,MEM,401705659,Final
2025-03-31,20:00,CHI,OKC,401705660,Final
2025-03-31,20:30,BKN,DAL,401705661,Final
2025-03-31,22:00,HOU,LAL,401705662,Final
2025-04-01,19:30,POR,ATL,401705663,Final
2025-04-01,19:30,PHI,NYK,401705664,Final
2025-04-01,19:30,PHX,MIL,401705667,Final
2025-04-01,20:00,ORL,SAS,401705554,Final
2025-04-01,20:00,TOR,CHI,401705665,Final
2025-04-01,20:00,GSW,MEM,401705666,Final
2025-04-01,22:00,MIN,DEN,401705668,Final
2025-04-02,19:00,NYK,CLE,401705669,Final
2025-04-02,19:00,CHA,IND,401705670,Final
2025-04-02,19:00,SAC,WAS,401705671,Final
2025-04-02,19:30,MIA,BOS,401705672,Final
2025-04-02,20:00,UTA,HOU,401705673,Final
2025-04-02,20:30,ATL,DAL,401705675,Final
2025-04-02,21:00,SAS,DEN,401705676,Final
2025-04-02,21:30,DET,OKC,401705674,Final
2025-04-02,22:30,NOP,LAC,401705677,Final
2025-04-03,19:00,ORL,WAS,401705678,Final
2025-04-03,19:00,MIL,PHI,401705681,Final
2025-04-03,19:30,MIN,BKN,401705679,Final
2025-04-03,19:30,MEM,MIA,401705680,Final
2025-04-03,19:30,POR,TOR,401705682,Final
2025-04-03,22:00,GSW,LAL,401705683,Final
2025-04-04,19:00,SAC,CHA,401705684,Final
2025-04-04,19:00,UTA,IND,401705685,Final
2025-04-04,19:30,PHX,BOS,401705686,Final
2025-04-04,19:30,DET,TOR,401705687,Final
2025-04-04,20:00,POR,CHI,401705688,Final
2025-04-04,20:00,OKC,HOU,401705689,Final
2025-04-04,20:00,CLE,SAS,401705690,Final
2025-04-04,22:00,DEN,GSW,401705691,Final
2025-04-04,22:30,NOP,LAL,401705692,Final
2025-04-04,22:30,DAL,LAC,401705693,Final
2025-04-05,15:00,NYK,ATL,401705694,Final
2025-04-05,19:00,MEM,DET,401705695,Final
2025-04-05,19:00,MIN,PHI,401705696,Final
2025-04-05,20:00,MIL,MIA,401705697,Final
2025-04-05,22:30,DAL,LAC,401705698,Final
2025-04-06,13:00,CHI,CHA,401705699,Final
2025-04-06,15:30,TOR,BKN,401705700,Final
2025-04-06,15:30,LAL,OKC,401705701,Final
2025-04-06,18:00,UTA,ATL,401705702,Final
2025-04-06,18:00,WAS,BOS,401705703,Final
2025-04-06,18:00,SAC,CLE,401705704,Final
2025-04-06,18:00,SAS,POR,401705705,Final
2025-04-06,19:00,PHX,NYK,401705706,Final
2025-04-06,20:00,IND,DEN,401705708,Final
2025-04-06,20:30,HOU,GSW,401705709,Final
2025-04-06,20:30,MIL,NOP,401754706,Final
2025-04-07,19:00,SAC,DET,401705710,Final
2025-04-07,19:30,PHI,MIA,401705711,Final
2025-04-08,19:00,MEM,CHA,401705712,Final
2025-04-08,19:00,CHI,CLE,401705713,Final
2025-04-08,19:00,WAS,IND,401705714,Final
2025-04-08,19:00,ATL,ORL,401705715,Final
2025-04-08,19:30,NOP,BKN,401705716,Final
2025-04-08,19:30,BOS,NYK,401705717,Final
2025-04-08,20:00,MIN,MIL,401705718,Final
2025-04-08,20:00,LAL,OKC,401705719,Final
2025-04-08,22:00,GSW,PHX,401705720,Final
2025-04-08,22:30,SAS,LAC,401705721,Final
2025-04-09,19:00,BOS,ORL,401705722,Final
2025-04-09,19:00,PHI,WAS,401705723,Final
2025-04-09,19:30,CHA,TOR,401705724,Final
2025-04-09,19:30,LAL,DAL,401705725,Final
2025-04-09,20:00,MIA,CHI,401705726,Final
2025-04-09,21:00,POR,UTA,401705728,Final
2025-04-09,22:00,SAS,GSW,401705729,Final
2025-04-09,22:00,OKC,PHX,401705730,Final
2025-04-09,22:00,DEN,SAC,401705731,Final
2025-04-09,22:30,HOU,LAC,401705732,Final
2025-04-10,19:00,NYK,DET,401705733,Final
2025-04-10,19:00,CLE,IND,401705734,Final
2025-04-10,19:30,ATL,BKN,401705735,Final
2025-04-10,20:00,NOP,MIL,401705727,Final
2025-04-10,21:30,MIN,MEM,401705736,Final
2025-04-11,19:00,MIL,DET,401705737,Final
2025-04-11,19:00,ORL,IND,401705738,Final
2025-04-11,19:00,ATL,PHI,401705739,Final
2025-04-11,19:30,CHA,BOS,401705740,Final
2025-04-11,19:30,CLE,NYK,401705741,Final
2025-04-11,20:00,WAS,CHI,401705742,Final
2025-04-11,20:00,MIA,NOP,401705743,Final
2025-04-11,20:30,TOR,DAL,401705744,Final
2025-04-11,21:00,BKN,MIN,401705745,Final
2025-04-11,21:00,MEM,DEN,401705746,Final
2025-04-11,21:30,OKC,UTA,401705747,Final
2025-04-11,22:00,SAS,PHX,401705748,Final
2025-04-11,22:00,GSW,POR,401705749,Final
2025-04-11,22:00,LAC,SAC,401705750,Final
2025-04-11,22:30,HOU,LAL,401705751,Final
2025-04-13,13:00,ORL,ATL,401705752,Final
2025-04-13,13:00,CHA,BOS,401705753,Final
2025-04-13,13:00,NYK,BKN,401705754,Final
2025-04-13,13:00,IND,CLE,401705755,Final
2025-04-13,13:00,WAS,MIA,401705756,Final
2025-04-13,13:00,CHI,PHI,401705757,Final
2025-04-13,13:00,DET,MIL,401705758,Final
2025-04-13,15:30,DEN,HOU,401705759,Final
2025-04-13,15:30,DAL,MEM,401705760,Final
2025-04-13,15:30,UTA,MIN,401705761,Final
2025-04-13,15:30,OKC,NOP,401705762,Final
2025-04-13,15:30,TOR,SAS,401705763,Final
2025-04-13,15:30,LAC,GSW,401705764,Final
2025-04-13,15:30,LAL,POR,401705765,Final
2025-04-13,15:30,PHX,SAC,401705766,Final
