bet_number,bet_side,model_prob,edge,bet_amount,profit,result
0,home,0.82974327,0.32974327,100,100,win
1,home,0.6751399,0.1751399,100,100,win
2,home,0.9063585,0.40635848,100,-100,loss
3,home,0.841215,0.341215,100,-100,loss
4,away,0.19679287,0.30320716,100,100,win
5,away,0.25070024,0.24929976,100,-100,loss
6,away,0.35595194,0.1440481,100,100,win
7,away,0.37664846,0.123351574,100,100,win
8,away,0.15912457,0.34087545,100,100,win
9,home,0.8053859,0.3053859,100,-100,loss
10,home,0.57928973,0.079289734,100,-100,loss
11,away,0.18528304,0.31471694,100,-100,loss
12,away,0.15604597,0.34395403,100,100,win
13,away,0.39551303,0.10448694,100,-100,loss
14,home,0.7460722,0.24607217,100,-100,loss
15,away,0.3572876,0.14271241,100,100,win
16,away,0.1579042,0.3420958,100,-100,loss
17,home,0.7814722,0.2814722,100,-100,loss
18,home,0.79072285,0.29072285,100,100,win
19,home,0.6980532,0.19805318,100,-100,loss
20,away,0.041459687,0.45854032,100,100,win
21,home,0.65387374,0.15387374,100,100,win
22,home,0.53195924,0.031959236,100,100,win
23,home,0.82529193,0.32529193,100,100,win
24,away,0.36216208,0.13783789,100,-100,loss
25,home,0.7475274,0.24752742,100,100,win
26,home,0.7258166,0.22581661,100,100,win
27,away,0.2850864,0.2149136,100,-100,loss
28,away,0.3368043,0.16319573,100,-100,loss
29,home,0.8278405,0.3278405,100,100,win
30,home,0.8251735,0.3251735,100,100,win
31,away,0.14612207,0.3538779,100,100,win
32,away,0.13226213,0.3677379,100,100,win
33,away,0.045034416,0.4549656,100,100,win
34,away,0.47654748,0.02345252,100,100,win
35,away,0.3119842,0.18801582,100,100,win
36,home,0.91844106,0.41844106,100,-100,loss
37,away,0.19054562,0.30945438,100,-100,loss
38,home,0.87531877,0.37531877,100,100,win
39,home,0.8262472,0.32624722,100,100,win
40,home,0.5301658,0.030165792,100,-100,loss
41,home,0.7535214,0.25352138,100,-100,loss
43,home,0.6670867,0.16708672,100,100,win
44,away,0.34069625,0.15930378,100,100,win
45,home,0.9350293,0.43502933,100,-100,loss
46,home,0.5374334,0.037433386,100,100,win
47,home,0.6563995,0.15639949,100,-100,loss
48,home,0.7820809,0.2820809,100,100,win
49,home,0.91513115,0.41513115,100,100,win
50,away,0.11810629,0.3818937,100,100,win
51,away,0.15194696,0.34805304,100,-100,loss
52,away,0.07466861,0.4253314,100,100,win
53,home,0.87519795,0.37519795,100,100,win
54,home,0.9532128,0.4532128,100,-100,loss
55,away,0.15353882,0.34646118,100,100,win
56,home,0.7001545,0.20015448,100,-100,loss
57,away,0.2740468,0.22595322,100,100,win
58,home,0.95421183,0.45421183,100,100,win
59,home,0.652524,0.152524,100,100,win
60,home,0.5648119,0.064811885,100,100,win
61,home,0.8853348,0.3853348,100,100,win
62,away,0.07798657,0.4220134,100,100,win
63,away,0.313462,0.18653798,100,-100,loss
64,away,0.06733093,0.43266904,100,-100,loss
65,home,0.7776509,0.2776509,100,100,win
66,home,0.98687994,0.48687994,100,-100,loss
67,away,0.10895463,0.3910454,100,100,win
68,away,0.2836837,0.21631634,100,100,win
69,home,0.80360186,0.30360186,100,-100,loss
70,home,0.69351035,0.19351035,100,100,win
71,away,0.13317668,0.36682332,100,100,win
72,away,0.21583347,0.2841665,100,-100,loss
73,away,0.15984118,0.34015882,100,-100,loss
74,away,0.34545857,0.15454143,100,100,win
75,away,0.16220418,0.33779585,100,-100,loss
76,away,0.116801515,0.3831985,100,100,win
77,home,0.5448936,0.044893622,100,-100,loss
78,home,0.7982971,0.2982971,100,100,win
79,home,0.54611444,0.046114445,100,-100,loss
80,home,0.97690034,0.47690034,100,100,win
81,away,0.42434216,0.075657845,100,100,win
82,home,0.98754555,0.48754555,100,100,win
83,away,0.30833572,0.19166428,100,-100,loss
84,away,0.04505782,0.45494217,100,-100,loss
85,away,0.4710855,0.028914511,100,100,win
86,away,0.08506436,0.41493565,100,-100,loss
87,away,0.18338563,0.3166144,100,100,win
88,home,0.83249205,0.33249205,100,-100,loss
89,away,0.044453707,0.45554632,100,100,win
90,away,0.30572584,0.19427419,100,100,win
92,away,0.1553644,0.3446356,100,-100,loss
93,home,0.93824714,0.43824714,100,100,win
94,home,0.9750524,0.47505242,100,100,win
95,home,0.632018,0.13201803,100,100,win
96,home,0.8929901,0.3929901,100,100,win
97,away,0.03260176,0.46739823,100,100,win
98,away,0.34460065,0.15539932,100,-100,loss
99,away,0.05162995,0.44837004,100,-100,loss
100,away,0.07290569,0.42709434,100,100,win
101,home,0.9174908,0.41749078,100,-100,loss
102,away,0.34494656,0.15505344,100,100,win
103,home,0.59940153,0.09940153,100,100,win
104,away,0.13372551,0.36627448,100,100,win
105,home,0.5653463,0.0653463,100,100,win
106,home,0.84764004,0.34764004,100,-100,loss
107,home,0.9724506,0.4724506,100,100,win
108,away,0.09606579,0.40393424,100,100,win
109,home,0.7657366,0.26573658,100,100,win
110,home,0.9549155,0.45491552,100,100,win
111,away,0.17537823,0.3246218,100,-100,loss
112,away,0.41227278,0.08772719,100,-100,loss
113,away,0.04826962,0.45173037,100,-100,loss
114,home,0.75649637,0.25649637,100,-100,loss
115,away,0.37682566,0.12317431,100,-100,loss
116,home,0.71808225,0.21808225,100,100,win
117,away,0.07656478,0.4234352,100,-100,loss
118,home,0.7828317,0.28283173,100,100,win
119,home,0.7936696,0.29366958,100,100,win
120,away,0.21340775,0.28659225,100,100,win
121,home,0.9767899,0.4767899,100,100,win
122,away,0.08872674,0.41127324,100,-100,loss
123,home,0.92909837,0.42909837,100,100,win
124,home,0.9219365,0.4219365,100,100,win
125,away,0.47124952,0.02875048,100,-100,loss
126,home,0.75508386,0.25508386,100,100,win
127,home,0.77268535,0.27268535,100,100,win
128,home,0.98486984,0.48486984,100,100,win
129,home,0.9420125,0.4420125,100,100,win
130,away,0.4103594,0.08964062,100,-100,loss
131,away,0.15917781,0.34082222,100,-100,loss
132,away,0.4506412,0.049358785,100,-100,loss
133,away,0.14884038,0.35115963,100,100,win
134,home,0.9130886,0.41308862,100,100,win
135,away,0.12654302,0.37345695,100,100,win
136,home,0.9459545,0.4459545,100,-100,loss
137,away,0.38043174,0.11956823,100,100,win
138,home,0.97886527,0.47886527,100,100,win
139,home,0.9544788,0.4544788,100,100,win
140,home,0.9901266,0.4901266,100,100,win
141,home,0.95007515,0.45007515,100,100,win
142,home,0.91171515,0.41171515,100,-100,loss
143,home,0.7327516,0.23275161,100,100,win
144,away,0.4215075,0.07849252,100,100,win
145,away,0.37494642,0.12505358,100,100,win
146,home,0.8550439,0.3550439,100,100,win
147,home,0.5781969,0.07819688,100,-100,loss
148,home,0.9086006,0.40860063,100,-100,loss
149,away,0.47100344,0.028996587,100,-100,loss
150,away,0.44906124,0.050938725,100,100,win
151,home,0.6286181,0.12861812,100,-100,loss
152,away,0.3309641,0.16903591,100,100,win
153,home,0.66540295,0.16540295,100,100,win
154,home,0.97890717,0.47890717,100,100,win
155,away,0.36747557,0.13252443,100,-100,loss
156,home,0.95127904,0.45127904,100,100,win
157,home,0.54778826,0.047788262,100,100,win
158,away,0.2263,0.2737,100,100,win
159,home,0.9676532,0.46765321,100,100,win
160,home,0.93420863,0.43420863,100,-100,loss
161,home,0.9178645,0.4178645,100,100,win
162,away,0.24130912,0.2586909,100,100,win
163,home,0.7038577,0.20385772,100,100,win
164,home,0.9908214,0.49082142,100,100,win
165,away,0.21202123,0.28797877,100,-100,loss
166,home,0.5710994,0.0710994,100,100,win
167,away,0.3141903,0.18580973,100,-100,loss
168,away,0.41190672,0.08809328,100,100,win
169,home,0.6388262,0.13882619,100,-100,loss
170,away,0.09721435,0.40278566,100,100,win
171,home,0.9637649,0.4637649,100,100,win
173,home,0.81081903,0.31081903,100,100,win
174,home,0.92002743,0.42002743,100,100,win
175,home,0.58633196,0.08633196,100,100,win
176,away,0.43030912,0.06969088,100,-100,loss
177,home,0.59222895,0.09222895,100,-100,loss
178,home,0.99183464,0.49183464,100,100,win
179,away,0.093585394,0.40641463,100,-100,loss
180,away,0.4204771,0.07952291,100,100,win
181,away,0.3898956,0.11010444,100,-100,loss
182,home,0.72188246,0.22188246,100,100,win
183,home,0.95759326,0.45759326,100,100,win
184,home,0.9567837,0.4567837,100,100,win
185,away,0.32013613,0.17986387,100,100,win
186,home,0.77274376,0.27274376,100,-100,loss
187,home,0.8954889,0.39548892,100,100,win
188,away,0.10784443,0.3921556,100,-100,loss
189,home,0.82157767,0.32157767,100,100,win
191,away,0.44668132,0.05331868,100,-100,loss
192,home,0.95088416,0.45088416,100,100,win
193,home,0.9930306,0.4930306,100,-100,loss
194,home,0.5240603,0.024060309,100,-100,loss
195,home,0.9565676,0.4565676,100,100,win
196,home,0.8383396,0.33833963,100,100,win
197,home,0.9792706,0.47927058,100,100,win
198,away,0.25198475,0.24801528,100,100,win
199,home,0.9474513,0.4474513,100,100,win
200,home,0.74010944,0.24010944,100,100,win
201,away,0.4757193,0.024280667,100,-100,loss
202,home,0.87966454,0.37966454,100,100,win
203,home,0.9061701,0.40617013,100,-100,loss
204,away,0.33488333,0.16511667,100,100,win
205,home,0.7478733,0.2478733,100,100,win
206,home,0.61099607,0.11099607,100,100,win
207,home,0.98135054,0.48135054,100,100,win
208,home,0.9074111,0.4074111,100,100,win
209,away,0.2317185,0.26828152,100,-100,loss
210,home,0.7583894,0.2583894,100,-100,loss
211,home,0.62535536,0.12535536,100,100,win
212,home,0.60935813,0.10935813,100,100,win
213,home,0.54420465,0.044204652,100,-100,loss
214,home,0.69489586,0.19489586,100,100,win
215,away,0.30576053,0.1942395,100,-100,loss
216,home,0.87870204,0.37870204,100,100,win
217,home,0.9329884,0.4329884,100,100,win
218,home,0.68890715,0.18890715,100,100,win
219,home,0.6662207,0.16622072,100,100,win
220,away,0.16397609,0.33602393,100,100,win
221,home,0.6058111,0.10581112,100,100,win
222,home,0.99470997,0.49470997,100,100,win
223,home,0.9511057,0.4511057,100,100,win
224,home,0.83094835,0.33094835,100,100,win
225,away,0.26531535,0.23468465,100,-100,loss
226,away,0.1544911,0.34550893,100,-100,loss
227,home,0.8507219,0.3507219,100,100,win
228,home,0.60830986,0.108309865,100,-100,loss
229,away,0.31687346,0.18312657,100,100,win
230,home,0.80625874,0.30625874,100,100,win
231,away,0.35207778,0.14792222,100,-100,loss
232,home,0.97082496,0.47082496,100,-100,loss
233,home,0.6987159,0.19871593,100,100,win
234,away,0.2594153,0.24058473,100,-100,loss
235,home,0.73650515,0.23650515,100,100,win
236,away,0.23120958,0.26879042,100,100,win
237,away,0.34629968,0.15370035,100,-100,loss
238,home,0.6641258,0.1641258,100,100,win
239,away,0.20966539,0.29033458,100,100,win
240,away,0.40491566,0.09508431,100,100,win
241,home,0.9685191,0.4685191,100,100,win
242,away,0.34535146,0.15464854,100,-100,loss
243,away,0.3928998,0.10710019,100,100,win
244,home,0.8735128,0.3735128,100,-100,loss
245,home,0.9748241,0.47482407,100,100,win
246,away,0.15937853,0.34062147,100,100,win
247,home,0.95354205,0.45354205,100,100,win
248,home,0.78024226,0.28024226,100,100,win
249,home,0.96661514,0.46661514,100,100,win
250,away,0.14276965,0.35723037,100,100,win
251,home,0.87888974,0.37888974,100,100,win
252,home,0.87545854,0.37545854,100,100,win
253,home,0.96206903,0.46206903,100,-100,loss
254,home,0.63312906,0.13312906,100,100,win
255,home,0.7959627,0.2959627,100,100,win
256,home,0.84787464,0.34787464,100,-100,loss
257,home,0.96710503,0.46710503,100,-100,loss
258,away,0.14307466,0.35692537,100,100,win
259,away,0.16287877,0.33712125,100,100,win
260,away,0.20334849,0.29665148,100,100,win
261,home,0.7256705,0.22567052,100,-100,loss
263,away,0.21322952,0.28677046,100,-100,loss
264,away,0.25263172,0.24736828,100,100,win
265,home,0.66214424,0.16214424,100,-100,loss
266,away,0.13384779,0.36615223,100,100,win
267,home,0.7753212,0.2753212,100,100,win
268,away,0.30587164,0.1941284,100,100,win
269,away,0.3927782,0.10722184,100,100,win
270,away,0.3406801,0.15931988,100,100,win
271,home,0.82485515,0.32485515,100,-100,loss
272,away,0.16451135,0.33548868,100,100,win
273,home,0.6090099,0.10900992,100,100,win
274,away,0.12676342,0.3732366,100,-100,loss
275,away,0.22191843,0.27808154,100,100,win
276,away,0.13944729,0.36055273,100,100,win
278,home,0.7125496,0.21254963,100,-100,loss
279,home,0.7813817,0.28138173,100,100,win
280,away,0.17101073,0.32898927,100,100,win
281,home,0.636924,0.13692403,100,100,win
283,away,0.23733701,0.262663,100,-100,loss
284,away,0.14577286,0.35422713,100,100,win
285,away,0.1380285,0.3619715,100,100,win
286,away,0.44592214,0.054077864,100,-100,loss
287,home,0.8957314,0.3957314,100,100,win
288,home,0.9574232,0.4574232,100,100,win
289,away,0.20172517,0.29827482,100,100,win
290,away,0.35939115,0.14060885,100,100,win
291,home,0.9748795,0.4748795,100,-100,loss
292,away,0.24322784,0.25677216,100,-100,loss
293,home,0.86137384,0.36137384,100,-100,loss
294,home,0.9193997,0.41939968,100,-100,loss
295,away,0.1750682,0.3249318,100,100,win
296,away,0.1839333,0.31606668,100,-100,loss
297,home,0.70646906,0.20646906,100,100,win
298,home,0.84667313,0.34667313,100,100,win
299,away,0.40105325,0.09894675,100,-100,loss
300,away,0.46838188,0.03161812,100,-100,loss
301,away,0.26092553,0.23907447,100,-100,loss
302,away,0.28251514,0.21748483,100,100,win
303,home,0.93003994,0.43003994,100,100,win
304,home,0.92738783,0.42738783,100,100,win
305,home,0.7766704,0.2766704,100,100,win
306,home,0.89862645,0.39862645,100,100,win
307,home,0.62134314,0.121343136,100,100,win
308,away,0.42954507,0.070454955,100,-100,loss
309,home,0.9838276,0.4838276,100,100,win
310,home,0.525467,0.025466979,100,100,win
311,away,0.39534092,0.10465908,100,100,win
312,away,0.048432123,0.4515679,100,-100,loss
313,home,0.9487142,0.4487142,100,100,win
314,away,0.46969974,0.03030026,100,-100,loss
315,away,0.34371498,0.15628505,100,100,win
316,home,0.65601593,0.15601593,100,100,win
317,away,0.17736146,0.3226385,100,-100,loss
318,home,0.8226766,0.3226766,100,100,win
319,away,0.2867675,0.21323252,100,-100,loss
320,home,0.8046721,0.30467212,100,100,win
321,away,0.2844931,0.21550691,100,100,win
322,home,0.52485806,0.024858057,100,-100,loss
324,away,0.17151581,0.32848418,100,-100,loss
325,home,0.6719702,0.17197019,100,100,win
326,home,0.8192037,0.31920367,100,100,win
327,away,0.21831454,0.28168547,100,100,win
328,home,0.9219639,0.42196387,100,100,win
329,home,0.6070678,0.10706782,100,100,win
330,away,0.091496214,0.40850377,100,100,win
331,away,0.29372934,0.2062707,100,100,win
332,away,0.4182017,0.081798315,100,-100,loss
333,home,0.58800215,0.088002145,100,100,win
334,home,0.8682799,0.36827987,100,100,win
335,away,0.23742583,0.2625742,100,100,win
336,away,0.30735227,0.1926477,100,100,win
337,away,0.4090131,0.09098691,100,100,win
338,home,0.953059,0.45305902,100,-100,loss
339,home,0.66593957,0.16593957,100,-100,loss
340,away,0.072563365,0.42743665,100,-100,loss
341,home,0.5664031,0.06640309,100,-100,loss
342,home,0.5658239,0.06582391,100,-100,loss
343,away,0.071107976,0.42889202,100,100,win
344,away,0.0902356,0.4097644,100,100,win
345,home,0.7038127,0.20381272,100,100,win
346,home,0.8852118,0.38521183,100,100,win
347,away,0.47524488,0.02475512,100,-100,loss
348,home,0.9548992,0.4548992,100,100,win
349,home,0.77520484,0.27520484,100,-100,loss
350,away,0.22076428,0.27923572,100,100,win
351,away,0.4384426,0.061557412,100,-100,loss
352,home,0.5951766,0.09517658,100,100,win
353,home,0.95510226,0.45510226,100,-100,loss
354,away,0.3029353,0.1970647,100,100,win
355,home,0.81980556,0.31980556,100,-100,loss
356,home,0.84545374,0.34545374,100,100,win
357,away,0.28678426,0.21321571,100,100,win
358,away,0.1464239,0.35357606,100,100,win
359,home,0.7235455,0.22354549,100,100,win
360,home,0.95392615,0.45392615,100,100,win
361,away,0.46559003,0.03441,100,-100,loss
362,home,0.919764,0.41976398,100,-100,loss
363,home,0.8924547,0.39245468,100,100,win
364,home,0.8592137,0.3592137,100,100,win
365,away,0.17094678,0.32905322,100,100,win
366,home,0.97518957,0.47518957,100,100,win
367,away,0.03841899,0.461581,100,100,win
368,home,0.9090647,0.4090647,100,100,win
369,home,0.9470887,0.44708872,100,100,win
370,home,0.8432864,0.3432864,100,100,win
371,home,0.6413394,0.14133942,100,100,win
372,away,0.22369437,0.27630562,100,100,win
373,home,0.9257811,0.42578107,100,-100,loss
374,away,0.251941,0.24805903,100,100,win
375,away,0.24350339,0.2564966,100,100,win
376,home,0.84863013,0.34863013,100,100,win
377,away,0.23128493,0.26871508,100,100,win
378,away,0.12474111,0.37525892,100,100,win
379,away,0.28808674,0.21191323,100,-100,loss
381,home,0.5984596,0.0984596,100,-100,loss
382,home,0.919601,0.41960102,100,-100,loss
383,away,0.3320331,0.1679669,100,100,win
385,away,0.1787886,0.3212114,100,100,win
386,away,0.22052373,0.27947628,100,100,win
387,home,0.6494522,0.14945221,100,100,win
388,home,0.98743236,0.48743236,100,100,win
389,home,0.83660984,0.33660984,100,-100,loss
390,home,0.94608486,0.44608486,100,100,win
391,home,0.93247586,0.43247586,100,100,win
392,home,0.9654976,0.4654976,100,-100,loss
393,away,0.4400233,0.059976697,100,100,win
394,home,0.7409449,0.24094492,100,100,win
395,home,0.87183934,0.37183934,100,-100,loss
396,home,0.8202358,0.3202358,100,-100,loss
397,away,0.13177249,0.36822748,100,100,win
398,away,0.13272569,0.36727428,100,100,win
399,home,0.5538504,0.053850412,100,100,win
400,home,0.5574085,0.05740851,100,100,win
401,home,0.6916073,0.1916073,100,-100,loss
402,home,0.754392,0.25439203,100,100,win
403,home,0.66889787,0.16889787,100,100,win
404,away,0.24574867,0.25425136,100,100,win
405,away,0.23562504,0.26437497,100,100,win
407,home,0.6056529,0.10565293,100,100,win
408,away,0.19506513,0.30493486,100,100,win
409,away,0.10218634,0.39781368,100,-100,loss
410,home,0.69128364,0.19128364,100,-100,loss
411,away,0.26135105,0.23864895,100,-100,loss
412,home,0.58816123,0.08816123,100,-100,loss
413,home,0.72617286,0.22617286,100,-100,loss
414,home,0.9574576,0.4574576,100,100,win
415,home,0.89525527,0.39525527,100,100,win
417,away,0.18757479,0.3124252,100,100,win
419,away,0.01627954,0.48372048,100,100,win
420,away,0.38450906,0.11549091,100,100,win
421,home,0.6600856,0.16008562,100,-100,loss
422,home,0.71375173,0.21375173,100,-100,loss
423,home,0.9338272,0.43382722,100,100,win
424,home,0.9467784,0.44677842,100,100,win
425,home,0.6833263,0.1833263,100,-100,loss
426,away,0.09429681,0.4057032,100,-100,loss
428,home,0.92548186,0.42548186,100,100,win
429,away,0.38338494,0.11661506,100,-100,loss
430,home,0.9807298,0.48072982,100,100,win
431,away,0.14035337,0.35964662,100,100,win
432,home,0.915255,0.415255,100,100,win
433,home,0.6669424,0.16694242,100,100,win
434,away,0.09466125,0.40533876,100,100,win
435,away,0.14225742,0.35774255,100,-100,loss
436,home,0.82954574,0.32954574,100,100,win
437,home,0.96048456,0.46048456,100,-100,loss
438,home,0.6037584,0.103758395,100,-100,loss
439,home,0.9062326,0.4062326,100,-100,loss
440,away,0.11176233,0.38823766,100,100,win
441,home,0.9194589,0.41945893,100,100,win
442,away,0.1232717,0.3767283,100,100,win
443,home,0.5272314,0.027231395,100,-100,loss
444,home,0.5491328,0.049132824,100,100,win
445,away,0.19979697,0.30020303,100,-100,loss
446,home,0.9621495,0.4621495,100,100,win
447,home,0.52359164,0.023591638,100,-100,loss
448,away,0.3993166,0.10068339,100,100,win
449,home,0.8709855,0.3709855,100,-100,loss
450,away,0.2149485,0.28505147,100,100,win
451,home,0.69900346,0.19900346,100,100,win
453,home,0.6249933,0.124993324,100,100,win
454,home,0.6449123,0.1449123,100,-100,loss
455,home,0.8427815,0.34278148,100,-100,loss
456,away,0.4453137,0.054686308,100,-100,loss
457,away,0.2280952,0.27190483,100,100,win
458,away,0.43041673,0.0695833,100,-100,loss
459,home,0.8484713,0.34847128,100,100,win
460,home,0.8056721,0.3056721,100,100,win
461,away,0.3753202,0.124679804,100,-100,loss
462,away,0.055372737,0.44462729,100,100,win
463,home,0.97406703,0.47406703,100,100,win
464,away,0.23828478,0.26171523,100,100,win
465,home,0.9158158,0.41581577,100,100,win
466,home,0.8507059,0.35070592,100,-100,loss
467,home,0.54507506,0.04507506,100,-100,loss
468,home,0.7996108,0.2996108,100,-100,loss
469,home,0.77593476,0.27593476,100,100,win
470,home,0.7256901,0.22569013,100,100,win
471,away,0.26306137,0.2369386,100,100,win
472,away,0.20788069,0.29211932,100,100,win
473,away,0.199605,0.300395,100,100,win
474,away,0.10394852,0.39605147,100,100,win
475,home,0.7782484,0.27824843,100,-100,loss
476,home,0.9449931,0.44499308,100,-100,loss
477,home,0.9481035,0.4481035,100,100,win
478,home,0.7954474,0.2954474,100,100,win
479,home,0.561394,0.061393976,100,-100,loss
480,away,0.16147332,0.33852667,100,100,win
481,home,0.8496577,0.3496577,100,100,win
482,away,0.18642251,0.31357747,100,-100,loss
483,home,0.7448278,0.2448278,100,-100,loss
484,home,0.84498876,0.34498876,100,100,win
485,home,0.95212954,0.45212954,100,100,win
487,home,0.9218362,0.4218362,100,100,win
488,home,0.96061015,0.46061015,100,100,win
489,away,0.25405225,0.24594772,100,-100,loss
490,home,0.8668394,0.3668394,100,100,win
491,home,0.97288406,0.47288406,100,100,win
493,away,0.4235088,0.07649124,100,100,win
494,home,0.8848049,0.3848049,100,-100,loss
495,home,0.8864143,0.3864143,100,100,win
496,home,0.897474,0.397474,100,100,win
497,away,0.26514435,0.23485565,100,-100,loss
498,home,0.9726863,0.4726863,100,-100,loss
499,home,0.79966253,0.29966253,100,100,win
500,away,0.14573146,0.35426855,100,100,win
501,home,0.60730475,0.10730475,100,100,win
502,home,0.8569055,0.35690552,100,100,win
503,home,0.86257356,0.36257356,100,100,win
504,away,0.39371362,0.10628641,100,100,win
505,away,0.17535208,0.3246479,100,100,win
506,home,0.7377041,0.2377041,100,100,win
507,away,0.45024702,0.04975295,100,-100,loss
508,away,0.12869231,0.37130767,100,100,win
509,away,0.35736668,0.14263332,100,100,win
510,home,0.7913142,0.29131418,100,-100,loss
511,home,0.9101208,0.4101208,100,100,win
512,home,0.939812,0.439812,100,100,win
514,home,0.9822958,0.4822958,100,-100,loss
515,home,0.62042207,0.120422065,100,100,win
516,home,0.91926825,0.41926825,100,100,win
517,home,0.9172276,0.41722763,100,100,win
518,away,0.2668868,0.23311317,100,100,win
519,home,0.90281856,0.40281856,100,-100,loss
520,home,0.661854,0.16185403,100,100,win
521,home,0.68720037,0.18720037,100,-100,loss
522,home,0.9238039,0.42380393,100,100,win
523,home,0.87093085,0.37093085,100,100,win
524,away,0.3896099,0.11039007,100,-100,loss
525,home,0.7961951,0.2961951,100,-100,loss
526,away,0.123954765,0.37604523,100,100,win
527,away,0.25352228,0.24647772,100,100,win
529,away,0.16310573,0.33689427,100,100,win
530,home,0.6317078,0.13170779,100,100,win
531,home,0.738723,0.23872298,100,-100,loss
532,away,0.29552233,0.20447767,100,100,win
533,away,0.20753151,0.2924685,100,-100,loss
534,away,0.08090164,0.41909838,100,100,win
535,away,0.05396969,0.44603032,100,100,win
536,home,0.5354105,0.035410523,100,100,win
537,home,0.8408586,0.34085858,100,-100,loss
538,away,0.35752085,0.14247918,100,-100,loss
539,home,0.7090792,0.2090792,100,100,win
540,home,0.8801749,0.38017488,100,100,win
541,home,0.73726684,0.23726684,100,100,win
542,away,0.28630778,0.21369219,100,100,win
543,away,0.07061722,0.4293828,100,100,win
544,away,0.414039,0.085960984,100,-100,loss
545,home,0.61547124,0.115471244,100,100,win
546,home,0.74851024,0.24851024,100,-100,loss
547,away,0.16745514,0.33254486,100,100,win
548,home,0.5606285,0.060628474,100,-100,loss
549,home,0.7548521,0.25485212,100,100,win
550,home,0.8915473,0.39154732,100,100,win
551,away,0.4099074,0.0900926,100,100,win
552,away,0.11920536,0.38079464,100,-100,loss
553,away,0.41995686,0.08004314,100,-100,loss
554,home,0.6698393,0.16983932,100,-100,loss
555,home,0.57364386,0.07364386,100,-100,loss
556,home,0.910496,0.410496,100,-100,loss
557,away,0.2932965,0.20670354,100,100,win
558,home,0.97085506,0.47085506,100,100,win
559,home,0.90678567,0.40678567,100,100,win
561,home,0.8717761,0.3717761,100,-100,loss
562,home,0.92804796,0.42804796,100,100,win
563,home,0.8206726,0.32067257,100,100,win
564,away,0.3441651,0.15583491,100,-100,loss
565,away,0.073252074,0.42674792,100,100,win
566,home,0.6549348,0.15493482,100,-100,loss
567,home,0.9166304,0.4166304,100,100,win
568,home,0.5675959,0.0675959,100,-100,loss
569,home,0.9438185,0.4438185,100,100,win
570,away,0.10186524,0.39813477,100,100,win
571,home,0.72592515,0.22592515,100,100,win
572,home,0.78129137,0.28129137,100,100,win
573,away,0.4693125,0.030687511,100,-100,loss
574,home,0.92428225,0.42428225,100,100,win
575,home,0.64977574,0.14977574,100,-100,loss
576,away,0.10326044,0.39673954,100,100,win
577,away,0.09487321,0.4051268,100,-100,loss
578,home,0.6722562,0.17225617,100,-100,loss
579,home,0.7914127,0.2914127,100,-100,loss
580,away,0.05776006,0.44223994,100,100,win
582,home,0.93517035,0.43517035,100,-100,loss
583,home,0.5649378,0.06493777,100,100,win
584,away,0.086228505,0.4137715,100,100,win
585,home,0.9576701,0.4576701,100,-100,loss
586,away,0.07573347,0.42426652,100,-100,loss
587,home,0.9751635,0.47516352,100,100,win
588,home,0.8841317,0.38413173,100,-100,loss
589,home,0.76379704,0.26379704,100,-100,loss
590,away,0.14740711,0.3525929,100,100,win
591,away,0.03893172,0.46106827,100,100,win
592,home,0.77527046,0.27527046,100,-100,loss
593,home,0.53431606,0.034316063,100,100,win
594,home,0.74712336,0.24712336,100,-100,loss
595,home,0.6793161,0.1793161,100,100,win
596,home,0.62968236,0.12968236,100,100,win
597,home,0.637928,0.13792801,100,-100,loss
599,home,0.78263474,0.28263474,100,100,win
600,away,0.19814135,0.30185866,100,100,win
601,home,0.57737017,0.07737017,100,100,win
602,home,0.81858253,0.31858253,100,100,win
603,home,0.5774627,0.07746267,100,-100,loss
604,home,0.66174304,0.16174304,100,-100,loss
605,home,0.8816663,0.3816663,100,100,win
606,home,0.67380697,0.17380697,100,100,win
607,away,0.09095359,0.4090464,100,100,win
608,away,0.14220768,0.35779232,100,-100,loss
609,home,0.86856294,0.36856294,100,-100,loss
610,home,0.88206404,0.38206404,100,100,win
611,home,0.73598045,0.23598045,100,-100,loss
612,home,0.60969675,0.109696746,100,-100,loss
613,home,0.9579839,0.4579839,100,100,win
614,home,0.98292476,0.48292476,100,100,win
615,home,0.6178468,0.11784679,100,-100,loss
616,home,0.8715582,0.3715582,100,-100,loss
617,home,0.8419386,0.3419386,100,100,win
618,home,0.53647465,0.036474645,100,-100,loss
619,home,0.91671896,0.41671896,100,100,win
620,home,0.9480881,0.4480881,100,100,win
621,home,0.9048237,0.40482372,100,100,win
622,home,0.92888296,0.42888296,100,100,win
623,home,0.94494694,0.44494694,100,100,win
624,home,0.88769174,0.38769174,100,100,win
625,home,0.7364286,0.23642862,100,100,win
626,away,0.29125294,0.20874703,100,100,win
627,home,0.9683621,0.4683621,100,-100,loss
628,home,0.82903785,0.32903785,100,100,win
629,home,0.5575243,0.057524323,100,100,win
630,home,0.6061966,0.10619658,100,-100,loss
631,away,0.45320818,0.046791792,100,-100,loss
632,away,0.04347582,0.4565242,100,100,win
633,away,0.23021391,0.26978612,100,100,win
634,away,0.26924834,0.23075163,100,-100,loss
635,home,0.9847547,0.48475468,100,100,win
636,home,0.9201903,0.42019027,100,100,win
637,home,0.96702695,0.46702695,100,100,win
638,home,0.7241277,0.22412771,100,-100,loss
639,home,0.9560858,0.4560858,100,100,win
640,home,0.6368288,0.13682878,100,100,win
641,home,0.5814639,0.08146387,100,-100,loss
642,away,0.10613923,0.39386076,100,100,win
643,home,0.54360276,0.043602765,100,100,win
644,away,0.23206814,0.26793188,100,100,win
645,home,0.9434832,0.44348317,100,100,win
646,home,0.7999687,0.29996872,100,100,win
647,away,0.36876902,0.13123095,100,100,win
648,home,0.7538162,0.2538162,100,100,win
649,home,0.79364455,0.29364455,100,-100,loss
650,home,0.814513,0.31451303,100,100,win
651,home,0.9519164,0.4519164,100,-100,loss
653,away,0.19292814,0.30707186,100,-100,loss
654,away,0.16942257,0.33057743,100,100,win
655,away,0.05411012,0.4458899,100,-100,loss
656,home,0.97438115,0.47438115,100,100,win
657,home,0.83904046,0.33904046,100,-100,loss
658,home,0.8382349,0.3382349,100,100,win
659,home,0.94470495,0.44470495,100,-100,loss
660,home,0.7148456,0.2148456,100,100,win
661,home,0.7058976,0.20589763,100,-100,loss
662,home,0.6710214,0.1710214,100,100,win
663,home,0.75279003,0.25279003,100,100,win
664,home,0.6085967,0.10859668,100,100,win
665,away,0.37584075,0.12415922,100,100,win
666,away,0.03721534,0.46278465,100,100,win
667,away,0.3167901,0.1832099,100,-100,loss
668,home,0.7528333,0.2528333,100,100,win
669,away,0.2380261,0.26197392,100,100,win
670,home,0.6918164,0.19181639,100,100,win
671,home,0.6280412,0.12804121,100,-100,loss
672,away,0.16303147,0.33696854,100,100,win
673,home,0.801665,0.301665,100,100,win
674,home,0.7329731,0.2329731,100,100,win
675,home,0.7850141,0.2850141,100,100,win
676,away,0.3363881,0.16361189,100,-100,loss
677,home,0.76925033,0.26925033,100,100,win
678,away,0.11571694,0.38428307,100,-100,loss
679,away,0.44373134,0.056268692,100,-100,loss
680,away,0.10272311,0.39727688,100,100,win
681,home,0.62413365,0.12413365,100,-100,loss
682,home,0.5415287,0.0415287,100,100,win
683,away,0.037490763,0.4625092,100,100,win
684,away,0.41521597,0.08478403,100,100,win
685,away,0.11978945,0.38021052,100,-100,loss
686,home,0.9788592,0.4788592,100,100,win
687,home,0.77853817,0.27853817,100,100,win
688,home,0.5568316,0.0568316,100,-100,loss
689,away,0.054187987,0.445812,100,-100,loss
690,home,0.60079753,0.100797534,100,100,win
691,away,0.29502293,0.20497704,100,-100,loss
692,home,0.81648463,0.31648463,100,100,win
693,away,0.07383538,0.42616463,100,100,win
694,away,0.17104517,0.32895482,100,100,win
695,home,0.6902337,0.1902337,100,-100,loss
696,home,0.5345998,0.03459978,100,-100,loss
697,home,0.6088978,0.108897805,100,100,win
698,away,0.15349025,0.34650975,100,100,win
699,away,0.30028608,0.19971395,100,100,win
700,home,0.77935696,0.27935696,100,100,win
701,home,0.8674879,0.3674879,100,100,win
702,away,0.04963299,0.45036703,100,100,win
703,home,0.88023305,0.38023305,100,100,win
704,away,0.054243404,0.4457566,100,100,win
705,away,0.09720664,0.40279335,100,-100,loss
706,away,0.0978654,0.4021346,100,100,win
707,away,0.10803755,0.39196247,100,100,win
708,away,0.054736387,0.44526362,100,100,win
709,home,0.9549367,0.45493668,100,100,win
710,home,0.8813921,0.38139212,100,-100,loss
711,away,0.30153456,0.19846547,100,100,win
712,home,0.8462324,0.3462324,100,-100,loss
713,home,0.9243994,0.42439938,100,100,win
714,home,0.9102643,0.4102643,100,100,win
715,home,0.97173846,0.47173846,100,-100,loss
716,home,0.774997,0.274997,100,-100,loss
717,away,0.15139394,0.34860605,100,-100,loss
718,home,0.6312248,0.13122481,100,100,win
719,away,0.048731606,0.45126837,100,100,win
720,home,0.5947909,0.094790876,100,100,win
721,home,0.9411914,0.44119138,100,100,win
722,away,0.10673586,0.3932641,100,-100,loss
723,away,0.029430186,0.4705698,100,100,win
724,away,0.17732784,0.32267213,100,100,win
725,home,0.9683141,0.4683141,100,100,win
726,home,0.9528728,0.4528728,100,100,win
727,away,0.06839392,0.43160605,100,100,win
728,home,0.96449196,0.46449196,100,100,win
729,home,0.55768484,0.05768484,100,100,win
730,home,0.7751214,0.2751214,100,-100,loss
731,home,0.80663216,0.30663216,100,100,win
732,home,0.7792503,0.27925032,100,100,win
733,home,0.8237941,0.32379413,100,-100,loss
734,home,0.6594984,0.1594984,100,-100,loss
735,home,0.797389,0.29738897,100,100,win
736,home,0.9042307,0.4042307,100,-100,loss
738,away,0.24926272,0.2507373,100,100,win
739,home,0.6754779,0.17547792,100,100,win
740,home,0.800577,0.30057698,100,-100,loss
741,away,0.13200237,0.36799765,100,-100,loss
742,away,0.04155375,0.45844626,100,100,win
743,home,0.56347674,0.06347674,100,-100,loss
744,home,0.98986,0.48986,100,100,win
745,home,0.91064256,0.41064256,100,100,win
746,away,0.4159493,0.084050655,100,100,win
747,home,0.9794494,0.4794494,100,100,win
748,home,0.6154835,0.11548352,100,-100,loss
749,home,0.84468335,0.34468335,100,-100,loss
750,away,0.18557118,0.3144288,100,100,win
751,away,0.052469373,0.44753063,100,100,win
752,away,0.12708758,0.3729124,100,-100,loss
753,home,0.94258577,0.44258577,100,-100,loss
755,home,0.840121,0.34012097,100,100,win
756,away,0.32800987,0.17199016,100,-100,loss
757,home,0.94648975,0.44648975,100,100,win
758,home,0.86110044,0.36110044,100,-100,loss
759,home,0.9945721,0.4945721,100,100,win
760,away,0.47878537,0.021214604,100,-100,loss
761,home,0.83444315,0.33444315,100,100,win
762,away,0.12750085,0.37249917,100,100,win
763,away,0.13311476,0.36688524,100,-100,loss
764,home,0.602333,0.10233301,100,100,win
765,home,0.9381184,0.4381184,100,100,win
766,away,0.20747694,0.29252303,100,100,win
767,home,0.6729749,0.17297488,100,-100,loss
768,home,0.9574652,0.45746517,100,100,win
769,home,0.907287,0.407287,100,100,win
770,away,0.46742263,0.032577395,100,-100,loss
771,away,0.28317556,0.21682441,100,100,win
772,home,0.54788864,0.047888637,100,-100,loss
773,home,0.94188356,0.44188356,100,100,win
775,away,0.104859516,0.39514047,100,-100,loss
776,away,0.08026169,0.4197383,100,100,win
777,home,0.83220667,0.33220667,100,100,win
778,home,0.8472124,0.34721237,100,100,win
779,home,0.8389617,0.33896172,100,100,win
780,home,0.98248786,0.48248786,100,100,win
781,home,0.8731133,0.37311327,100,100,win
782,home,0.80186045,0.30186045,100,100,win
783,away,0.19721489,0.3027851,100,100,win
784,away,0.30245942,0.19754058,100,100,win
785,home,0.761831,0.261831,100,100,win
786,away,0.40188655,0.09811342,100,-100,loss
787,home,0.5240307,0.024030685,100,-100,loss
788,away,0.18100555,0.31899446,100,100,win
789,home,0.81548214,0.31548214,100,-100,loss
790,away,0.21285433,0.28714567,100,100,win
791,home,0.53786886,0.037868857,100,-100,loss
792,home,0.6999447,0.19994467,100,-100,loss
793,away,0.06520367,0.43479633,100,100,win
794,home,0.7772069,0.2772069,100,100,win
795,away,0.33563527,0.1643647,100,-100,loss
796,home,0.59674853,0.09674853,100,100,win
797,home,0.7382237,0.23822367,100,100,win
798,home,0.86609805,0.36609805,100,100,win
799,away,0.14815359,0.3518464,100,100,win
800,home,0.5319016,0.031901598,100,-100,loss
801,home,0.81260896,0.31260896,100,-100,loss
802,away,0.06362046,0.43637955,100,100,win
803,home,0.53986293,0.03986293,100,100,win
804,home,0.7571255,0.2571255,100,100,win
805,away,0.03454998,0.46545005,100,100,win
806,away,0.15295903,0.34704095,100,-100,loss
807,home,0.90787154,0.40787154,100,100,win
808,home,0.8821129,0.38211292,100,100,win
809,away,0.3657553,0.13424468,100,100,win
810,away,0.16526322,0.33473676,100,-100,loss
811,away,0.11208524,0.38791478,100,-100,loss
812,home,0.59767586,0.09767586,100,100,win
813,away,0.05591438,0.4440856,100,100,win
814,home,0.74015373,0.24015373,100,-100,loss
815,away,0.40237576,0.09762424,100,-100,loss
816,away,0.11522811,0.38477188,100,100,win
817,home,0.71220535,0.21220535,100,-100,loss
818,away,0.05801461,0.44198537,100,100,win
819,away,0.35019758,0.14980245,100,-100,loss
820,away,0.44386828,0.05613172,100,-100,loss
821,home,0.9424876,0.4424876,100,100,win
822,away,0.4487552,0.051244795,100,-100,loss
823,home,0.82184106,0.32184106,100,-100,loss
824,away,0.026567778,0.47343224,100,100,win
825,home,0.5842448,0.08424479,100,100,win
826,away,0.16508912,0.33491087,100,100,win
827,away,0.12977417,0.37022585,100,100,win
828,away,0.27178442,0.22821558,100,-100,loss
829,away,0.06523089,0.4347691,100,100,win
830,away,0.41198736,0.088012636,100,100,win
831,home,0.68814445,0.18814445,100,100,win
832,home,0.5576222,0.057622194,100,-100,loss
833,home,0.7379799,0.23797989,100,-100,loss
834,away,0.25433472,0.24566531,100,100,win
835,home,0.7871264,0.28712642,100,-100,loss
836,away,0.05539525,0.44460475,100,-100,loss
837,home,0.9854065,0.48540652,100,100,win
838,home,0.60771674,0.10771674,100,100,win
839,away,0.39146668,0.10853332,100,100,win
840,home,0.57409275,0.074092746,100,100,win
841,away,0.411114,0.08888602,100,-100,loss
842,home,0.63179743,0.13179743,100,100,win
843,home,0.8964386,0.3964386,100,100,win
844,away,0.32495663,0.17504334,100,100,win
845,away,0.14720364,0.35279638,100,-100,loss
846,home,0.91873455,0.41873455,100,100,win
847,home,0.7867987,0.28679872,100,100,win
848,home,0.9621346,0.4621346,100,100,win
849,away,0.034500893,0.4654991,100,100,win
850,home,0.5540503,0.054050326,100,100,win
851,home,0.76849866,0.26849866,100,-100,loss
852,away,0.09876889,0.4012311,100,100,win
853,away,0.20370077,0.29629922,100,-100,loss
854,home,0.5879412,0.08794123,100,-100,loss
855,away,0.44821543,0.051784575,100,-100,loss
856,away,0.08885312,0.41114688,100,100,win
857,away,0.31843078,0.18156922,100,100,win
858,home,0.78378177,0.28378177,100,100,win
859,home,0.9558374,0.45583743,100,100,win
860,away,0.3563969,0.14360309,100,-100,loss
861,home,0.9527637,0.45276368,100,100,win
862,home,0.8520199,0.3520199,100,100,win
863,away,0.08840881,0.41159117,100,100,win
864,home,0.83738184,0.33738184,100,100,win
865,away,0.04405677,0.45594323,100,100,win
866,away,0.18954293,0.31045705,100,100,win
867,home,0.90773886,0.40773886,100,100,win
868,home,0.9420311,0.4420311,100,100,win
869,away,0.47897783,0.0210222,100,-100,loss
870,away,0.16533513,0.33466488,100,100,win
871,home,0.79729986,0.29729986,100,100,win
872,away,0.354411,0.145589,100,100,win
873,away,0.35110548,0.14889455,100,-100,loss
875,home,0.6951665,0.19516653,100,-100,loss
876,away,0.11335533,0.38664466,100,-100,loss
877,home,0.8908961,0.39089608,100,100,win
878,home,0.78250057,0.28250057,100,-100,loss
879,away,0.09222051,0.4077795,100,-100,loss
880,home,0.7694576,0.26945758,100,100,win
881,away,0.16292848,0.33707154,100,-100,loss
882,away,0.04350273,0.45649725,100,100,win
883,away,0.26818943,0.23181057,100,100,win
884,away,0.3982889,0.101711094,100,100,win
885,home,0.5396297,0.039629698,100,100,win
886,home,0.52179396,0.021793962,100,-100,loss
887,home,0.7718583,0.27185827,100,-100,loss
888,home,0.9079205,0.40792048,100,100,win
889,home,0.8268562,0.3268562,100,-100,loss
890,home,0.84183806,0.34183806,100,-100,loss
891,away,0.061510693,0.43848932,100,-100,loss
892,away,0.08331721,0.41668278,100,100,win
893,home,0.66694695,0.16694695,100,100,win
894,away,0.03737986,0.46262014,100,100,win
895,away,0.46358237,0.036417603,100,100,win
896,away,0.133014,0.36698604,100,100,win
897,home,0.7509692,0.25096917,100,-100,loss
899,home,0.68832123,0.18832123,100,100,win
900,away,0.46036506,0.039634943,100,-100,loss
901,away,0.14596686,0.3540331,100,-100,loss
902,away,0.039068222,0.46093178,100,100,win
903,away,0.11773415,0.38226587,100,100,win
904,home,0.91523176,0.41523176,100,100,win
905,home,0.9001456,0.4001456,100,-100,loss
906,home,0.9415816,0.4415816,100,100,win
907,away,0.047979496,0.45202053,100,100,win
908,away,0.16694357,0.33305645,100,100,win
909,away,0.23501799,0.26498199,100,-100,loss
910,home,0.5391245,0.03912449,100,100,win
911,home,0.98464453,0.48464453,100,100,win
912,away,0.31343973,0.18656027,100,100,win
913,away,0.1762887,0.32371128,100,100,win
914,away,0.1602954,0.33970463,100,100,win
915,home,0.83719385,0.33719385,100,-100,loss
916,home,0.7027185,0.2027185,100,100,win
917,home,0.8978251,0.39782512,100,100,win
918,home,0.6632962,0.16329622,100,100,win
919,away,0.052830294,0.44716972,100,100,win
920,home,0.798507,0.29850698,100,100,win
921,home,0.66488564,0.16488564,100,100,win
923,home,0.8781311,0.3781311,100,100,win
924,home,0.91967535,0.41967535,100,100,win
925,home,0.84695226,0.34695226,100,100,win
926,home,0.6637813,0.16378129,100,-100,loss
927,home,0.52339923,0.023399234,100,100,win
928,away,0.07558274,0.42441726,100,100,win
929,away,0.12106904,0.378931,100,100,win
930,away,0.17180078,0.3281992,100,-100,loss
931,home,0.91968834,0.41968834,100,100,win
932,away,0.18926811,0.3107319,100,100,win
933,home,0.8768871,0.37688708,100,100,win
934,away,0.08812034,0.41187966,100,100,win
935,away,0.46146882,0.038531184,100,100,win
936,home,0.762598,0.26259798,100,100,win
937,home,0.9349718,0.4349718,100,100,win
938,home,0.71272504,0.21272504,100,100,win
939,home,0.71909285,0.21909285,100,100,win
940,home,0.6908072,0.19080722,100,-100,loss
941,home,0.77792174,0.27792174,100,100,win
942,home,0.706985,0.206985,100,-100,loss
944,home,0.73825306,0.23825306,100,-100,loss
945,away,0.2898183,0.21018171,100,-100,loss
946,home,0.92151225,0.42151225,100,100,win
947,away,0.42412516,0.075874805,100,-100,loss
948,home,0.6887375,0.18873751,100,-100,loss
949,home,0.84097964,0.34097964,100,100,win
950,home,0.88925725,0.38925725,100,100,win
951,home,0.9295313,0.42953128,100,100,win
952,away,0.30490053,0.19509947,100,100,win
953,away,0.09495259,0.40504742,100,100,win
954,home,0.909932,0.40993202,100,100,win
955,away,0.38559943,0.114400566,100,100,win
956,home,0.89182335,0.39182335,100,-100,loss
957,home,0.58510923,0.085109234,100,100,win
958,home,0.9874751,0.4874751,100,100,win
959,away,0.42458805,0.075411916,100,100,win
960,away,0.32562625,0.17437375,100,-100,loss
961,home,0.953571,0.45357102,100,-100,loss
962,away,0.23632278,0.26367724,100,-100,loss
963,home,0.9797363,0.47973633,100,100,win
964,home,0.9794628,0.4794628,100,100,win
965,away,0.24550056,0.25449944,100,-100,loss
966,home,0.9106765,0.41067648,100,-100,loss
967,home,0.87165815,0.37165815,100,100,win
968,home,0.97002023,0.47002023,100,100,win
969,home,0.6614487,0.16144872,100,100,win
970,away,0.19955868,0.30044132,100,-100,loss
971,home,0.96069884,0.46069884,100,100,win
972,home,0.97775275,0.47775275,100,100,win
973,home,0.67183095,0.17183095,100,-100,loss
974,home,0.851948,0.35194802,100,100,win
975,home,0.8147685,0.3147685,100,100,win
976,home,0.9147298,0.41472977,100,100,win
977,away,0.2718805,0.22811949,100,100,win
978,home,0.86344045,0.36344045,100,100,win
979,home,0.5426597,0.0426597,100,-100,loss
981,home,0.9640991,0.4640991,100,-100,loss
982,home,0.7813027,0.2813027,100,100,win
983,home,0.79013026,0.29013026,100,100,win
984,home,0.81841725,0.31841725,100,100,win
985,away,0.24916512,0.25083488,100,100,win
986,home,0.92612565,0.42612565,100,100,win
987,away,0.11462376,0.38537621,100,-100,loss
988,home,0.90638965,0.40638965,100,100,win
989,home,0.7068753,0.20687532,100,-100,loss
990,away,0.21409,0.28591,100,100,win
991,away,0.45728898,0.04271102,100,100,win
992,home,0.97139066,0.47139066,100,100,win
993,away,0.084471844,0.41552818,100,100,win
994,home,0.7672901,0.26729012,100,-100,loss
995,away,0.0733408,0.42665923,100,100,win
996,home,0.67052543,0.17052543,100,100,win
997,home,0.6959245,0.19592452,100,100,win
998,away,0.46778604,0.032213926,100,-100,loss
999,home,0.9572481,0.4572481,100,-100,loss
1000,home,0.6916885,0.19168848,100,100,win
1001,away,0.11173693,0.38826305,100,100,win
1002,away,0.26324448,0.23675549,100,100,win
1003,home,0.8361805,0.3361805,100,100,win
1004,home,0.8761242,0.3761242,100,-100,loss
1005,away,0.23471221,0.26528776,100,100,win
1006,home,0.9919625,0.4919625,100,100,win
1007,home,0.80224216,0.30224216,100,100,win
1008,home,0.5519916,0.051991582,100,-100,loss
1009,home,0.88007367,0.38007367,100,100,win
1010,home,0.75286096,0.25286096,100,100,win
1011,home,0.6453335,0.14533353,100,100,win
1012,away,0.23164989,0.26835012,100,100,win
1013,home,0.98560345,0.48560345,100,100,win
1014,home,0.715671,0.215671,100,100,win
1015,home,0.7030578,0.20305783,100,100,win
1016,home,0.74629647,0.24629647,100,-100,loss
1017,home,0.9500285,0.45002848,100,100,win
1018,home,0.83612967,0.33612967,100,100,win
1019,home,0.8996225,0.3996225,100,100,win
1020,away,0.34991044,0.15008956,100,100,win
1021,home,0.87345195,0.37345195,100,-100,loss
1022,away,0.47099164,0.029008389,100,100,win
1023,home,0.93536156,0.43536156,100,100,win
1024,home,0.79770714,0.29770714,100,100,win
1025,home,0.70826036,0.20826036,100,100,win
1026,home,0.6113039,0.111303926,100,100,win
1028,home,0.5281793,0.028179288,100,100,win
1029,home,0.83322775,0.33322775,100,100,win
1030,away,0.2410764,0.2589236,100,-100,loss
1031,home,0.98764604,0.48764604,100,100,win
1032,home,0.958361,0.45836103,100,-100,loss
1033,home,0.7041245,0.20412451,100,-100,loss
1034,home,0.57800657,0.078006566,100,100,win
1035,home,0.9806677,0.4806677,100,100,win
1036,home,0.78640145,0.28640145,100,-100,loss
1037,home,0.606201,0.10620099,100,-100,loss
1038,home,0.9249142,0.42491418,100,100,win
1039,away,0.28450263,0.21549737,100,-100,loss
1040,home,0.8969521,0.3969521,100,100,win
1041,home,0.685153,0.18515301,100,-100,loss
1042,home,0.9531648,0.45316482,100,100,win
1043,away,0.25130448,0.2486955,100,-100,loss
1044,away,0.44994628,0.050053716,100,-100,loss
1045,away,0.124364436,0.37563556,100,100,win
1046,away,0.17114075,0.32885927,100,-100,loss
1047,home,0.77950406,0.27950406,100,-100,loss
1048,home,0.97730166,0.47730166,100,100,win
1049,home,0.772455,0.27245498,100,100,win
1050,home,0.98365706,0.48365706,100,100,win
1051,away,0.17222133,0.3277787,100,100,win
1052,away,0.28496107,0.2150389,100,100,win
1053,home,0.73685086,0.23685086,100,-100,loss
1054,home,0.9861995,0.4861995,100,100,win
1055,home,0.9067312,0.4067312,100,100,win
1057,home,0.9672211,0.46722108,100,100,win
1058,away,0.11910918,0.38089085,100,100,win
1059,home,0.8602815,0.36028153,100,100,win
1060,home,0.9462364,0.44623637,100,100,win
1061,home,0.8025159,0.30251592,100,-100,loss
1062,away,0.3796301,0.12036991,100,100,win
1063,home,0.72885984,0.22885984,100,-100,loss
1065,home,0.6072412,0.10724121,100,100,win
1066,away,0.4139404,0.08605957,100,-100,loss
1067,home,0.7899946,0.2899946,100,-100,loss
1068,home,0.5383454,0.038345397,100,-100,loss
1069,home,0.84931874,0.34931874,100,-100,loss
1070,away,0.26629362,0.23370636,100,100,win
1071,home,0.80377835,0.30377835,100,100,win
1072,away,0.38436192,0.11563808,100,-100,loss
1073,away,0.24597813,0.25402188,100,100,win
1074,home,0.75180703,0.25180703,100,100,win
1075,away,0.06928612,0.4307139,100,100,win
1076,home,0.61747944,0.11747944,100,-100,loss
1077,home,0.97104275,0.47104275,100,100,win
1078,away,0.089324124,0.41067588,100,100,win
1079,home,0.9113119,0.41131192,100,100,win
1081,home,0.65960455,0.15960455,100,-100,loss
1082,home,0.6254698,0.1254698,100,-100,loss
1083,home,0.7362531,0.23625308,100,-100,loss
1084,away,0.19965962,0.3003404,100,100,win
1085,home,0.5825333,0.0825333,100,100,win
1086,away,0.08573843,0.41426158,100,100,win
1087,home,0.8464119,0.34641188,100,100,win
1088,away,0.4172965,0.08270347,100,-100,loss
1089,home,0.67443657,0.17443657,100,100,win
1090,away,0.15396245,0.34603757,100,100,win
1091,away,0.18056732,0.31943268,100,100,win
1092,home,0.886997,0.38699698,100,100,win
1093,home,0.8815282,0.3815282,100,100,win
1094,home,0.8759367,0.3759367,100,-100,loss
1095,away,0.3870396,0.1129604,100,-100,loss
1096,away,0.059464417,0.4405356,100,100,win
1097,home,0.819013,0.319013,100,100,win
1098,away,0.287479,0.21252096,100,100,win
1099,home,0.95322025,0.45322025,100,100,win
1100,away,0.079253,0.42074698,100,100,win
1101,home,0.9581904,0.45819038,100,100,win
1102,away,0.31082276,0.18917727,100,100,win
1103,home,0.7667536,0.2667536,100,100,win
1104,home,0.7479427,0.24794269,100,-100,loss
1105,home,0.64123744,0.14123744,100,100,win
1106,away,0.22020063,0.27979934,100,100,win
1107,away,0.23154391,0.2684561,100,100,win
1108,home,0.8797665,0.37976652,100,-100,loss
1109,away,0.21257329,0.2874267,100,100,win
1110,away,0.1942752,0.3057248,100,100,win
1112,away,0.07473152,0.42526847,100,100,win
1113,home,0.9213565,0.4213565,100,-100,loss
1114,home,0.5637089,0.0637089,100,100,win
1115,home,0.6242074,0.12420738,100,100,win
1116,home,0.88130414,0.38130414,100,100,win
1117,home,0.5471801,0.047180116,100,100,win
1118,home,0.78523654,0.28523654,100,100,win
1120,away,0.091225,0.40877497,100,100,win
1121,home,0.59684163,0.09684163,100,-100,loss
1122,home,0.8042688,0.30426878,100,100,win
1123,away,0.33020163,0.16979837,100,100,win
1124,away,0.29738933,0.20261067,100,-100,loss
1125,home,0.9175864,0.4175864,100,100,win
1126,away,0.39376923,0.106230736,100,100,win
1128,home,0.5838439,0.08384389,100,100,win
1129,home,0.93927807,0.43927807,100,100,win
1130,away,0.41984016,0.08015984,100,100,win
1131,home,0.5634854,0.063485384,100,-100,loss
1132,home,0.9036239,0.40362388,100,100,win
1133,home,0.8074441,0.3074441,100,-100,loss
1134,away,0.17656845,0.32343155,100,-100,loss
1135,home,0.94110507,0.44110507,100,100,win
1136,home,0.98875576,0.48875576,100,100,win
1137,home,0.82505727,0.32505727,100,-100,loss
1138,away,0.13193935,0.36806065,100,-100,loss
1139,home,0.95234305,0.45234305,100,100,win
1140,home,0.93487823,0.43487823,100,100,win
1141,away,0.03951874,0.4604813,100,100,win
1142,away,0.10541015,0.39458984,100,100,win
1143,away,0.25809526,0.24190474,100,100,win
1144,away,0.13369203,0.36630797,100,100,win
1145,away,0.06766121,0.43233877,100,100,win
1146,away,0.21869639,0.28130364,100,100,win
1147,away,0.110605255,0.38939476,100,100,win
1148,home,0.7380275,0.23802751,100,100,win
1149,away,0.4597463,0.0402537,100,-100,loss
1150,home,0.9562477,0.4562477,100,100,win
1151,home,0.9508892,0.45088923,100,100,win
1152,home,0.9748024,0.47480237,100,100,win
1153,away,0.12537949,0.3746205,100,100,win
1154,away,0.18263806,0.31736195,100,100,win
1155,home,0.6604106,0.16041058,100,100,win
1156,home,0.9757355,0.4757355,100,100,win
1157,away,0.2620512,0.23794878,100,100,win
1158,away,0.16823846,0.33176154,100,100,win
1159,away,0.120552994,0.37944698,100,100,win
1160,home,0.6250478,0.1250478,100,-100,loss
1161,home,0.9794601,0.47946012,100,100,win
1162,home,0.98984855,0.48984855,100,100,win
1163,home,0.70272595,0.20272595,100,-100,loss
1164,home,0.971848,0.471848,100,100,win
1165,home,0.63770205,0.13770205,100,-100,loss
1166,home,0.8882046,0.38820457,100,100,win
1167,away,0.15075183,0.34924817,100,100,win
1168,home,0.9021063,0.40210629,100,-100,loss
1169,home,0.5877559,0.08775592,100,-100,loss
1170,home,0.93020076,0.43020076,100,100,win
1171,away,0.3190822,0.1809178,100,100,win
1172,home,0.72726333,0.22726333,100,-100,loss
1173,home,0.87605566,0.37605566,100,100,win
1174,home,0.5538483,0.053848326,100,-100,loss
1175,away,0.3062544,0.19374561,100,100,win
1176,home,0.8150303,0.31503028,100,100,win
1177,home,0.9062954,0.40629542,100,100,win
1178,home,0.8413981,0.34139812,100,100,win
1179,home,0.56673414,0.066734135,100,100,win
1180,away,0.3928559,0.10714412,100,100,win
1181,home,0.6181809,0.11818087,100,100,win
1182,home,0.94020575,0.44020575,100,100,win
1183,away,0.086401984,0.413598,100,100,win
1184,home,0.89310527,0.39310527,100,100,win
1185,away,0.0440938,0.4559062,100,-100,loss
1186,away,0.36594868,0.13405132,100,100,win
1187,away,0.0693351,0.4306649,100,100,win
1188,home,0.9377187,0.4377187,100,-100,loss
1189,home,0.8889291,0.38892913,100,100,win
1190,away,0.42032847,0.0796715,100,-100,loss
1192,home,0.57426685,0.07426685,100,100,win
1193,away,0.43753698,0.062463045,100,100,win
1194,away,0.26395017,0.23604983,100,-100,loss
1195,home,0.6045631,0.10456312,100,100,win
1196,home,0.9005808,0.40058082,100,100,win
1197,away,0.47881997,0.021180034,100,100,win
1198,away,0.33683097,0.16316903,100,-100,loss
1200,away,0.056257077,0.44374293,100,100,win
1201,home,0.6223607,0.12236071,100,100,win
1202,home,0.6641332,0.16413319,100,100,win
1203,away,0.26445672,0.23554325,100,100,win
1204,home,0.78798723,0.28798723,100,-100,loss
1205,home,0.78372824,0.28372824,100,100,win
1206,home,0.9614989,0.46149892,100,100,win
1207,away,0.2878389,0.21216106,100,-100,loss
1208,away,0.09279617,0.40720385,100,100,win
1209,home,0.6911655,0.1911655,100,-100,loss
1210,home,0.985811,0.485811,100,100,win
1211,away,0.46785697,0.032142997,100,100,win
1212,home,0.5742968,0.07429677,100,-100,loss
1213,home,0.53556323,0.03556323,100,-100,loss
1214,home,0.9222925,0.42229247,100,100,win
1215,home,0.90820044,0.40820044,100,100,win
1216,home,0.9401397,0.4401397,100,100,win
1217,away,0.32808474,0.1719153,100,100,win
1218,home,0.7307429,0.23074287,100,100,win
1219,home,0.95103663,0.45103663,100,100,win
1220,away,0.19505845,0.30494153,100,100,win
1221,home,0.97317874,0.47317874,100,100,win
1222,home,0.6259337,0.1259337,100,-100,loss
1223,home,0.7906058,0.29060578,100,100,win
1224,home,0.97974867,0.47974867,100,100,win
1225,away,0.17989415,0.32010585,100,100,win
1226,home,0.674512,0.17451203,100,100,win
1227,away,0.4603036,0.039696395,100,100,win
1228,home,0.5651002,0.06510019,100,-100,loss
1229,home,0.8517405,0.35174048,100,-100,loss
1230,home,0.8780075,0.37800747,100,100,win
1231,away,0.45342544,0.046574593,100,100,win
1233,away,0.35499442,0.14500558,100,-100,loss
1234,away,0.3017107,0.19828928,100,100,win
1236,home,0.7407445,0.24074447,100,100,win
1237,home,0.7653655,0.26536548,100,100,win
1238,away,0.1824344,0.31756562,100,-100,loss
1239,home,0.89474016,0.39474016,100,-100,loss
1240,away,0.19709589,0.30290413,100,-100,loss
1241,home,0.9007941,0.4007941,100,-100,loss
1242,home,0.5807089,0.08070892,100,100,win
1243,home,0.8071278,0.30712777,100,100,win
1244,home,0.8145125,0.3145125,100,100,win
1245,away,0.2007173,0.29928267,100,100,win
1246,away,0.47073063,0.029269338,100,-100,loss
1247,away,0.4607989,0.03920114,100,100,win
1248,home,0.7531088,0.2531088,100,100,win
1249,away,0.33851266,0.16148734,100,100,win
1250,home,0.60962987,0.10962987,100,-100,loss
1251,away,0.33963403,0.16036594,100,-100,loss
1252,away,0.356628,0.143372,100,-100,loss
1254,home,0.5946526,0.09465259,100,-100,loss
1255,away,0.4627545,0.037245512,100,100,win
1256,away,0.37278488,0.12721515,100,100,win
1257,away,0.25559333,0.2444067,100,-100,loss
1259,home,0.5548326,0.054832578,100,-100,loss
1260,home,0.52810526,0.028105259,100,100,win
1261,away,0.4484197,0.05158031,100,-100,loss
1262,home,0.65976715,0.15976715,100,100,win
1263,home,0.57250625,0.07250625,100,100,win
1264,home,0.63377696,0.13377696,100,100,win
1265,home,0.6964185,0.19641852,100,100,win
1266,home,0.6017159,0.10171592,100,100,win
1267,home,0.7152805,0.21528047,100,-100,loss
1268,home,0.5841484,0.08414841,100,100,win
1269,home,0.60935795,0.10935795,100,100,win
1270,home,0.68504393,0.18504393,100,100,win
1271,home,0.5691229,0.06912291,100,-100,loss
1272,home,0.7649738,0.26497382,100,-100,loss
1273,home,0.5543218,0.054321826,100,-100,loss
1274,home,0.59865963,0.098659635,100,-100,loss
1275,home,0.6832385,0.1832385,100,100,win
1276,away,0.2698634,0.23013663,100,100,win
1277,home,0.8196959,0.3196959,100,100,win
1278,home,0.6861442,0.18614417,100,100,win
1279,away,0.43225685,0.06774318,100,-100,loss
1280,home,0.5398194,0.03981942,100,-100,loss
1281,home,0.71030986,0.21030986,100,100,win
1282,home,0.7171241,0.2171241,100,100,win
1283,home,0.64147395,0.14147395,100,-100,loss
1285,home,0.62464535,0.12464535,100,100,win
1286,home,0.7214134,0.22141337,100,100,win
1287,away,0.45911232,0.040887713,100,-100,loss
1288,home,0.75535107,0.25535107,100,-100,loss
1289,away,0.27613857,0.22386146,100,-100,loss
1290,home,0.603177,0.10317701,100,100,win
1291,home,0.7034576,0.2034576,100,-100,loss
1292,away,0.36768225,0.13231778,100,100,win
1293,home,0.6134719,0.113471925,100,100,win
1294,home,0.7094571,0.2094571,100,100,win
1295,home,0.7513313,0.25133133,100,100,win
1296,home,0.58250356,0.08250356,100,-100,loss
1297,home,0.5958219,0.09582192,100,-100,loss
1298,home,0.80087084,0.30087084,100,-100,loss
1299,home,0.6798593,0.17985928,100,100,win
1300,home,0.60634035,0.10634035,100,100,win
1301,home,0.58871084,0.088710845,100,100,win
1302,away,0.26445106,0.23554897,100,100,win
1303,home,0.8114338,0.3114338,100,100,win
1304,away,0.4484919,0.05150807,100,-100,loss
1305,home,0.67198485,0.17198485,100,100,win
1306,away,0.31029692,0.1897031,100,100,win
1308,home,0.7325278,0.23252779,100,100,win
1309,away,0.40082943,0.099170566,100,100,win
1310,away,0.4785513,0.021448731,100,100,win
1311,home,0.63267875,0.13267875,100,-100,loss
1312,home,0.67383957,0.17383957,100,-100,loss
1313,away,0.1789611,0.3210389,100,-100,loss
1314,home,0.8577106,0.3577106,100,-100,loss
1315,home,0.7805586,0.2805586,100,-100,loss
1316,home,0.64881766,0.14881766,100,100,win
1317,home,0.52337325,0.023373246,100,-100,loss
1318,home,0.613599,0.113599,100,100,win
1320,away,0.41897312,0.08102691,100,-100,loss
1321,away,0.44314027,0.05685973,100,-100,loss
1322,home,0.5602004,0.060200393,100,100,win
1323,away,0.41199338,0.088006616,100,-100,loss
1324,away,0.38856664,0.11143339,100,100,win
1325,home,0.89944327,0.39944327,100,-100,loss
1326,home,0.74291116,0.24291116,100,100,win
1327,away,0.13019702,0.36980295,100,100,win
1328,home,0.6850849,0.18508488,100,100,win
1329,home,0.5270217,0.027021706,100,100,win
1330,home,0.8856931,0.38569307,100,-100,loss
1331,away,0.22162317,0.27837682,100,100,win
1332,home,0.5384425,0.038442492,100,-100,loss
1333,away,0.29934597,0.20065403,100,-100,loss
1335,home,0.57397884,0.07397884,100,100,win
1337,away,0.411431,0.088568985,100,-100,loss
1338,home,0.5915725,0.09157252,100,100,win
1339,home,0.77150255,0.27150255,100,100,win
1340,away,0.44706067,0.052939296,100,-100,loss
1341,away,0.39206862,0.107931376,100,100,win
1342,home,0.70861465,0.20861465,100,100,win
1343,away,0.42472193,0.075278044,100,-100,loss
1344,away,0.24554648,0.25445354,100,100,win
1345,home,0.6793739,0.17937392,100,-100,loss
1346,away,0.4780777,0.02192229,100,-100,loss
1347,home,0.61804503,0.11804503,100,100,win
1348,home,0.7904841,0.29048407,100,100,win
1350,home,0.59128696,0.09128696,100,100,win
1351,home,0.73575467,0.23575467,100,100,win
1352,away,0.41240728,0.08759272,100,-100,loss
1353,away,0.29269883,0.20730114,100,-100,loss
1354,away,0.14635353,0.35364646,100,-100,loss
1355,home,0.6498089,0.14980888,100,100,win
1357,away,0.3788954,0.1211046,100,100,win
1358,away,0.4212392,0.0787608,100,-100,loss
1359,away,0.26777363,0.23222637,100,100,win
1360,away,0.28426814,0.21573186,100,100,win
1361,away,0.352532,0.14746797,100,100,win
1362,home,0.8072782,0.30727822,100,100,win
1363,home,0.72689956,0.22689956,100,100,win
1364,away,0.41199827,0.08800173,100,-100,loss
1365,home,0.5540159,0.054015875,100,-100,loss
1366,away,0.3637198,0.13628018,100,-100,loss
1367,home,0.52268994,0.022689939,100,100,win
1368,home,0.73630863,0.23630863,100,100,win
1369,home,0.58735394,0.087353945,100,-100,loss
1370,home,0.68611264,0.18611264,100,-100,loss
1371,home,0.8048747,0.30487472,100,100,win
1372,home,0.5867302,0.08673018,100,-100,loss
1373,away,0.3265147,0.17348528,100,100,win
1375,home,0.84523803,0.34523803,100,100,win
1376,away,0.35725284,0.14274716,100,100,win
1378,home,0.69776064,0.19776064,100,100,win
1379,home,0.8123309,0.3123309,100,100,win
1380,away,0.39733535,0.10266465,100,100,win
1381,away,0.39742273,0.10257727,100,-100,loss
1382,away,0.21724473,0.28275526,100,100,win
1383,home,0.5235042,0.023504198,100,-100,loss
1384,home,0.8314093,0.33140928,100,100,win
1385,away,0.3871451,0.1128549,100,100,win
1386,away,0.46235192,0.03764808,100,100,win
1387,home,0.74212795,0.24212795,100,100,win
1388,home,0.62874,0.12874001,100,100,win
1389,home,0.8612556,0.3612556,100,100,win
1390,home,0.8709076,0.3709076,100,100,win
1392,home,0.5310631,0.03106308,100,-100,loss
1393,home,0.53466505,0.034665048,100,-100,loss
1394,home,0.5509004,0.0509004,100,100,win
1395,away,0.41589358,0.084106445,100,100,win
1396,home,0.94951004,0.44951004,100,-100,loss
1398,home,0.547321,0.04732102,100,100,win
1399,home,0.6624671,0.16246712,100,-100,loss
1400,home,0.83920556,0.33920556,100,100,win
1401,home,0.63384193,0.13384193,100,-100,loss
1402,home,0.72325826,0.22325826,100,100,win
1403,home,0.6230198,0.123019814,100,100,win
1404,home,0.62077296,0.12077296,100,-100,loss
1405,home,0.86020166,0.36020166,100,100,win
1406,away,0.46992034,0.030079663,100,100,win
1407,home,0.7060603,0.20606029,100,100,win
1408,home,0.88198435,0.38198435,100,100,win
1409,home,0.8279468,0.32794678,100,100,win
1410,home,0.70504355,0.20504355,100,100,win
1411,home,0.76434135,0.26434135,100,100,win
1412,home,0.8631712,0.36317122,100,100,win
1413,away,0.21670704,0.28329295,100,100,win
1414,home,0.6629439,0.1629439,100,-100,loss
1415,home,0.8771526,0.37715262,100,-100,loss
1416,home,0.8227053,0.32270533,100,-100,loss
1417,away,0.40136743,0.098632574,100,100,win
1418,away,0.15013394,0.34986603,100,100,win
1419,home,0.74540263,0.24540263,100,100,win
1420,away,0.23531123,0.2646888,100,100,win
1421,away,0.35086823,0.14913177,100,100,win
1422,away,0.33715835,0.16284168,100,-100,loss
1423,home,0.5772664,0.077266395,100,-100,loss
1424,home,0.6884193,0.18841928,100,100,win
1425,home,0.63706106,0.13706106,100,100,win
1426,home,0.77439,0.27438998,100,-100,loss
1427,home,0.71511316,0.21511316,100,100,win
1428,away,0.37760022,0.12239981,100,-100,loss
1429,home,0.892286,0.392286,100,100,win
1430,home,0.8723178,0.3723178,100,-100,loss
1431,home,0.68115324,0.18115324,100,100,win
1432,home,0.8958178,0.39581782,100,100,win
1433,away,0.35228673,0.1477133,100,100,win
1434,home,0.5642658,0.06426579,100,100,win
1435,home,0.8640592,0.3640592,100,100,win
1436,home,0.810189,0.310189,100,100,win
1437,home,0.55295616,0.052956164,100,100,win
1438,home,0.6529363,0.15293628,100,-100,loss
1439,home,0.6618273,0.16182733,100,-100,loss
1440,home,0.89120835,0.39120835,100,100,win
1441,home,0.77336997,0.27336997,100,100,win
1442,away,0.4382153,0.061784744,100,100,win
1444,home,0.9158235,0.41582352,100,100,win
1445,away,0.27959105,0.22040892,100,100,win
1446,away,0.36841753,0.1315825,100,100,win
1448,home,0.7506638,0.25066382,100,100,win
1449,away,0.13529244,0.3647076,100,-100,loss
1450,home,0.94405806,0.44405806,100,100,win
1451,home,0.8287476,0.32874757,100,-100,loss
1452,home,0.74106425,0.24106425,100,100,win
1454,home,0.6875253,0.18752527,100,100,win
1455,home,0.5973521,0.09735209,100,100,win
