feature1,feature2,correlation,abs_corr
season_year,season_year_normalized,1.0000000000000004,1.0000000000000004
away_ewma_fta_rate,ewma_foul_synergy_away,0.9999999999999967,0.9999999999999967
games_into_season,season_progress,0.9999999999999951,0.9999999999999951
games_into_season,season_month,0.8589437444169271,0.8589437444169271
season_progress,season_month,0.8589437444169244,0.8589437444169244
injury_impact_diff,star_mismatch,0.8317736424717949,0.8317736424717949
ewma_foul_synergy_home,total_foul_environment,0.750749090165344,0.750749090165344
ewma_foul_synergy_away,total_foul_environment,0.7492926923477875,0.7492926923477875
away_ewma_fta_rate,total_foul_environment,0.7492926923477873,0.7492926923477873
ewma_chaos_home,ewma_net_chaos,0.7327206984386626,0.7327206984386626
injury_impact_abs,away_star_missing,0.6876669038441189,0.6876669038441189
ewma_tov_diff,away_ewma_tov_pct,0.6875076376118407,0.6875076376118407
injury_impact_abs,home_star_missing,0.6830848582024158,0.6830848582024158
ewma_orb_diff,home_orb,0.6813245586277052,0.6813245586277052
injury_impact_diff,injury_shock_diff,0.6791555718432718,0.6791555718432718
ewma_orb_diff,away_orb,-0.6733432140373794,0.6733432140373794
away_star_missing,star_mismatch,-0.6341170451498911,0.6341170451498911
home_star_missing,star_mismatch,0.6336141731448562,0.6336141731448562
injury_shock_away,injury_shock_diff,-0.6178761724523631,0.6178761724523631
injury_shock_away,away_star_missing,0.6166924144625219,0.6166924144625219
injury_shock_home,injury_shock_diff,0.6073787464294257,0.6073787464294257
injury_shock_home,home_star_missing,0.6050808525850624,0.6050808525850624
injury_shock_diff,star_mismatch,0.5791189345914969,0.5791189345914969
away_rest_days,away_back_to_back,-0.5556069988477671,0.5556069988477671
injury_impact_abs,injury_shock_away,0.551407316027028,0.551407316027028
injury_impact_abs,injury_shock_home,0.5503371022639905,0.5503371022639905
away_back_to_back,away_3in4,0.5319697570892281,0.5319697570892281
injury_impact_diff,away_star_missing,-0.5311858853724442,0.5311858853724442
injury_impact_diff,home_star_missing,0.5232775322325193,0.5232775322325193
ewma_efg_diff,home_ewma_3p_pct,0.5018634410549112,0.5018634410549112
ewma_efg_diff,away_ewma_3p_pct,-0.5000387949629028,0.5000387949629028
home_rest_days,away_rest_days,0.4973083739467944,0.4973083739467944
home_rest_days,home_back_to_back,-0.490390395510811,0.490390395510811
home_back_to_back,home_3in4,0.4400270362744107,0.4400270362744107
injury_impact_diff,injury_shock_away,-0.42294514221570406,0.42294514221570406
games_into_season,endgame_phase,0.41619925601557,0.41619925601557
season_progress,endgame_phase,0.4161992560155693,0.4161992560155693
injury_impact_diff,injury_shock_home,0.40915929711082494,0.40915929711082494
ewma_efg_diff,ewma_orb_diff,-0.400127126347552,0.400127126347552
endgame_phase,season_month,0.39730134040440207,0.39730134040440207
away_rest_days,away_3in4,-0.3957601223533165,0.3957601223533165
injury_shock_diff,away_star_missing,-0.370245014802194,0.370245014802194
injury_shock_away,star_mismatch,-0.3641515271503246,0.3641515271503246
injury_shock_diff,home_star_missing,0.36392053029953825,0.36392053029953825
home_rest_days,home_3in4,-0.3480708866982454,0.3480708866982454
injury_shock_home,star_mismatch,0.3453513118259674,0.3453513118259674
home_composite_elo,is_season_opener,0.3179813746488332,0.3179813746488332
ewma_efg_diff,away_orb,0.27371284545537616,0.27371284545537616
ewma_efg_diff,home_orb,-0.26836911776731864,0.26836911776731864
total_foul_environment,season_year_normalized,-0.2636920374589026,0.2636920374589026
total_foul_environment,season_year,-0.2636920374588492,0.2636920374588492
ewma_pace_diff,home_composite_elo,0.2597413421855045,0.2597413421855045
is_season_opener,endgame_phase,-0.2554056636817103,0.2554056636817103
home_composite_elo,endgame_phase,-0.2499071977656667,0.2499071977656667
injury_shock_home,injury_shock_away,0.24934208666800778,0.24934208666800778
home_ewma_3p_pct,home_orb,-0.22309053757763142,0.22309053757763142
away_ewma_3p_pct,away_orb,-0.2226357858596585,0.2226357858596585
home_rest_days,fatigue_mismatch,0.21866711731256136,0.21866711731256136
injury_shock_away,season_year_normalized,-0.21827353283083625,0.21827353283083625
injury_shock_away,season_year,-0.2182735328308334,0.2182735328308334
injury_shock_home,season_year_normalized,-0.210998422002954,0.210998422002954
injury_shock_home,season_year,-0.2109984220029512,0.2109984220029512
altitude_game,def_elo_diff,0.2029512118320438,0.2029512118320438
ewma_foul_synergy_home,season_year_normalized,-0.20259314468239908,0.20259314468239908
ewma_foul_synergy_home,season_year,-0.20259314468236161,0.20259314468236161
home_star_missing,away_star_missing,0.19642869415801098,0.19642869415801098
away_ewma_fta_rate,season_year_normalized,-0.19294436248249444,0.19294436248249444
ewma_foul_synergy_away,season_year_normalized,-0.19294436248247726,0.19294436248247726
away_ewma_fta_rate,season_year,-0.1929443624824579,0.1929443624824579
ewma_foul_synergy_away,season_year,-0.19294436248243965,0.19294436248243965
injury_impact_abs,season_year,0.18638114824222438,0.18638114824222438
injury_impact_abs,season_year_normalized,0.18638114824220767,0.18638114824220767
ewma_efg_diff,ewma_vol_3p_diff,0.1829647117803166,0.1829647117803166
ewma_orb_diff,home_ewma_3p_pct,-0.17924963519793408,0.17924963519793408
home_orb,season_year,0.17789603002180077,0.17789603002180077
home_orb,season_year_normalized,0.17789603002175677,0.17789603002175677
ewma_orb_diff,away_ewma_3p_pct,0.1709028429544891,0.1709028429544891
away_orb,season_year,0.16943857523906158,0.16943857523906158
away_orb,season_year_normalized,0.1694385752390165,0.1694385752390165
fatigue_mismatch,away_back_to_back,0.16743423135670954,0.16743423135670954
injury_shock_home,away_star_missing,0.1670624521189486,0.1670624521189486
ewma_net_chaos,season_year,0.16562175066183607,0.16562175066183607
ewma_net_chaos,season_year_normalized,0.16562175066183277,0.16562175066183277
injury_shock_away,home_star_missing,0.1552517683834849,0.1552517683834849
total_foul_environment,ewma_net_chaos,-0.14043429127227475,0.14043429127227475
away_ewma_3p_pct,away_composite_elo,0.13787348611629183,0.13787348611629183
ewma_efg_diff,away_composite_elo,-0.1368578516884599,0.1368578516884599
away_ewma_tov_pct,season_progress,-0.13450997958836183,0.13450997958836183
away_ewma_tov_pct,games_into_season,-0.13450997958836053,0.13450997958836053
home_composite_elo,season_progress,-0.13084384437577654,0.13084384437577654
home_composite_elo,games_into_season,-0.13084384437577568,0.13084384437577568
home_star_missing,season_year,0.130276469236366,0.130276469236366
home_star_missing,season_year_normalized,0.13027646923635697,0.13027646923635697
home_composite_elo,season_month,-0.12999763598302358,0.12999763598302358
away_rest_days,is_season_opener,0.12648107672491557,0.12648107672491557
ewma_foul_synergy_home,ewma_chaos_home,-0.12523175296012046,0.12523175296012046
away_ewma_fta_rate,ewma_foul_synergy_home,0.12506403838083596,0.12506403838083596
ewma_foul_synergy_home,ewma_foul_synergy_away,0.12506403838083247,0.12506403838083247
away_ewma_tov_pct,ewma_foul_synergy_away,0.12487350822453872,0.12487350822453872
away_ewma_tov_pct,away_ewma_fta_rate,0.12487350822453673,0.12487350822453673
ewma_vol_3p_diff,ewma_foul_synergy_home,-0.12240410358733413,0.12240410358733413
away_ewma_tov_pct,away_composite_elo,-0.12129125652868601,0.12129125652868601
home_rest_days,is_season_opener,0.12037665680689208,0.12037665680689208
away_star_missing,season_year,0.11906877023595344,0.11906877023595344
away_star_missing,season_year_normalized,0.11906877023594742,0.11906877023594742
away_rest_days,rest_advantage,-0.11786384928626222,0.11786384928626222
home_back_to_back,away_back_to_back,0.11393278274222979,0.11393278274222979
home_3in4,away_3in4,0.1137867515176903,0.1137867515176903
home_rest_days,home_composite_elo,0.11313947673672509,0.11313947673672509
is_season_opener,season_progress,-0.11270843565442935,0.11270843565442935
is_season_opener,games_into_season,-0.11270843565442921,0.11270843565442921
away_rest_days,home_composite_elo,0.11227435861094331,0.11227435861094331
ewma_chaos_home,season_year,0.11091164087324658,0.11091164087324658
ewma_chaos_home,season_year_normalized,0.11091164087324551,0.11091164087324551
ewma_efg_diff,home_composite_elo,0.1106362575279124,0.1106362575279124
ewma_foul_synergy_home,ewma_net_chaos,-0.10848809220005322,0.10848809220005322
ewma_vol_3p_diff,ewma_foul_synergy_away,0.1081974945451895,0.1081974945451895
ewma_vol_3p_diff,away_ewma_fta_rate,0.1081974945451889,0.1081974945451889
is_season_opener,season_month,-0.10573277695378987,0.10573277695378987
away_ewma_tov_pct,season_month,-0.1022817648192653,0.1022817648192653
away_ewma_fta_rate,ewma_net_chaos,-0.10216156928754003,0.10216156928754003
ewma_foul_synergy_away,ewma_net_chaos,-0.10216156928753871,0.10216156928753871
total_foul_environment,ewma_chaos_home,-0.10104075828739158,0.10104075828739158
home_rest_days,rest_advantage,0.0990860157930616,0.0990860157930616
away_rest_days,home_3in4,-0.09765851848636493,0.09765851848636493
home_rest_days,away_3in4,-0.09494718469150222,0.09494718469150222
def_elo_diff,away_composite_elo,0.09219021655913028,0.09219021655913028
ewma_tov_diff,ewma_foul_synergy_home,-0.09167665767448104,0.09167665767448104
injury_impact_abs,season_progress,0.09040748358411305,0.09040748358411305
injury_impact_abs,games_into_season,0.09040748358411173,0.09040748358411173
altitude_game,off_elo_diff,0.0901669582190107,0.0901669582190107
ewma_tov_diff,away_composite_elo,-0.08680906769549673,0.08680906769549673
ewma_tov_diff,ewma_pace_diff,-0.08628987559022612,0.08628987559022612
away_ewma_tov_pct,away_orb,0.08607603604716806,0.08607603604716806
off_elo_diff,away_composite_elo,-0.08603325485034523,0.08603325485034523
ewma_net_chaos,games_into_season,-0.08460458193332639,0.08460458193332639
ewma_net_chaos,season_progress,-0.08460458193332625,0.08460458193332625
fatigue_mismatch,home_back_to_back,0.08453553075187717,0.08453553075187717
away_ewma_tov_pct,total_foul_environment,0.08425780419797642,0.08425780419797642
ewma_net_chaos,season_month,-0.08423629779549859,0.08423629779549859
home_orb,away_orb,0.08241061193712797,0.08241061193712797
rest_advantage,away_back_to_back,0.08145557310635343,0.08145557310635343
ewma_net_chaos,endgame_phase,-0.07884104700354032,0.07884104700354032
injury_impact_abs,season_month,0.07869915995179522,0.07869915995179522
away_back_to_back,season_year_normalized,-0.07799190548349369,0.07799190548349369
away_back_to_back,season_year,-0.077991905483492,0.077991905483492
total_foul_environment,injury_impact_abs,-0.07645045892905877,0.07645045892905877
ewma_tov_diff,ewma_foul_synergy_away,0.0764419561488836,0.0764419561488836
ewma_tov_diff,away_ewma_fta_rate,0.07644195614888279,0.07644195614888279
away_back_to_back,home_3in4,0.07632984203600873,0.07632984203600873
home_rest_days,away_back_to_back,-0.07466998138894704,0.07466998138894704
ewma_vol_3p_diff,away_ewma_3p_pct,-0.07412707737647983,0.07412707737647983
away_rest_days,home_back_to_back,-0.07404348496976669,0.07404348496976669
away_rest_days,endgame_phase,-0.0736374255707237,0.0736374255707237
home_composite_elo,off_elo_diff,0.07248486513413648,0.07248486513413648
ewma_vol_3p_diff,def_elo_diff,-0.07213594006946887,0.07213594006946887
ewma_vol_3p_diff,home_ewma_3p_pct,0.07170196331942678,0.07170196331942678
home_back_to_back,away_3in4,0.07009530340810072,0.07009530340810072
home_rest_days,endgame_phase,-0.06841326571649521,0.06841326571649521
ewma_tov_diff,ewma_orb_diff,-0.0683978885594512,0.0683978885594512
injury_impact_diff,def_elo_diff,0.06805246488539352,0.06805246488539352
ewma_chaos_home,season_month,-0.06791805857097882,0.06791805857097882
ewma_efg_diff,altitude_game,0.06750745421557118,0.06750745421557118
ewma_chaos_home,games_into_season,-0.06683172937345447,0.06683172937345447
ewma_chaos_home,season_progress,-0.06683172937345369,0.06683172937345369
rest_advantage,home_back_to_back,-0.06560785712244872,0.06560785712244872
ewma_net_chaos,injury_shock_home,-0.06493393441428663,0.06493393441428663
ewma_pace_diff,ewma_chaos_home,-0.06380866079740163,0.06380866079740163
ewma_orb_diff,off_elo_diff,0.06347994375937348,0.06347994375937348
ewma_foul_synergy_home,injury_impact_abs,-0.06342734437748791,0.06342734437748791
ewma_pace_diff,away_ewma_tov_pct,-0.06318868753792194,0.06318868753792194
rest_advantage,home_composite_elo,0.0629145600861757,0.0629145600861757
injury_impact_abs,endgame_phase,0.061967082866882,0.061967082866882
home_ewma_3p_pct,altitude_game,0.06167800625236335,0.06167800625236335
away_ewma_3p_pct,season_year_normalized,0.06088929211473756,0.06088929211473756
away_ewma_3p_pct,season_year,0.060889292114722646,0.060889292114722646
ewma_pace_diff,altitude_game,-0.060324178819505185,0.060324178819505185
ewma_net_chaos,injury_shock_away,-0.059736811611876994,0.059736811611876994
home_3in4,injury_shock_home,0.0595640683025929,0.0595640683025929
injury_shock_away,season_progress,0.05921342631372008,0.05921342631372008
injury_shock_away,games_into_season,0.05921342631371909,0.05921342631371909
away_rest_days,injury_shock_away,-0.05880252920973147,0.05880252920973147
home_ewma_3p_pct,home_composite_elo,0.0586621989081382,0.0586621989081382
away_rest_days,fatigue_mismatch,0.0580166304573204,0.0580166304573204
ewma_orb_diff,def_elo_diff,-0.05798384944842076,0.05798384944842076
ewma_chaos_home,home_composite_elo,-0.05788125195469867,0.05788125195469867
total_foul_environment,home_star_missing,-0.05766027204417283,0.05766027204417283
ewma_chaos_home,endgame_phase,-0.057213896213820475,0.057213896213820475
injury_shock_diff,def_elo_diff,-0.05633260607957277,0.05633260607957277
home_orb,injury_shock_away,-0.05628090355321821,0.05628090355321821
star_mismatch,def_elo_diff,0.05578737664564418,0.05578737664564418
injury_shock_home,endgame_phase,0.055746165916689155,0.055746165916689155
ewma_efg_diff,off_elo_diff,0.055671619375678126,0.055671619375678126
away_star_missing,season_month,0.0553096218513626,0.0553096218513626
home_3in4,injury_impact_abs,0.054656893060968395,0.054656893060968395
total_foul_environment,season_month,-0.05451577207375227,0.05451577207375227
home_3in4,home_star_missing,0.05372835767892316,0.05372835767892316
ewma_pace_diff,def_elo_diff,0.0536731075092662,0.0536731075092662
home_ewma_3p_pct,season_year_normalized,0.05352580343729873,0.05352580343729873
home_ewma_3p_pct,season_year,0.05352580343728688,0.05352580343728688
away_star_missing,season_progress,0.053226598514712974,0.053226598514712974
away_star_missing,games_into_season,0.05322659851471218,0.05322659851471218
ewma_vol_3p_diff,ewma_chaos_home,0.05282487193860154,0.05282487193860154
injury_shock_home,season_progress,0.05197108949647633,0.05197108949647633
injury_shock_home,games_into_season,0.05197108949647559,0.05197108949647559
away_ewma_fta_rate,injury_impact_abs,-0.051236457375597566,0.051236457375597566
ewma_foul_synergy_away,injury_impact_abs,-0.05123645737559551,0.05123645737559551
away_orb,injury_shock_home,-0.05119280537778058,0.05119280537778058
home_star_missing,season_progress,0.0510293093682081,0.0510293093682081
home_star_missing,games_into_season,0.05102930936820749,0.05102930936820749
away_ewma_3p_pct,away_ewma_tov_pct,-0.05071887231542085,0.05071887231542085
ewma_tov_diff,away_orb,0.050356519266907235,0.050356519266907235
total_foul_environment,away_star_missing,-0.0502359859893296,0.0502359859893296
home_rest_days,injury_impact_abs,-0.04924330169126135,0.04924330169126135
home_ewma_3p_pct,season_month,0.04904378319772013,0.04904378319772013
ewma_foul_synergy_away,season_month,-0.048969752863926845,0.048969752863926845
away_ewma_fta_rate,season_month,-0.04896975286392669,0.04896975286392669
ewma_chaos_home,injury_shock_home,-0.0481538709233709,0.0481538709233709
ewma_foul_synergy_home,home_star_missing,-0.047980576418011206,0.047980576418011206
ewma_tov_diff,def_elo_diff,-0.0477604308298392,0.0477604308298392
away_rest_days,injury_impact_abs,-0.04768213325171319,0.04768213325171319
away_ewma_tov_pct,injury_impact_abs,0.047607121031232984,0.047607121031232984
ewma_pace_diff,away_composite_elo,0.04709452930539013,0.04709452930539013
home_star_missing,season_month,0.04676364132353779,0.04676364132353779
away_rest_days,away_star_missing,-0.0466070995312221,0.0466070995312221
season_year,season_progress,-0.04618081345655231,0.04618081345655231
season_year,games_into_season,-0.04618081345655218,0.04618081345655218
season_year_normalized,season_progress,-0.046180813456539724,0.046180813456539724
season_year_normalized,games_into_season,-0.04618081345653934,0.04618081345653934
ewma_foul_synergy_home,away_star_missing,-0.04606799357730565,0.04606799357730565
away_3in4,endgame_phase,0.04599066924895826,0.04599066924895826
away_orb,away_composite_elo,-0.04585789706069386,0.04585789706069386
away_orb,off_elo_diff,-0.0453755772726377,0.0453755772726377
ewma_pace_diff,home_ewma_3p_pct,-0.04536481872674167,0.04536481872674167
injury_shock_away,season_month,0.04531050063530692,0.04531050063530692
away_ewma_tov_pct,season_year,0.045031564018482316,0.045031564018482316
away_ewma_tov_pct,season_year_normalized,0.045031564018462804,0.045031564018462804
away_3in4,home_composite_elo,-0.04493213580250162,0.04493213580250162
fatigue_mismatch,away_3in4,0.04450005640066174,0.04450005640066174
injury_shock_home,def_elo_diff,-0.04447029025828482,0.04447029025828482
home_composite_elo,def_elo_diff,0.04445358581019426,0.04445358581019426
injury_shock_home,season_month,0.04416488417611778,0.04416488417611778
injury_impact_diff,away_composite_elo,-0.043728490194965955,0.043728490194965955
fatigue_mismatch,home_3in4,-0.04357694203486236,0.04357694203486236
ewma_pace_diff,ewma_vol_3p_diff,-0.04347005584819657,0.04347005584819657
ewma_pace_diff,ewma_foul_synergy_away,-0.04313366526983984,0.04313366526983984
ewma_pace_diff,away_ewma_fta_rate,-0.043133665269839395,0.043133665269839395
rest_advantage,away_3in4,0.042659669537710485,0.042659669537710485
home_ewma_3p_pct,season_progress,0.04254660265753093,0.04254660265753093
home_ewma_3p_pct,games_into_season,0.04254660265753044,0.04254660265753044
ewma_tov_diff,home_orb,-0.04234264863962992,0.04234264863962992
away_orb,def_elo_diff,0.04219635162241241,0.04219635162241241
home_back_to_back,season_year_normalized,0.04214331886591169,0.04214331886591169
home_back_to_back,season_year,0.04214331886590585,0.04214331886590585
home_rest_days,injury_shock_away,-0.04195483913721408,0.04195483913721408
away_3in4,is_season_opener,-0.04185996575789374,0.04185996575789374
ewma_orb_diff,away_ewma_tov_pct,-0.041789902824536915,0.041789902824536915
away_star_missing,def_elo_diff,-0.04169453830424571,0.04169453830424571
home_orb,off_elo_diff,0.040644815485365214,0.040644815485365214
injury_shock_diff,off_elo_diff,0.040027339159780094,0.040027339159780094
home_ewma_3p_pct,off_elo_diff,0.039695987140235756,0.039695987140235756
away_3in4,injury_shock_away,0.03959961559862402,0.03959961559862402
injury_shock_away,endgame_phase,0.03926524494079846,0.03926524494079846
home_rest_days,injury_shock_home,-0.039245260038956134,0.039245260038956134
ewma_efg_diff,def_elo_diff,0.03887843146066773,0.03887843146066773
away_rest_days,injury_shock_home,-0.03882610207703334,0.03882610207703334
away_ewma_fta_rate,home_star_missing,-0.03850051011557763,0.03850051011557763
ewma_foul_synergy_away,home_star_missing,-0.03850051011557621,0.03850051011557621
home_rest_days,away_star_missing,-0.03839927411582191,0.03839927411582191
ewma_tov_diff,ewma_vol_3p_diff,0.03839472115899951,0.03839472115899951
away_ewma_tov_pct,def_elo_diff,-0.038372667556639935,0.038372667556639935
home_3in4,is_season_opener,-0.03831642045785639,0.03831642045785639
ewma_net_chaos,away_composite_elo,0.03823048018395642,0.03823048018395642
ewma_pace_diff,away_orb,-0.03795435942945447,0.03795435942945447
ewma_pace_diff,ewma_foul_synergy_home,0.03784589058880507,0.03784589058880507
ewma_chaos_home,injury_shock_away,-0.03779499744459163,0.03779499744459163
home_rest_days,home_star_missing,-0.03737437901854727,0.03737437901854727
ewma_tov_diff,away_ewma_3p_pct,-0.03698519295149769,0.03698519295149769
ewma_orb_diff,ewma_pace_diff,0.03691187248953374,0.03691187248953374
home_orb,def_elo_diff,-0.0363838430818716,0.0363838430818716
away_orb,ewma_chaos_home,0.03607086103757361,0.03607086103757361
away_3in4,season_month,0.03597067008314221,0.03597067008314221
ewma_orb_diff,away_composite_elo,0.0359569192675566,0.0359569192675566
away_ewma_3p_pct,season_month,0.035778590486842,0.035778590486842
ewma_foul_synergy_away,away_composite_elo,-0.035590798016355,0.035590798016355
away_ewma_fta_rate,away_composite_elo,-0.03559079801635488,0.03559079801635488
away_back_to_back,is_season_opener,-0.03523593708117344,0.03523593708117344
season_year,endgame_phase,-0.03516641394850902,0.03516641394850902
season_year_normalized,endgame_phase,-0.03516641394849801,0.03516641394849801
ewma_tov_diff,home_ewma_3p_pct,0.034642753372384115,0.034642753372384115
ewma_foul_synergy_home,altitude_game,-0.03454516808562701,0.03454516808562701
away_back_to_back,injury_shock_away,0.03450834633325407,0.03450834633325407
ewma_tov_diff,home_composite_elo,0.03448816711773235,0.03448816711773235
ewma_orb_diff,injury_impact_diff,-0.03447156248459623,0.03447156248459623
ewma_foul_synergy_home,off_elo_diff,-0.034284106267052014,0.034284106267052014
injury_shock_away,away_composite_elo,-0.0341961518005488,0.0341961518005488
ewma_orb_diff,ewma_chaos_home,-0.03402875272375487,0.03402875272375487
away_ewma_tov_pct,home_star_missing,0.03345099215791791,0.03345099215791791
away_ewma_3p_pct,injury_shock_home,-0.03300836443221988,0.03300836443221988
ewma_foul_synergy_home,season_month,-0.032826436601051646,0.032826436601051646
home_ewma_3p_pct,ewma_foul_synergy_home,-0.0327939927933526,0.0327939927933526
away_3in4,season_progress,0.03259670618522087,0.03259670618522087
away_3in4,games_into_season,0.03259670618522069,0.03259670618522069
away_ewma_3p_pct,away_ewma_fta_rate,-0.032582681827282314,0.032582681827282314
away_ewma_3p_pct,ewma_foul_synergy_away,-0.0325826818272814,0.0325826818272814
fatigue_mismatch,games_into_season,-0.032579078345194655,0.032579078345194655
fatigue_mismatch,season_progress,-0.032579078345194544,0.032579078345194544
away_ewma_tov_pct,home_composite_elo,-0.03247270830813482,0.03247270830813482
star_mismatch,away_composite_elo,-0.03235806434758311,0.03235806434758311
away_ewma_tov_pct,away_star_missing,0.03193607668402059,0.03193607668402059
home_orb,ewma_foul_synergy_home,-0.03192748140347988,0.03192748140347988
ewma_foul_synergy_away,off_elo_diff,0.031863101092464645,0.031863101092464645
away_ewma_fta_rate,off_elo_diff,0.03186310109246452,0.03186310109246452
season_year,season_month,-0.031832452002436104,0.031832452002436104
season_year_normalized,season_month,-0.03183245200239539,0.03183245200239539
home_3in4,home_composite_elo,-0.03176622236269908,0.03176622236269908
away_ewma_3p_pct,season_progress,0.031653356685697964,0.031653356685697964
away_ewma_3p_pct,games_into_season,0.03165335668569748,0.03165335668569748
away_3in4,season_year,-0.031597905828387715,0.031597905828387715
away_3in4,season_year_normalized,-0.03159790582838181,0.03159790582838181
rest_advantage,home_3in4,-0.031377318113782325,0.031377318113782325
home_star_missing,endgame_phase,0.031364626242907895,0.031364626242907895
ewma_orb_diff,injury_shock_diff,0.031220014912740176,0.031220014912740176
ewma_efg_diff,ewma_chaos_home,0.03016617550867344,0.03016617550867344
home_3in4,endgame_phase,0.03013461897515692,0.03013461897515692
home_3in4,away_star_missing,0.030057298999593866,0.030057298999593866
away_star_missing,endgame_phase,0.029767226767700657,0.029767226767700657
home_3in4,injury_shock_away,0.02957457479086214,0.02957457479086214
ewma_pace_diff,away_ewma_3p_pct,0.0294117527823213,0.0294117527823213
home_orb,injury_shock_home,-0.029404109008669316,0.029404109008669316
fatigue_mismatch,season_month,-0.029346734996736276,0.029346734996736276
away_ewma_fta_rate,away_star_missing,-0.029267200471492526,0.029267200471492526
ewma_foul_synergy_away,away_star_missing,-0.029267200471491412,0.029267200471491412
away_back_to_back,home_composite_elo,-0.029212883691316367,0.029212883691316367
home_star_missing,def_elo_diff,0.029025492835089435,0.029025492835089435
away_ewma_tov_pct,home_orb,0.02888873400162063,0.02888873400162063
away_ewma_fta_rate,injury_shock_away,0.02862726615628236,0.02862726615628236
ewma_foul_synergy_away,injury_shock_away,0.02862726615627731,0.02862726615627731
total_foul_environment,injury_shock_away,0.02847135089377992,0.02847135089377992
away_3in4,injury_shock_home,0.028285853795352634,0.028285853795352634
ewma_tov_diff,ewma_chaos_home,0.02790730216611985,0.02790730216611985
ewma_net_chaos,home_composite_elo,-0.027892527618629342,0.027892527618629342
home_back_to_back,is_season_opener,-0.027737274492523226,0.027737274492523226
injury_impact_abs,is_season_opener,-0.027683569599266843,0.027683569599266843
home_3in4,season_month,0.02763665846373154,0.02763665846373154
away_3in4,off_elo_diff,0.027519153186439646,0.027519153186439646
ewma_tov_diff,off_elo_diff,-0.027398728273019285,0.027398728273019285
ewma_vol_3p_diff,away_ewma_tov_pct,0.027312430407950967,0.027312430407950967
injury_shock_away,is_season_opener,-0.027191467707585074,0.027191467707585074
away_back_to_back,endgame_phase,0.02708700859496127,0.02708700859496127
injury_shock_home,off_elo_diff,0.0269218764361417,0.0269218764361417
total_foul_environment,season_progress,-0.026584207978399256,0.026584207978399256
total_foul_environment,games_into_season,-0.026584207978398076,0.026584207978398076
ewma_foul_synergy_away,season_progress,-0.026449357416599796,0.026449357416599796
away_ewma_fta_rate,season_progress,-0.026449357416598988,0.026449357416598988
ewma_foul_synergy_away,games_into_season,-0.026449357416598693,0.026449357416598693
away_ewma_fta_rate,games_into_season,-0.026449357416598023,0.026449357416598023
away_rest_days,season_year,0.02639028618668717,0.02639028618668717
away_rest_days,season_year_normalized,0.02639028618668284,0.02639028618668284
ewma_net_chaos,is_season_opener,0.02635502615992636,0.02635502615992636
away_back_to_back,injury_shock_home,0.026346269436732066,0.026346269436732066
away_orb,injury_shock_away,-0.02630266766595368,0.02630266766595368
away_ewma_fta_rate,ewma_chaos_home,-0.026210164578725492,0.026210164578725492
ewma_foul_synergy_away,ewma_chaos_home,-0.026210164578724052,0.026210164578724052
home_ewma_3p_pct,ewma_chaos_home,0.026196916039132455,0.026196916039132455
rest_advantage,is_season_opener,-0.02587415162356556,0.02587415162356556
ewma_chaos_home,off_elo_diff,0.02563533495065291,0.02563533495065291
away_3in4,injury_impact_abs,0.025578231679226494,0.025578231679226494
away_orb,injury_impact_diff,0.02550611351460015,0.02550611351460015
home_rest_days,season_month,-0.025442441997674575,0.025442441997674575
rest_advantage,endgame_phase,0.025137685364417395,0.025137685364417395
ewma_chaos_home,is_season_opener,0.024991746497883202,0.024991746497883202
total_foul_environment,away_back_to_back,0.02482125921605416,0.02482125921605416
home_3in4,games_into_season,0.024799985026244427,0.024799985026244427
home_3in4,season_progress,0.024799985026244236,0.024799985026244236
ewma_vol_3p_diff,home_composite_elo,0.02476725651465212,0.02476725651465212
injury_shock_away,def_elo_diff,0.024656552618015744,0.024656552618015744
away_ewma_3p_pct,injury_shock_away,-0.024552610318790954,0.024552610318790954
def_elo_diff,is_season_opener,-0.02415586597421017,0.02415586597421017
home_3in4,injury_shock_diff,0.024100558718637487,0.024100558718637487
away_3in4,def_elo_diff,0.023994687600963648,0.023994687600963648
altitude_game,injury_shock_home,-0.023838222638700553,0.023838222638700553
away_ewma_3p_pct,total_foul_environment,-0.023828892134762594,0.023828892134762594
away_star_missing,away_composite_elo,0.023819903799972536,0.023819903799972536
ewma_vol_3p_diff,injury_shock_away,0.023733259654138354,0.023733259654138354
home_ewma_3p_pct,total_foul_environment,-0.023630052423577148,0.023630052423577148
fatigue_mismatch,home_star_missing,-0.023521706360289853,0.023521706360289853
away_orb,ewma_net_chaos,0.023258862954744622,0.023258862954744622
ewma_orb_diff,star_mismatch,-0.023117036047907994,0.023117036047907994
fatigue_mismatch,injury_impact_diff,-0.022692381761798767,0.022692381761798767
ewma_orb_diff,injury_shock_away,-0.022433406239532872,0.022433406239532872
ewma_net_chaos,away_back_to_back,-0.022335986413361333,0.022335986413361333
home_orb,injury_shock_diff,0.02229468659683533,0.02229468659683533
fatigue_mismatch,injury_impact_abs,-0.022184207450134972,0.022184207450134972
injury_shock_away,off_elo_diff,-0.022148552615641717,0.022148552615641717
fatigue_mismatch,season_year_normalized,-0.02214596428337032,0.02214596428337032
fatigue_mismatch,season_year,-0.022145964283367327,0.022145964283367327
ewma_chaos_home,home_back_to_back,0.022125919833225004,0.022125919833225004
off_elo_diff,def_elo_diff,0.021959285105801037,0.021959285105801037
away_ewma_tov_pct,ewma_net_chaos,-0.021804149215365675,0.021804149215365675
away_back_to_back,season_month,0.0217879392128328,0.0217879392128328
fatigue_mismatch,injury_shock_diff,-0.021641212054286162,0.021641212054286162
home_ewma_3p_pct,injury_shock_away,-0.021579538270749956,0.021579538270749956
ewma_net_chaos,home_back_to_back,0.021528873961749736,0.021528873961749736
injury_shock_home,is_season_opener,-0.02140619875389002,0.02140619875389002
away_ewma_fta_rate,injury_impact_diff,-0.021395248139611377,0.021395248139611377
ewma_foul_synergy_away,injury_impact_diff,-0.021395248139611193,0.021395248139611193
away_3in4,away_star_missing,0.021349928035171488,0.021349928035171488
away_rest_days,home_star_missing,-0.0212570141517174,0.0212570141517174
home_orb,injury_impact_diff,-0.0212142116926566,0.0212142116926566
ewma_orb_diff,ewma_foul_synergy_home,-0.021003597298534835,0.021003597298534835
home_rest_days,season_progress,-0.02084179482518709,0.02084179482518709
home_rest_days,games_into_season,-0.020841794825187044,0.020841794825187044
ewma_efg_diff,ewma_foul_synergy_away,0.020690358942847067,0.020690358942847067
ewma_efg_diff,away_ewma_fta_rate,0.020690358942846994,0.020690358942846994
away_back_to_back,off_elo_diff,0.02055207613221538,0.02055207613221538
ewma_orb_diff,ewma_foul_synergy_away,0.020548451622640438,0.020548451622640438
ewma_orb_diff,away_ewma_fta_rate,0.02054845162263999,0.02054845162263999
away_rest_days,season_month,-0.020542436265318646,0.020542436265318646
home_ewma_3p_pct,ewma_net_chaos,0.020533309776562793,0.020533309776562793
away_rest_days,games_into_season,-0.020493382184195573,0.020493382184195573
away_rest_days,season_progress,-0.020493382184195563,0.020493382184195563
away_rest_days,injury_impact_diff,0.020455152167508563,0.020455152167508563
away_back_to_back,games_into_season,0.020249151382244247,0.020249151382244247
away_back_to_back,season_progress,0.020249151382244094,0.020249151382244094
home_ewma_3p_pct,injury_shock_home,-0.020190634572494637,0.020190634572494637
away_ewma_fta_rate,away_back_to_back,0.02011440846032881,0.02011440846032881
ewma_foul_synergy_away,away_back_to_back,0.02011440846032774,0.02011440846032774
ewma_efg_diff,injury_impact_diff,0.020063111273066963,0.020063111273066963
away_rest_days,star_mismatch,0.02001067949843208,0.02001067949843208
away_orb,injury_shock_diff,-0.019987783980952894,0.019987783980952894
home_composite_elo,star_mismatch,-0.01974043005596536,0.01974043005596536
away_orb,star_mismatch,0.019608848854015586,0.019608848854015586
ewma_chaos_home,home_3in4,0.019561696921598527,0.019561696921598527
rest_advantage,off_elo_diff,0.019432905300090876,0.019432905300090876
total_foul_environment,home_back_to_back,-0.019352266929505414,0.019352266929505414
ewma_foul_synergy_home,rest_advantage,-0.019298426801781846,0.019298426801781846
away_ewma_tov_pct,home_3in4,0.0192032028472043,0.0192032028472043
away_ewma_tov_pct,is_season_opener,-0.01916908447890635,0.01916908447890635
away_ewma_tov_pct,off_elo_diff,-0.019020342049599098,0.019020342049599098
home_orb,home_back_to_back,0.018886998646554624,0.018886998646554624
home_3in4,injury_impact_diff,0.018886548829056625,0.018886548829056625
away_back_to_back,star_mismatch,-0.01884447126015572,0.01884447126015572
home_ewma_3p_pct,away_orb,0.018719563348440764,0.018719563348440764
fatigue_mismatch,is_season_opener,-0.01870388933881901,0.01870388933881901
home_3in4,star_mismatch,0.018654375320409235,0.018654375320409235
home_3in4,off_elo_diff,0.018550077047324337,0.018550077047324337
ewma_efg_diff,ewma_tov_diff,0.018523372854289313,0.018523372854289313
home_composite_elo,season_year,0.018429971498887296,0.018429971498887296
home_composite_elo,season_year_normalized,0.0184299714988818,0.0184299714988818
away_ewma_fta_rate,altitude_game,0.018244959980513238,0.018244959980513238
ewma_foul_synergy_away,altitude_game,0.01824495998051323,0.01824495998051323
injury_shock_diff,away_composite_elo,0.01818372547432192,0.01818372547432192
ewma_vol_3p_diff,injury_shock_diff,-0.01815864181645704,0.01815864181645704
away_ewma_tov_pct,home_rest_days,-0.018138097764675645,0.018138097764675645
ewma_orb_diff,away_star_missing,0.01806512400377316,0.01806512400377316
away_orb,away_ewma_fta_rate,-0.017915830032080565,0.017915830032080565
away_orb,ewma_foul_synergy_away,-0.017915830032076207,0.017915830032076207
ewma_efg_diff,injury_shock_away,0.01780780134514638,0.01780780134514638
ewma_orb_diff,home_3in4,0.017793629351908053,0.017793629351908053
home_composite_elo,injury_shock_diff,-0.01778301298838784,0.01778301298838784
total_foul_environment,endgame_phase,-0.017275085475752957,0.017275085475752957
home_star_missing,away_composite_elo,-0.017199665103977187,0.017199665103977187
ewma_foul_synergy_home,away_back_to_back,0.017122298145925488,0.017122298145925488
ewma_vol_3p_diff,away_composite_elo,-0.017086676371954136,0.017086676371954136
altitude_game,injury_impact_abs,-0.01704463957007491,0.01704463957007491
fatigue_mismatch,injury_shock_home,-0.01698750334677296,0.01698750334677296
ewma_vol_3p_diff,is_season_opener,0.016756087324860343,0.016756087324860343
ewma_vol_3p_diff,away_star_missing,0.01671530059008626,0.01671530059008626
away_rest_days,injury_shock_diff,0.0167133312465455,0.0167133312465455
total_foul_environment,injury_shock_home,0.016463260588453328,0.016463260588453328
ewma_vol_3p_diff,away_rest_days,0.016441268047743398,0.016441268047743398
away_orb,endgame_phase,-0.016248831981360807,0.016248831981360807
away_ewma_tov_pct,injury_shock_away,0.016188461612979016,0.016188461612979016
rest_advantage,def_elo_diff,0.01616604995162191,0.01616604995162191
ewma_efg_diff,star_mismatch,0.015960986549770746,0.015960986549770746
away_ewma_tov_pct,away_rest_days,-0.015958062359471104,0.015958062359471104
away_ewma_fta_rate,injury_shock_home,0.015824941367026515,0.015824941367026515
ewma_foul_synergy_away,injury_shock_home,0.015824941367021582,0.015824941367021582
altitude_game,star_mismatch,0.015806022564954978,0.015806022564954978
ewma_orb_diff,injury_shock_home,0.015786541300572034,0.015786541300572034
away_ewma_fta_rate,home_back_to_back,-0.0156578644845384,0.0156578644845384
ewma_foul_synergy_away,home_back_to_back,-0.01565786448453758,0.01565786448453758
ewma_chaos_home,fatigue_mismatch,0.015653933805694832,0.015653933805694832
home_back_to_back,def_elo_diff,0.01558980424808597,0.01558980424808597
home_back_to_back,off_elo_diff,0.015511788037398508,0.015511788037398508
ewma_foul_synergy_away,endgame_phase,-0.015412213283745884,0.015412213283745884
away_ewma_fta_rate,endgame_phase,-0.015412213283745495,0.015412213283745495
home_back_to_back,home_composite_elo,-0.015407658762906751,0.015407658762906751
ewma_foul_synergy_home,away_composite_elo,0.015321787839879855,0.015321787839879855
injury_impact_abs,away_composite_elo,0.015303419494950425,0.015303419494950425
ewma_tov_diff,altitude_game,-0.015303228713377472,0.015303228713377472
away_back_to_back,injury_impact_diff,-0.01516144461388604,0.01516144461388604
home_back_to_back,injury_impact_abs,0.015035258487525115,0.015035258487525115
total_foul_environment,fatigue_mismatch,0.015033643936804703,0.015033643936804703
away_ewma_3p_pct,def_elo_diff,-0.015030256523013753,0.015030256523013753
injury_impact_diff,off_elo_diff,-0.014948671424361707,0.014948671424361707
away_ewma_fta_rate,fatigue_mismatch,0.014909142593852918,0.014909142593852918
ewma_foul_synergy_away,fatigue_mismatch,0.014909142593852518,0.014909142593852518
home_back_to_back,home_star_missing,0.01487170074588213,0.01487170074588213
altitude_game,away_star_missing,-0.0148214281454562,0.0148214281454562
home_rest_days,season_year_normalized,-0.014753540998212163,0.014753540998212163
home_rest_days,season_year,-0.014753540998204057,0.014753540998204057
ewma_tov_diff,injury_impact_diff,-0.014745882466559971,0.014745882466559971
home_orb,total_foul_environment,-0.01467872850096666,0.01467872850096666
home_composite_elo,injury_shock_home,-0.014674379523856404,0.014674379523856404
away_orb,total_foul_environment,-0.014365896578751192,0.014365896578751192
away_ewma_3p_pct,ewma_net_chaos,0.014206661634080273,0.014206661634080273
away_back_to_back,home_star_missing,-0.014131078380272298,0.014131078380272298
ewma_foul_synergy_home,injury_shock_away,0.014099139468121375,0.014099139468121375
away_back_to_back,def_elo_diff,0.014049735302634009,0.014049735302634009
ewma_foul_synergy_home,home_3in4,-0.014024947282087412,0.014024947282087412
home_orb,away_back_to_back,0.013974653827657479,0.013974653827657479
ewma_orb_diff,home_composite_elo,0.013820511302384514,0.013820511302384514
total_foul_environment,home_3in4,-0.013743460302059248,0.013743460302059248
rest_advantage,injury_shock_away,0.013602747120166419,0.013602747120166419
rest_advantage,games_into_season,0.01357304886928274,0.01357304886928274
rest_advantage,season_progress,0.013573048869282688,0.013573048869282688
total_foul_environment,away_composite_elo,-0.013469906740685572,0.013469906740685572
ewma_foul_synergy_home,season_progress,-0.01344434998719261,0.01344434998719261
ewma_foul_synergy_home,games_into_season,-0.01344434998719167,0.01344434998719167
home_composite_elo,home_star_missing,-0.013404393856514778,0.013404393856514778
home_back_to_back,injury_shock_home,0.013393206678122464,0.013393206678122464
ewma_foul_synergy_home,home_back_to_back,-0.013374230728793396,0.013374230728793396
injury_shock_diff,endgame_phase,0.013051260521155286,0.013051260521155286
home_star_missing,off_elo_diff,0.013050187152379442,0.013050187152379442
ewma_vol_3p_diff,star_mismatch,-0.013023144777403541,0.013023144777403541
away_orb,home_star_missing,0.013001220198337507,0.013001220198337507
rest_advantage,away_star_missing,0.012967876425639858,0.012967876425639858
ewma_tov_diff,injury_shock_away,0.012947657825347018,0.012947657825347018
total_foul_environment,rest_advantage,-0.012927348859935966,0.012927348859935966
fatigue_mismatch,star_mismatch,-0.01279247311956113,0.01279247311956113
away_star_missing,is_season_opener,-0.01272380986349502,0.01272380986349502
home_composite_elo,altitude_game,-0.012697224231364143,0.012697224231364143
ewma_efg_diff,injury_shock_diff,-0.012652412543355373,0.012652412543355373
home_orb,away_star_missing,0.012611360997972521,0.012611360997972521
home_star_missing,is_season_opener,-0.012604473743403663,0.012604473743403663
ewma_foul_synergy_home,home_composite_elo,0.01254062507255265,0.01254062507255265
altitude_game,is_season_opener,-0.012518124126451008,0.012518124126451008
home_orb,away_rest_days,-0.012421216877943274,0.012421216877943274
home_orb,home_3in4,0.012333483569318269,0.012333483569318269
ewma_orb_diff,home_back_to_back,0.012261931899037742,0.012261931899037742
ewma_tov_diff,away_star_missing,0.012226962723509562,0.012226962723509562
ewma_pace_diff,home_orb,0.01217917251775582,0.01217917251775582
away_ewma_3p_pct,away_star_missing,-0.012163329473857058,0.012163329473857058
injury_shock_home,away_composite_elo,-0.012154069246343446,0.012154069246343446
ewma_vol_3p_diff,off_elo_diff,0.012052056258486803,0.012052056258486803
ewma_vol_3p_diff,home_orb,0.011987942003306586,0.011987942003306586
rest_advantage,fatigue_mismatch,0.01195082257311915,0.01195082257311915
rest_advantage,away_composite_elo,0.011903393802875528,0.011903393802875528
away_orb,away_star_missing,-0.011857836896742625,0.011857836896742625
ewma_orb_diff,is_season_opener,0.01182576119054237,0.01182576119054237
ewma_vol_3p_diff,away_back_to_back,-0.011788613972765172,0.011788613972765172
away_ewma_tov_pct,endgame_phase,0.011775527252169281,0.011775527252169281
away_orb,home_3in4,-0.011768861937192203,0.011768861937192203
home_orb,star_mismatch,-0.01174724188793974,0.01174724188793974
home_3in4,altitude_game,-0.011745661717149435,0.011745661717149435
ewma_pace_diff,injury_shock_away,0.011740106513242593,0.011740106513242593
away_3in4,star_mismatch,-0.011663622682406448,0.011663622682406448
home_composite_elo,away_star_missing,0.011621643194309764,0.011621643194309764
ewma_orb_diff,away_back_to_back,0.011575895860916018,0.011575895860916018
home_composite_elo,injury_impact_diff,-0.011545519844406993,0.011545519844406993
altitude_game,injury_shock_diff,-0.011483359229237659,0.011483359229237659
ewma_foul_synergy_home,away_rest_days,-0.01147893073371053,0.01147893073371053
away_ewma_3p_pct,away_back_to_back,-0.011448003472205754,0.011448003472205754
ewma_pace_diff,injury_shock_diff,-0.011404696641487135,0.011404696641487135
off_elo_diff,season_month,-0.01128528332689807,0.01128528332689807
away_ewma_tov_pct,injury_shock_home,0.011240809969453121,0.011240809969453121
ewma_orb_diff,home_star_missing,-0.011239248811654676,0.011239248811654676
ewma_tov_diff,injury_impact_abs,0.011222272863868172,0.011222272863868172
home_orb,is_season_opener,0.011215579296666027,0.011215579296666027
ewma_orb_diff,endgame_phase,0.011047972890143415,0.011047972890143415
away_orb,season_month,-0.0109292777306321,0.0109292777306321
total_foul_environment,altitude_game,-0.010910426147734976,0.010910426147734976
ewma_net_chaos,off_elo_diff,-0.010855123922010202,0.010855123922010202
home_ewma_3p_pct,home_back_to_back,0.010645903986408483,0.010645903986408483
away_ewma_fta_rate,injury_shock_diff,-0.010634994027503656,0.010634994027503656
ewma_foul_synergy_away,injury_shock_diff,-0.010634994027503454,0.010634994027503454
ewma_chaos_home,away_back_to_back,-0.010548703833910593,0.010548703833910593
away_ewma_3p_pct,endgame_phase,0.010530605742990655,0.010530605742990655
ewma_foul_synergy_home,endgame_phase,-0.01050729177778642,0.01050729177778642
ewma_efg_diff,ewma_pace_diff,0.0104509442084852,0.0104509442084852
altitude_game,season_progress,0.01044740389536552,0.01044740389536552
altitude_game,games_into_season,0.010447403895365458,0.010447403895365458
ewma_efg_diff,away_rest_days,0.010297348382124328,0.010297348382124328
ewma_tov_diff,total_foul_environment,-0.0102960956170364,0.0102960956170364
ewma_efg_diff,away_star_missing,-0.010276087803855263,0.010276087803855263
home_orb,home_composite_elo,0.010216400137380517,0.010216400137380517
away_rest_days,off_elo_diff,-0.01016399611030228,0.01016399611030228
home_orb,ewma_chaos_home,-0.010157576288589043,0.010157576288589043
away_orb,season_progress,-0.010115940649672434,0.010115940649672434
away_orb,games_into_season,-0.010115940649670366,0.010115940649670366
altitude_game,season_month,0.010110924111378617,0.010110924111378617
fatigue_mismatch,endgame_phase,0.010066177090612681,0.010066177090612681
ewma_net_chaos,home_3in4,0.010060839966706486,0.010060839966706486
ewma_orb_diff,ewma_vol_3p_diff,0.010052609327051138,0.010052609327051138
ewma_efg_diff,ewma_foul_synergy_home,-0.010025014599274087,0.010025014599274087
away_ewma_fta_rate,away_3in4,0.010006319959312494,0.010006319959312494
ewma_foul_synergy_away,away_3in4,0.010006319959312148,0.010006319959312148
total_foul_environment,injury_shock_diff,-0.009988829493539254,0.009988829493539254
away_ewma_3p_pct,away_rest_days,0.00998691412520374,0.00998691412520374
ewma_vol_3p_diff,home_3in4,0.009980884900156153,0.009980884900156153
home_orb,ewma_foul_synergy_away,0.00996104515995611,0.00996104515995611
home_orb,away_ewma_fta_rate,0.009961045159951271,0.009961045159951271
ewma_efg_diff,home_star_missing,0.009958070532085772,0.009958070532085772
away_3in4,injury_impact_diff,-0.009954383623124787,0.009954383623124787
away_ewma_3p_pct,home_orb,0.009949878854292014,0.009949878854292014
home_orb,ewma_net_chaos,0.00994805076324442,0.00994805076324442
total_foul_environment,away_rest_days,-0.009933609544633923,0.009933609544633923
ewma_tov_diff,home_3in4,0.009925851184729372,0.009925851184729372
away_orb,altitude_game,0.009921062379982996,0.009921062379982996
home_back_to_back,injury_shock_diff,0.0098133802981775,0.0098133802981775
away_ewma_3p_pct,home_composite_elo,-0.009781075800338143,0.009781075800338143
away_back_to_back,away_star_missing,0.009759813248454957,0.009759813248454957
ewma_pace_diff,home_star_missing,0.009756236161613273,0.009756236161613273
ewma_orb_diff,ewma_net_chaos,-0.009703169165663154,0.009703169165663154
ewma_efg_diff,away_ewma_tov_pct,0.009698758442420834,0.009698758442420834
ewma_vol_3p_diff,total_foul_environment,-0.009662724402831212,0.009662724402831212
altitude_game,injury_shock_away,-0.009595451673694971,0.009595451673694971
home_orb,away_3in4,0.009583919922352118,0.009583919922352118
ewma_efg_diff,away_3in4,0.009577951633105066,0.009577951633105066
fatigue_mismatch,injury_shock_away,0.00956786204767035,0.00956786204767035
ewma_tov_diff,season_progress,-0.009538771331594613,0.009538771331594613
ewma_tov_diff,games_into_season,-0.009538771331594555,0.009538771331594555
away_3in4,injury_shock_diff,-0.009518594354911163,0.009518594354911163
home_ewma_3p_pct,home_star_missing,-0.009480459214522572,0.009480459214522572
away_ewma_fta_rate,home_rest_days,0.009433308219063102,0.009433308219063102
ewma_foul_synergy_away,home_rest_days,0.009433308219062811,0.009433308219062811
away_ewma_3p_pct,off_elo_diff,-0.00914541489434266,0.00914541489434266
ewma_efg_diff,endgame_phase,-0.00913787617999191,0.00913787617999191
ewma_net_chaos,home_rest_days,-0.009103531269654352,0.009103531269654352
total_foul_environment,injury_impact_diff,-0.009054324180996082,0.009054324180996082
ewma_foul_synergy_home,def_elo_diff,-0.009020196145397721,0.009020196145397721
ewma_tov_diff,injury_shock_diff,-0.008991443358740314,0.008991443358740314
is_season_opener,season_year,0.008981701293827127,0.008981701293827127
is_season_opener,season_year_normalized,0.008981701293822118,0.008981701293822118
ewma_foul_synergy_home,injury_shock_home,0.008879338693810652,0.008879338693810652
rest_advantage,injury_shock_home,0.008856657478418876,0.008856657478418876
ewma_vol_3p_diff,away_3in4,0.008822234977511554,0.008822234977511554
ewma_efg_diff,home_rest_days,0.008792328990031871,0.008792328990031871
star_mismatch,season_year,0.008788351144838247,0.008788351144838247
star_mismatch,season_year_normalized,0.008788351144835836,0.008788351144835836
home_back_to_back,away_star_missing,0.008774605801130693,0.008774605801130693
injury_impact_abs,def_elo_diff,-0.00877368056017735,0.00877368056017735
away_orb,rest_advantage,0.008644535861106443,0.008644535861106443
home_rest_days,off_elo_diff,-0.008627238490527454,0.008627238490527454
ewma_tov_diff,season_month,0.00860845085782675,0.00860845085782675
home_back_to_back,season_month,0.00855199989744844,0.00855199989744844
injury_impact_abs,off_elo_diff,0.008518281353817945,0.008518281353817945
away_orb,home_composite_elo,-0.00849776820283559,0.00849776820283559
ewma_net_chaos,rest_advantage,-0.00848754595312648,0.00848754595312648
home_back_to_back,injury_impact_diff,0.008343189673723259,0.008343189673723259
ewma_pace_diff,away_rest_days,0.008338366527928992,0.008338366527928992
home_ewma_3p_pct,def_elo_diff,0.008320195948724145,0.008320195948724145
injury_impact_diff,season_year,0.008300393675718724,0.008300393675718724
injury_impact_diff,season_year_normalized,0.008300393675716866,0.008300393675716866
home_ewma_3p_pct,away_ewma_tov_pct,-0.008241530915946895,0.008241530915946895
home_ewma_3p_pct,away_star_missing,-0.008161972354878809,0.008161972354878809
away_ewma_3p_pct,star_mismatch,0.008123249148231915,0.008123249148231915
ewma_chaos_home,injury_shock_diff,-0.008093004237650976,0.008093004237650976
ewma_pace_diff,away_back_to_back,-0.008044645629716145,0.008044645629716145
away_ewma_tov_pct,altitude_game,-0.00801802938862504,0.00801802938862504
away_rest_days,altitude_game,0.007954226554704628,0.007954226554704628
ewma_orb_diff,altitude_game,-0.007900034519163613,0.007900034519163613
ewma_tov_diff,home_star_missing,0.007816470644566916,0.007816470644566916
ewma_foul_synergy_home,injury_impact_diff,0.0077769465222198636,0.0077769465222198636
ewma_efg_diff,home_3in4,-0.007748095522336392,0.007748095522336392
injury_shock_diff,season_year,0.0077408179662236095,0.0077408179662236095
injury_shock_diff,season_year_normalized,0.007740817966222997,0.007740817966222997
ewma_pace_diff,away_3in4,-0.007728022301938217,0.007728022301938217
home_back_to_back,games_into_season,0.007727164185732217,0.007727164185732217
home_back_to_back,season_progress,0.007727164185732066,0.007727164185732066
ewma_chaos_home,away_3in4,0.007686829438093544,0.007686829438093544
ewma_tov_diff,away_3in4,-0.007665769563365573,0.007665769563365573
ewma_efg_diff,ewma_net_chaos,0.0076627018826235915,0.0076627018826235915
ewma_vol_3p_diff,injury_impact_abs,0.0076581814186813075,0.0076581814186813075
ewma_foul_synergy_home,fatigue_mismatch,0.007651040303080529,0.007651040303080529
fatigue_mismatch,off_elo_diff,0.007603659969864409,0.007603659969864409
ewma_pace_diff,off_elo_diff,0.007544308831657322,0.007544308831657322
total_foul_environment,home_composite_elo,0.007527858962638856,0.007527858962638856
ewma_orb_diff,season_year_normalized,0.007523577411260067,0.007523577411260067
ewma_orb_diff,season_year,0.007523577411259384,0.007523577411259384
altitude_game,endgame_phase,0.007300642413999226,0.007300642413999226
fatigue_mismatch,away_star_missing,-0.007296076619952353,0.007296076619952353
home_ewma_3p_pct,away_rest_days,0.007293612697160343,0.007293612697160343
away_ewma_fta_rate,star_mismatch,-0.007269091286942646,0.007269091286942646
ewma_foul_synergy_away,star_mismatch,-0.007269091286942397,0.007269091286942397
away_3in4,away_composite_elo,-0.007229735250860783,0.007229735250860783
home_composite_elo,injury_shock_away,0.007154018477035616,0.007154018477035616
injury_impact_diff,injury_impact_abs,-0.007148489275621766,0.007148489275621766
ewma_pace_diff,injury_impact_diff,0.007130530659580905,0.007130530659580905
ewma_efg_diff,total_foul_environment,0.007084458849931644,0.007084458849931644
away_orb,away_rest_days,-0.007046431211983799,0.007046431211983799
ewma_tov_diff,home_rest_days,-0.006991106420724969,0.006991106420724969
home_3in4,away_composite_elo,0.006985350450653498,0.006985350450653498
home_ewma_3p_pct,away_ewma_3p_pct,0.00698132093172951,0.00698132093172951
away_back_to_back,injury_shock_diff,-0.006916901179057177,0.006916901179057177
home_ewma_3p_pct,endgame_phase,-0.006772027338271159,0.006772027338271159
away_ewma_3p_pct,is_season_opener,0.006767638776201675,0.006767638776201675
star_mismatch,season_month,-0.006762611760770316,0.006762611760770316
ewma_pace_diff,star_mismatch,0.006731898378839553,0.006731898378839553
ewma_vol_3p_diff,home_rest_days,0.0066683315771667,0.0066683315771667
away_orb,fatigue_mismatch,-0.00666230229556562,0.00666230229556562
away_ewma_3p_pct,injury_shock_diff,-0.006659091831608386,0.006659091831608386
home_back_to_back,endgame_phase,0.006657043892899015,0.006657043892899015
rest_advantage,star_mismatch,-0.006623380536357128,0.006623380536357128
away_orb,away_3in4,0.006622107037659559,0.006622107037659559
away_ewma_fta_rate,home_3in4,-0.006581549547919825,0.006581549547919825
ewma_foul_synergy_away,home_3in4,-0.006581549547919556,0.006581549547919556
away_3in4,home_star_missing,0.006571026598355972,0.006571026598355972
ewma_net_chaos,away_star_missing,-0.006538843571504232,0.006538843571504232
season_progress,away_composite_elo,0.0064961339620581045,0.0064961339620581045
games_into_season,away_composite_elo,0.006496133962058015,0.006496133962058015
star_mismatch,off_elo_diff,0.006455765692334061,0.006455765692334061
ewma_pace_diff,rest_advantage,-0.00642507825187023,0.00642507825187023
ewma_efg_diff,home_back_to_back,0.0064092056230656705,0.0064092056230656705
injury_impact_diff,season_month,-0.006402155807681882,0.006402155807681882
injury_shock_diff,season_progress,-0.006377727315472883,0.006377727315472883
injury_shock_diff,games_into_season,-0.006377727315472722,0.006377727315472722
altitude_game,injury_impact_diff,-0.006328985795185458,0.006328985795185458
away_3in4,altitude_game,0.0063219943706016605,0.0063219943706016605
ewma_pace_diff,home_back_to_back,-0.006304455620048884,0.006304455620048884
ewma_net_chaos,away_3in4,-0.006252139013304285,0.006252139013304285
ewma_tov_diff,is_season_opener,-0.006213819788684481,0.006213819788684481
total_foul_environment,def_elo_diff,-0.00615708530817063,0.00615708530817063
ewma_tov_diff,ewma_net_chaos,0.006147401570035403,0.006147401570035403
away_ewma_3p_pct,injury_impact_abs,-0.0061384166136327885,0.0061384166136327885
home_orb,season_progress,-0.006080808152745934,0.006080808152745934
home_orb,games_into_season,-0.006080808152743833,0.006080808152743833
home_orb,season_month,-0.006062874246541534,0.006062874246541534
ewma_foul_synergy_home,away_3in4,-0.005979429725787735,0.005979429725787735
ewma_net_chaos,star_mismatch,0.005979074276650193,0.005979074276650193
ewma_vol_3p_diff,season_month,-0.005839804495943634,0.005839804495943634
total_foul_environment,star_mismatch,-0.005833680969569871,0.005833680969569871
ewma_tov_diff,season_year_normalized,0.005819005964221321,0.005819005964221321
ewma_tov_diff,season_year,0.005819005964220911,0.005819005964220911
home_3in4,season_year_normalized,0.0057949975703798515,0.0057949975703798515
home_3in4,season_year,0.005794997570375395,0.005794997570375395
away_orb,home_rest_days,-0.0057301412345802695,0.0057301412345802695
total_foul_environment,home_rest_days,0.005672586918550748,0.005672586918550748
ewma_tov_diff,fatigue_mismatch,-0.005655882021329979,0.005655882021329979
altitude_game,away_composite_elo,-0.0056540472771976135,0.0056540472771976135
injury_impact_abs,injury_shock_diff,-0.005502052002178203,0.005502052002178203
injury_impact_diff,season_progress,-0.0054854194172401114,0.0054854194172401114
injury_impact_diff,games_into_season,-0.00548541941724001,0.00548541941724001
home_back_to_back,altitude_game,-0.005458644411901038,0.005458644411901038
home_rest_days,altitude_game,0.005443088397928485,0.005443088397928485
fatigue_mismatch,home_composite_elo,0.00542611720534875,0.00542611720534875
ewma_pace_diff,injury_impact_abs,0.005402429548482845,0.005402429548482845
away_rest_days,def_elo_diff,-0.005260220164230514,0.005260220164230514
rest_advantage,injury_impact_abs,0.005246851470406231,0.005246851470406231
home_ewma_3p_pct,injury_impact_abs,-0.005216777511689905,0.005216777511689905
away_rest_days,away_composite_elo,0.005213843874870405,0.005213843874870405
altitude_game,home_star_missing,0.0052138025450255525,0.0052138025450255525
home_ewma_3p_pct,injury_impact_diff,0.005211468973333623,0.005211468973333623
away_ewma_tov_pct,fatigue_mismatch,-0.005185106515739395,0.005185106515739395
ewma_orb_diff,fatigue_mismatch,0.005145571425940985,0.005145571425940985
ewma_orb_diff,rest_advantage,-0.00514446052193332,0.00514446052193332
ewma_efg_diff,away_back_to_back,-0.005083440826350474,0.005083440826350474
ewma_vol_3p_diff,altitude_game,0.005077316953484206,0.005077316953484206
ewma_chaos_home,rest_advantage,-0.0050089673863867095,0.0050089673863867095
away_ewma_tov_pct,away_3in4,0.004983691358565018,0.004983691358565018
home_orb,injury_impact_abs,0.004978420918716459,0.004978420918716459
fatigue_mismatch,altitude_game,0.004938556482551843,0.004938556482551843
injury_shock_diff,is_season_opener,0.004925645353959152,0.004925645353959152
home_ewma_3p_pct,is_season_opener,0.004921111473899079,0.004921111473899079
fatigue_mismatch,def_elo_diff,0.004904166912668806,0.004904166912668806
away_ewma_3p_pct,fatigue_mismatch,-0.0048896983633575876,0.0048896983633575876
away_star_missing,off_elo_diff,0.004861238607706751,0.004861238607706751
home_back_to_back,star_mismatch,0.004804484064876856,0.004804484064876856
away_orb,is_season_opener,-0.004772690119807846,0.004772690119807846
home_ewma_3p_pct,away_back_to_back,-0.004709945756550401,0.004709945756550401
away_ewma_3p_pct,home_rest_days,-0.004631278935049278,0.004631278935049278
ewma_tov_diff,endgame_phase,0.004630458982355248,0.004630458982355248
home_orb,home_rest_days,-0.0046091062423647584,0.0046091062423647584
away_ewma_tov_pct,rest_advantage,-0.0046002259267284825,0.0046002259267284825
rest_advantage,home_star_missing,0.004575883281447156,0.004575883281447156
home_back_to_back,away_composite_elo,0.00453777567261664,0.00453777567261664
ewma_foul_synergy_away,is_season_opener,0.004526599461171615,0.004526599461171615
away_ewma_fta_rate,is_season_opener,0.004526599461171558,0.004526599461171558
ewma_vol_3p_diff,home_back_to_back,0.004485328353824876,0.004485328353824876
ewma_foul_synergy_home,injury_shock_diff,-0.0043565242062654375,0.0043565242062654375
ewma_net_chaos,def_elo_diff,0.004268397029180669,0.004268397029180669
home_composite_elo,away_composite_elo,0.00424716068997405,0.00424716068997405
rest_advantage,season_year_normalized,-0.004196108714178855,0.004196108714178855
rest_advantage,season_year,-0.004196108714178228,0.004196108714178228
away_ewma_3p_pct,away_3in4,-0.004164684164321511,0.004164684164321511
away_ewma_tov_pct,injury_shock_diff,-0.004153116259471871,0.004153116259471871
ewma_tov_diff,away_back_to_back,-0.004085137479981153,0.004085137479981153
ewma_orb_diff,away_rest_days,-0.0040392615989984495,0.0040392615989984495
off_elo_diff,games_into_season,-0.004039108339986619,0.004039108339986619
off_elo_diff,season_progress,-0.004039108339986606,0.004039108339986606
rest_advantage,injury_shock_diff,-0.003967738024264996,0.003967738024264996
home_ewma_3p_pct,away_3in4,0.003930230960842277,0.003930230960842277
injury_impact_abs,star_mismatch,-0.003902437373962006,0.003902437373962006
rest_advantage,injury_impact_diff,-0.0038596922166382,0.0038596922166382
ewma_efg_diff,injury_impact_abs,0.003792874057996399,0.003792874057996399
ewma_chaos_home,home_rest_days,-0.003789385041962637,0.003789385041962637
ewma_net_chaos,injury_shock_diff,-0.0037177150371804297,0.0037177150371804297
away_orb,ewma_foul_synergy_home,-0.0036514498317483796,0.0036514498317483796
ewma_pace_diff,season_year,-0.003619571309924527,0.003619571309924527
ewma_pace_diff,season_year_normalized,-0.003619571309923826,0.003619571309923826
ewma_orb_diff,season_month,0.003529569459051248,0.003529569459051248
season_year,away_composite_elo,0.0035158120404591093,0.0035158120404591093
season_year_normalized,away_composite_elo,0.0035158120404589262,0.0035158120404589262
away_ewma_tov_pct,injury_impact_diff,-0.0034910367239065717,0.0034910367239065717
ewma_tov_diff,star_mismatch,-0.0034832553880328673,0.0034832553880328673
ewma_efg_diff,season_month,0.003469437044894127,0.003469437044894127
ewma_efg_diff,rest_advantage,-0.003464881829798926,0.003464881829798926
ewma_net_chaos,injury_impact_diff,0.003464045720305694,0.003464045720305694
ewma_pace_diff,total_foul_environment,-0.003457682324752288,0.003457682324752288
def_elo_diff,season_month,-0.0034407188590307295,0.0034407188590307295
away_ewma_fta_rate,away_rest_days,-0.003411845193023914,0.003411845193023914
ewma_foul_synergy_away,away_rest_days,-0.0034118451930235834,0.0034118451930235834
home_composite_elo,injury_impact_abs,-0.0033939819690478466,0.0033939819690478466
away_back_to_back,altitude_game,-0.0032893206227132387,0.0032893206227132387
ewma_vol_3p_diff,endgame_phase,-0.003286239229302481,0.003286239229302481
fatigue_mismatch,away_composite_elo,-0.0032707832438752674,0.0032707832438752674
ewma_vol_3p_diff,season_year,-0.00321675550859298,0.00321675550859298
ewma_vol_3p_diff,season_year_normalized,-0.003216755508591344,0.003216755508591344
away_ewma_3p_pct,ewma_foul_synergy_home,-0.003198380711704494,0.003198380711704494
ewma_tov_diff,rest_advantage,0.003067980209772189,0.003067980209772189
home_orb,away_composite_elo,0.0030669392168946345,0.0030669392168946345
def_elo_diff,season_progress,-0.003057437803275927,0.003057437803275927
def_elo_diff,games_into_season,-0.0030574378032759103,0.0030574378032759103
ewma_vol_3p_diff,fatigue_mismatch,-0.0030534843956210823,0.0030534843956210823
ewma_chaos_home,away_star_missing,-0.003035026126366165,0.003035026126366165
ewma_vol_3p_diff,rest_advantage,-0.003007927216417234,0.003007927216417234
ewma_pace_diff,season_month,0.002976230079055672,0.002976230079055672
ewma_orb_diff,games_into_season,0.002918885460144626,0.002918885460144626
ewma_orb_diff,season_progress,0.0029188854601445336,0.0029188854601445336
away_ewma_3p_pct,ewma_chaos_home,-0.002915829342697594,0.002915829342697594
ewma_pace_diff,is_season_opener,0.0029032685157746145,0.0029032685157746145
away_ewma_tov_pct,away_back_to_back,-0.0028657862200437583,0.0028657862200437583
home_rest_days,injury_impact_diff,-0.00286320354046667,0.00286320354046667
ewma_efg_diff,season_year_normalized,-0.0028313975551228247,0.0028313975551228247
ewma_efg_diff,season_year,-0.00283139755512009,0.00283139755512009
ewma_efg_diff,season_progress,0.0027391221581232607,0.0027391221581232607
ewma_efg_diff,games_into_season,0.0027391221581232485,0.0027391221581232485
total_foul_environment,away_3in4,0.0026712107062850997,0.0026712107062850997
ewma_pace_diff,ewma_net_chaos,-0.0026693786659027106,0.0026693786659027106
home_ewma_3p_pct,away_ewma_fta_rate,-0.0026144379027759,0.0026144379027759
home_ewma_3p_pct,ewma_foul_synergy_away,-0.0026144379027751266,0.0026144379027751266
away_back_to_back,away_composite_elo,-0.0026003824255472208,0.0026003824255472208
ewma_chaos_home,injury_impact_abs,-0.002591805548305021,0.002591805548305021
home_rest_days,injury_shock_diff,0.0025524799464532815,0.0025524799464532815
ewma_net_chaos,fatigue_mismatch,-0.002465363132017474,0.002465363132017474
ewma_efg_diff,injury_shock_home,0.002408756623306211,0.002408756623306211
away_orb,home_back_to_back,0.0023818952144290576,0.0023818952144290576
ewma_vol_3p_diff,games_into_season,-0.002378922124880412,0.002378922124880412
ewma_vol_3p_diff,season_progress,-0.0023789221248803677,0.0023789221248803677
home_ewma_3p_pct,fatigue_mismatch,0.0023484071741685835,0.0023484071741685835
rest_advantage,season_month,-0.00233318873948722,0.00233318873948722
home_orb,home_star_missing,-0.0022782328874217366,0.0022782328874217366
ewma_orb_diff,injury_impact_abs,0.002266395063242627,0.002266395063242627
ewma_orb_diff,away_3in4,0.0022460604922382296,0.0022460604922382296
ewma_pace_diff,injury_shock_home,-0.0021849830896661024,0.0021849830896661024
endgame_phase,away_composite_elo,-0.002139375385218501,0.002139375385218501
home_ewma_3p_pct,home_rest_days,0.002112694044248219,0.002112694044248219
home_3in4,def_elo_diff,0.0020796797586002153,0.0020796797586002153
ewma_tov_diff,home_back_to_back,0.0020590323151625607,0.0020590323151625607
total_foul_environment,is_season_opener,0.002056931776266538,0.002056931776266538
ewma_chaos_home,away_composite_elo,0.0020358386622335886,0.0020358386622335886
ewma_tov_diff,injury_shock_home,0.002007346296595314,0.002007346296595314
away_orb,injury_impact_abs,0.0019426862936989056,0.0019426862936989056
away_ewma_tov_pct,home_back_to_back,0.0019105315198480004,0.0019105315198480004
ewma_net_chaos,away_rest_days,-0.0018879201620430946,0.0018879201620430946
ewma_chaos_home,star_mismatch,0.0018757537453466368,0.0018757537453466368
away_ewma_3p_pct,home_star_missing,-0.0018689703406979039,0.0018689703406979039
season_month,away_composite_elo,-0.0018105682774335005,0.0018105682774335005
off_elo_diff,is_season_opener,0.0017930668673553055,0.0017930668673553055
star_mismatch,season_progress,-0.001755155040273187,0.001755155040273187
star_mismatch,games_into_season,-0.0017551550402730787,0.0017551550402730787
def_elo_diff,endgame_phase,-0.0017299846489353165,0.0017299846489353165
ewma_pace_diff,season_progress,0.0016919425601850727,0.0016919425601850727
ewma_pace_diff,games_into_season,0.0016919425601849706,0.0016919425601849706
away_ewma_tov_pct,ewma_foul_synergy_home,0.0016706866379714955,0.0016706866379714955
total_foul_environment,off_elo_diff,-0.0016690100791291352,0.0016690100791291352
away_orb,away_back_to_back,-0.0016457227690700232,0.0016457227690700232
home_orb,rest_advantage,0.001624008766003981,0.001624008766003981
ewma_vol_3p_diff,injury_shock_home,0.0016137933675588255,0.0016137933675588255
ewma_vol_3p_diff,away_orb,-0.0015784133164909156,0.0015784133164909156
ewma_foul_synergy_home,star_mismatch,-0.001488900906897021,0.001488900906897021
ewma_foul_synergy_home,is_season_opener,-0.0014336709022857675,0.0014336709022857675
ewma_chaos_home,away_rest_days,0.0013434591874985035,0.0013434591874985035
injury_shock_diff,season_month,-0.001310863645276505,0.001310863645276505
home_ewma_3p_pct,injury_shock_diff,0.001308997136701836,0.001308997136701836
injury_impact_diff,is_season_opener,-0.0013051633948931727,0.0013051633948931727
home_back_to_back,injury_shock_away,0.001293182109388337,0.001293182109388337
away_ewma_fta_rate,home_composite_elo,-0.0012657452284731275,0.0012657452284731275
ewma_foul_synergy_away,home_composite_elo,-0.0012657452284730644,0.0012657452284730644
away_ewma_3p_pct,home_3in4,-0.0012575454760430664,0.0012575454760430664
star_mismatch,endgame_phase,0.0012471985367507243,0.0012471985367507243
ewma_pace_diff,away_star_missing,0.00121907347739658,0.00121907347739658
ewma_pace_diff,endgame_phase,0.001214487223968928,0.001214487223968928
home_orb,endgame_phase,-0.0011949343300450518,0.0011949343300450518
away_ewma_tov_pct,star_mismatch,0.0011812400207738855,0.0011812400207738855
ewma_chaos_home,altitude_game,0.0011794684964581523,0.0011794684964581523
away_ewma_3p_pct,injury_impact_diff,0.0011132854325844013,0.0011132854325844013
away_ewma_3p_pct,home_back_to_back,-0.001106142532202957,0.001106142532202957
away_back_to_back,injury_impact_abs,0.0010966029215614833,0.0010966029215614833
ewma_net_chaos,home_star_missing,0.0010395512215470597,0.0010395512215470597
home_ewma_3p_pct,star_mismatch,-0.0010363288320561286,0.0010363288320561286
ewma_tov_diff,away_rest_days,-0.000978731342161455,0.000978731342161455
ewma_pace_diff,fatigue_mismatch,-0.000963307291582088,0.000963307291582088
ewma_foul_synergy_home,home_rest_days,-0.0009112656359325535,0.0009112656359325535
off_elo_diff,endgame_phase,0.0008588565667076208,0.0008588565667076208
ewma_chaos_home,def_elo_diff,-0.0008422432345170499,0.0008422432345170499
home_orb,altitude_game,-0.0008265978059922826,0.0008265978059922826
home_rest_days,star_mismatch,0.0008243724199829258,0.0008243724199829258
home_ewma_3p_pct,home_3in4,-0.0007965676728805778,0.0007965676728805778
ewma_orb_diff,home_rest_days,0.0007893915189678944,0.0007893915189678944
home_rest_days,away_composite_elo,0.0007722316836341117,0.0007722316836341117
is_season_opener,away_composite_elo,0.0007341943441561634,0.0007341943441561634
ewma_chaos_home,home_star_missing,-0.0006580582081593542,0.0006580582081593542
away_ewma_3p_pct,rest_advantage,-0.0006317263285702152,0.0006317263285702152
ewma_efg_diff,is_season_opener,-0.0006239520606119882,0.0006239520606119882
home_ewma_3p_pct,away_composite_elo,-0.0005971668282861972,0.0005971668282861972
ewma_vol_3p_diff,injury_impact_diff,0.0005646068007354797,0.0005646068007354797
home_rest_days,def_elo_diff,0.0004851641202561981,0.0004851641202561981
def_elo_diff,season_year,0.0004416713593957784,0.0004416713593957784
def_elo_diff,season_year_normalized,0.00044167135939512676,0.00044167135939512676
away_ewma_tov_pct,ewma_chaos_home,0.0004264420175953007,0.0004264420175953007
rest_advantage,altitude_game,0.00042310501694938635,0.00042310501694938635
ewma_chaos_home,injury_impact_diff,-0.00037726151141860835,0.00037726151141860835
off_elo_diff,season_year_normalized,-0.0003511763444216,0.0003511763444216
off_elo_diff,season_year,-0.0003511763444215248,0.0003511763444215248
home_orb,fatigue_mismatch,0.00034001979919121445,0.00034001979919121445
ewma_orb_diff,total_foul_environment,-0.0003380049125137128,0.0003380049125137128
injury_impact_diff,endgame_phase,-0.0003141183465730168,0.0003141183465730168
altitude_game,season_year_normalized,-0.0003044269941706334,0.0003044269941706334
altitude_game,season_year,-0.0003044269941706022,0.0003044269941706022
ewma_pace_diff,home_rest_days,0.00026086129338390455,0.00026086129338390455
ewma_vol_3p_diff,home_star_missing,0.00020996088968483243,0.00020996088968483243
ewma_foul_synergy_away,def_elo_diff,-0.0002046943930660537,0.0002046943930660537
away_ewma_fta_rate,def_elo_diff,-0.00020469439306598978,0.00020469439306598978
away_ewma_3p_pct,altitude_game,-0.00015923220996411197,0.00015923220996411197
ewma_vol_3p_diff,ewma_net_chaos,0.0001461597868563849,0.0001461597868563849
home_ewma_3p_pct,rest_advantage,0.00011986649962497542,0.00011986649962497542
ewma_efg_diff,fatigue_mismatch,-0.00010069153990544887,0.00010069153990544887
star_mismatch,is_season_opener,9.945647987770236e-05,9.945647987770236e-05
ewma_net_chaos,injury_impact_abs,7.898610422743928e-05,7.898610422743928e-05
away_ewma_fta_rate,rest_advantage,-6.915298521912519e-05,6.915298521912519e-05
ewma_foul_synergy_away,rest_advantage,-6.915298521898816e-05,6.915298521898816e-05
ewma_net_chaos,altitude_game,-5.3270655223500893e-05,5.3270655223500893e-05
ewma_pace_diff,home_3in4,-1.4420843147577832e-06,1.4420843147577832e-06
