date,home_team,away_team,home_prob,bet_on,bet_odds,home_won,bet_won,return,month
2024-10-22,BOS,NYK,0.7007238864898682,BOS,-2500.0,True,True,0.040000000000000036,2024-10
2024-10-22,LAL,MIN,0.6276218891143799,LAL,-105.0,True,True,0.9523809523809523,2024-10
2024-10-23,LAC,PHX,0.6087746024131775,LAC,160.0,False,False,-1.0,2024-10
2024-10-23,HOU,CHA,0.5322095155715942,HOU,-280.0,False,False,-1.0,2024-10
2024-10-23,UTA,MEM,0.33532798290252686,MEM,-135.0,False,True,0.7407407407407407,2024-10
2024-10-23,NOP,CHI,0.4047478437423706,CHI,145.0,True,False,-1.0,2024-10
2024-10-23,POR,GSW,0.22908607125282288,GSW,-278.0,False,True,0.3597122302158273,2024-10
2024-10-23,TOR,CLE,0.24132323265075684,CLE,-750.0,False,True,0.1333333333333333,2024-10
2024-10-23,PHI,MIL,0.3051897883415222,MIL,-215.0,False,True,0.4651162790697674,2024-10
2024-10-23,MIA,ORL,0.6561396718025208,MIA,-160.0,False,False,-1.0,2024-10
2024-10-23,DET,IND,0.377641499042511,IND,170.0,False,True,1.7000000000000002,2024-10
2024-10-23,ATL,BKN,0.4401712715625763,BKN,150.0,True,False,-1.0,2024-10
2024-10-24,WAS,BOS,0.14489483833312988,BOS,-2500.0,False,True,0.040000000000000036,2024-10
2024-10-24,DAL,SAS,0.34077784419059753,SAS,220.0,True,False,-1.0,2024-10
2024-10-24,DEN,OKC,0.6951013207435608,DEN,-130.0,False,False,-1.0,2024-10
2024-10-24,SAC,MIN,0.38815224170684814,MIN,-112.0,False,True,0.8928571428571428,2024-10
2024-10-25,HOU,MEM,0.452428936958313,MEM,200.0,True,False,-1.0,2024-10
2024-10-25,POR,NOP,0.5338960886001587,POR,210.0,False,False,-1.0,2024-10
2024-10-25,LAL,PHX,0.7174763083457947,LAL,-122.0,True,True,0.819672131147541,2024-10
2024-10-25,MIL,CHI,0.6260160803794861,MIL,-410.0,False,False,-1.0,2024-10
2024-10-25,UTA,GSW,0.23427850008010864,GSW,-258.0,False,True,0.3875968992248062,2024-10
2024-10-25,TOR,PHI,0.5228354334831238,TOR,-115.0,True,True,0.8695652173913042,2024-10
2024-10-25,CLE,DET,0.5825629234313965,CLE,-560.0,True,True,0.1785714285714286,2024-10
2024-10-25,ORL,BKN,0.7721496820449829,ORL,-540.0,True,True,0.18518518518518512,2024-10
2024-10-25,NYK,IND,0.48740100860595703,IND,185.0,True,False,-1.0,2024-10
2024-10-25,ATL,CHA,0.6974105834960938,ATL,-920.0,True,True,0.10869565217391308,2024-10
2024-10-26,PHX,DAL,0.6655356287956238,PHX,130.0,True,True,1.2999999999999998,2024-10
2024-10-26,SAS,HOU,0.5305063724517822,SAS,102.0,True,True,1.02,2024-10
2024-10-26,LAL,SAC,0.48044553399086,SAC,-105.0,True,False,-1.0,2024-10
2024-10-26,MEM,ORL,0.7096508145332336,MEM,-166.0,True,True,0.6024096385542168,2024-10
2024-10-26,MIN,TOR,0.8643912672996521,MIN,-8500.0,True,True,0.0117647058823529,2024-10
2024-10-26,WAS,CLE,0.231366828083992,CLE,-720.0,False,True,0.13888888888888884,2024-10
2024-10-26,CHI,OKC,0.3169213533401489,OKC,-620.0,False,True,0.16129032258064524,2024-10
2024-10-26,CHA,MIA,0.2650911509990692,MIA,-600.0,False,True,0.16666666666666674,2024-10
2024-10-26,DET,BOS,0.3279605209827423,BOS,-8500.0,False,True,0.0117647058823529,2024-10
2024-10-27,BKN,MIL,0.21501986682415009,MIL,3300.0,True,False,-1.0,2024-10
2024-10-27,OKC,ATL,0.7190954685211182,OKC,-375.0,True,True,0.2666666666666666,2024-10
2024-10-27,GSW,LAC,0.5825590491294861,GSW,-395.0,False,False,-1.0,2024-10
2024-10-28,ATL,WAS,0.7751249670982361,ATL,-850.0,False,False,-1.0,2024-10
2024-10-28,SAC,POR,0.6185736656188965,SAC,-750.0,True,True,0.1333333333333333,2024-10
2024-10-28,DAL,UTA,0.6221407055854797,DAL,-700.0,True,True,0.1428571428571428,2024-10
2024-10-28,SAS,HOU,0.5163736343383789,SAS,195.0,False,False,-1.0,2024-10
2024-10-28,MEM,CHI,0.6797705888748169,MEM,-600.0,False,False,-1.0,2024-10
2024-10-28,ORL,IND,0.5235147476196289,ORL,-660.0,True,True,0.1515151515151516,2024-10
2024-10-28,NYK,CLE,0.5549753904342651,NYK,-375.0,False,False,-1.0,2024-10
2024-10-28,MIA,DET,0.5934141278266907,MIA,-520.0,True,True,0.1923076923076923,2024-10
2024-10-28,BOS,MIL,0.7683125138282776,BOS,-315.0,True,True,0.31746031746031744,2024-10
2024-10-28,TOR,DEN,0.25055283308029175,DEN,-210.0,False,True,0.4761904761904763,2024-10
2024-10-28,PHX,LAL,0.47392332553863525,LAL,160.0,True,False,-1.0,2024-10
2024-10-29,UTA,SAC,0.2155175358057022,SAC,-258.0,False,True,0.3875968992248062,2024-10
2024-10-29,GSW,NOP,0.838244616985321,GSW,105.0,True,True,1.0499999999999998,2024-10
2024-10-29,MIN,DAL,0.8857925534248352,MIN,-175.0,False,False,-1.0,2024-10
2024-10-29,BKN,DEN,0.3045884370803833,DEN,100.0,False,True,1.0,2024-10
2024-10-30,LAC,POR,0.6660431027412415,LAC,-325.0,False,False,-1.0,2024-10
2024-10-30,MIA,NYK,0.44054603576660156,NYK,-110.0,False,True,0.9090909090909092,2024-10
2024-10-30,OKC,SAS,0.8335150480270386,OKC,-800.0,True,True,0.125,2024-10
2024-10-30,CHI,ORL,0.5523022413253784,CHI,450.0,True,True,4.5,2024-10
2024-10-30,IND,BOS,0.5331496000289917,IND,-200.0,True,True,0.5,2024-10
2024-10-30,GSW,NOP,0.8522428870201111,GSW,-162.0,True,True,0.617283950617284,2024-10
2024-10-30,PHI,DET,0.24259662628173828,DET,-230.0,False,True,0.4347826086956521,2024-10
2024-10-30,CHA,TOR,0.5436357259750366,CHA,-260.0,True,True,0.3846153846153846,2024-10
2024-10-30,WAS,ATL,0.23290809988975525,ATL,-600.0,True,False,-1.0,2024-10
2024-10-30,CLE,LAL,0.7822009325027466,CLE,-2800.0,True,True,0.03571428571428581,2024-10
2024-10-30,MEM,BKN,0.8437817096710205,MEM,-1050.0,False,False,-1.0,2024-10
2024-10-31,DAL,HOU,0.22774852812290192,HOU,210.0,False,True,2.1,2024-10
2024-10-31,UTA,SAS,0.297325998544693,SAS,-135.0,False,True,0.7407407407407407,2024-10
2024-10-31,LAC,PHX,0.7131577730178833,LAC,160.0,False,False,-1.0,2024-10
2024-10-31,MEM,MIL,0.5915176272392273,MEM,135.0,True,True,1.35,2024-10
2024-11-01,TOR,LAL,0.3412624001502991,LAL,-6500.0,False,True,0.01538461538461533,2024-11
2024-11-01,MIN,DEN,0.629724383354187,MIN,-180.0,True,True,0.5555555555555556,2024-11
2024-11-01,NOP,IND,0.23366869986057281,IND,-180.0,True,False,-1.0,2024-11
2024-11-01,ATL,SAC,0.5796053409576416,ATL,450.0,False,False,-1.0,2024-11
2024-11-01,BKN,CHI,0.3918618857860565,CHI,400.0,True,False,-1.0,2024-11
2024-11-01,CHA,BOS,0.24404512345790863,BOS,-600.0,False,True,0.16666666666666674,2024-11
2024-11-01,DET,NYK,0.46808403730392456,NYK,-10000.0,False,True,0.010000000000000009,2024-11
2024-11-01,CLE,ORL,0.7415142059326172,CLE,-6500.0,True,True,0.01538461538461533,2024-11
2024-11-01,POR,OKC,0.4364360570907593,OKC,-625.0,False,True,0.15999999999999992,2024-11
2024-11-02,DEN,UTA,0.8681538105010986,DEN,-575.0,True,True,0.17391304347826075,2024-11
2024-11-02,LAC,OKC,0.5565299987792969,LAC,185.0,False,False,-1.0,2024-11
2024-11-02,SAS,MIN,0.3927996754646301,MIN,-200.0,True,False,-1.0,2024-11
2024-11-02,PHX,POR,0.4650643765926361,POR,600.0,True,False,-1.0,2024-11
2024-11-02,HOU,GSW,0.46687987446784973,GSW,-154.0,False,True,0.6493506493506493,2024-11
2024-11-02,TOR,SAC,0.3351881206035614,SAC,-145.0,True,False,-1.0,2024-11
2024-11-02,MIL,CLE,0.5870582461357117,MIL,-375.0,False,False,-1.0,2024-11
2024-11-02,PHI,MEM,0.2896753251552582,MEM,145.0,False,True,1.4500000000000002,2024-11
2024-11-03,NOP,ATL,0.31254512071609497,ATL,-188.0,False,True,0.5319148936170213,2024-11
2024-11-03,DAL,ORL,0.34161826968193054,ORL,215.0,True,False,-1.0,2024-11
2024-11-04,LAC,SAS,0.8151817917823792,LAC,-175.0,True,True,0.5714285714285714,2024-11
2024-11-04,MIN,CHA,0.8767579793930054,MIN,-470.0,True,True,0.2127659574468086,2024-11
2024-11-04,PHX,PHI,0.6331257820129395,PHX,-290.0,True,True,0.3448275862068966,2024-11
2024-11-04,DEN,TOR,0.8642969131469727,DEN,-550.0,True,True,0.18181818181818188,2024-11
2024-11-04,DAL,IND,0.18442371487617493,IND,170.0,False,True,1.7000000000000002,2024-11
2024-11-04,HOU,NYK,0.49327483773231506,NYK,-125.0,True,False,-1.0,2024-11
2024-11-04,BKN,MEM,0.24891285598278046,MEM,-192.0,True,False,-1.0,2024-11
2024-11-04,NOP,POR,0.2499939203262329,POR,120.0,False,True,1.2000000000000002,2024-11
2024-11-04,CHI,UTA,0.7843757271766663,CHI,-310.0,False,False,-1.0,2024-11
2024-11-04,ATL,BOS,0.41719552874565125,BOS,-520.0,False,True,0.1923076923076923,2024-11
2024-11-04,DET,LAL,0.6650190949440002,DET,230.0,True,True,2.3,2024-11
2024-11-04,WAS,GSW,0.19268161058425903,GSW,-810.0,False,True,0.1234567901234569,2024-11
2024-11-04,CLE,MIL,0.6164284944534302,CLE,-445.0,True,True,0.2247191011235956,2024-11
2024-11-04,MIA,SAC,0.6015927195549011,MIA,-115.0,False,False,-1.0,2024-11
2024-11-04,OKC,ORL,0.8597055673599243,OKC,-850.0,True,True,0.11764705882352944,2024-11
2024-11-06,NOP,CLE,0.17317433655261993,CLE,-250.0,False,True,0.3999999999999999,2024-11
2024-11-06,SAC,TOR,0.7702133655548096,SAC,-625.0,True,True,0.15999999999999992,2024-11
2024-11-06,LAC,PHI,0.8609560132026672,LAC,-125.0,True,True,0.8,2024-11
2024-11-06,PHX,MIA,0.3869907855987549,MIA,164.0,True,False,-1.0,2024-11
2024-11-06,DEN,OKC,0.6510494351387024,DEN,225.0,True,True,2.25,2024-11
2024-11-06,DAL,CHI,0.2761494219303131,CHI,380.0,True,False,-1.0,2024-11
2024-11-06,BOS,GSW,0.6589624881744385,BOS,-265.0,False,False,-1.0,2024-11
2024-11-06,ATL,NYK,0.5183584690093994,ATL,230.0,True,True,2.3,2024-11
2024-11-06,IND,ORL,0.7422115206718445,IND,-375.0,True,True,0.2666666666666666,2024-11
2024-11-06,CHA,DET,0.31213971972465515,DET,-154.0,True,False,-1.0,2024-11
2024-11-06,MEM,LAL,0.7706387639045715,MEM,-175.0,True,True,0.5714285714285714,2024-11
2024-11-06,HOU,SAS,0.6581248044967651,HOU,-270.0,True,True,0.37037037037037024,2024-11
2024-11-07,CHI,MIN,0.3413890600204468,MIN,-425.0,False,True,0.23529411764705888,2024-11
2024-11-07,MIL,UTA,0.8790539503097534,MIL,-470.0,True,True,0.2127659574468086,2024-11
2024-11-07,SAS,POR,0.3969838321208954,POR,142.0,True,False,-1.0,2024-11
2024-11-08,OKC,HOU,0.761020302772522,OKC,-345.0,True,True,0.28985507246376807,2024-11
2024-11-08,DEN,MIA,0.7825300097465515,DEN,-155.0,True,True,0.6451612903225805,2024-11
2024-11-08,MIN,POR,0.6701507568359375,MIN,-750.0,True,True,0.1333333333333333,2024-11
2024-11-08,DET,ATL,0.5854507088661194,DET,-375.0,True,True,0.2666666666666666,2024-11
2024-11-08,LAL,PHI,0.7166233658790588,LAL,-305.0,True,True,0.3278688524590163,2024-11
2024-11-08,MEM,WAS,0.8792771100997925,MEM,-310.0,True,True,0.32258064516129026,2024-11
2024-11-08,BOS,BKN,0.8597411513328552,BOS,-900.0,True,True,0.11111111111111116,2024-11
2024-11-08,NYK,MIL,0.5935394167900085,NYK,-250.0,True,True,0.3999999999999999,2024-11
2024-11-08,CHA,IND,0.23199887573719025,IND,-154.0,True,False,-1.0,2024-11
2024-11-08,CLE,GSW,0.6215461492538452,CLE,-162.0,True,True,0.617283950617284,2024-11
2024-11-08,SAC,LAC,0.4497924745082855,LAC,205.0,False,True,2.05,2024-11
2024-11-08,ORL,NOP,0.7410585880279541,ORL,-810.0,True,True,0.1234567901234569,2024-11
2024-11-08,DAL,PHX,0.31123143434524536,PHX,114.0,False,True,1.1399999999999997,2024-11
2024-11-09,SAS,UTA,0.7444495558738708,SAS,195.0,False,False,-1.0,2024-11
2024-11-09,ATL,CHI,0.48552659153938293,CHI,114.0,False,True,1.1399999999999997,2024-11
2024-11-09,CLE,BKN,0.8504800796508789,CLE,-850.0,True,True,0.11764705882352944,2024-11
2024-11-09,LAC,TOR,0.8831889629364014,LAC,-250.0,True,True,0.3999999999999999,2024-11
2024-11-10,DEN,DAL,0.8819431066513062,DEN,-135.0,True,True,0.7407407407407407,2024-11
2024-11-10,ORL,WAS,0.7917683720588684,ORL,-810.0,True,True,0.1234567901234569,2024-11
2024-11-10,OKC,GSW,0.680002748966217,OKC,-315.0,False,False,-1.0,2024-11
2024-11-10,LAL,TOR,0.7282833456993103,LAL,-550.0,True,True,0.18181818181818188,2024-11
2024-11-10,POR,MEM,0.5610362887382507,POR,-102.0,False,False,-1.0,2024-11
2024-11-10,IND,NYK,0.6040844321250916,IND,-1950.0,True,True,0.05128205128205132,2024-11
2024-11-10,MIN,MIA,0.7192375063896179,MIN,-245.0,False,False,-1.0,2024-11
2024-11-10,PHI,CHA,0.5375320315361023,PHI,-175.0,True,True,0.5714285714285714,2024-11
2024-11-10,PHX,SAC,0.3960292637348175,SAC,-112.0,False,True,0.8928571428571428,2024-11
2024-11-11,NOP,BKN,0.43555742502212524,BKN,-120.0,False,True,0.8333333333333335,2024-11
2024-11-11,CHI,CLE,0.4237617254257202,CLE,-345.0,False,True,0.28985507246376807,2024-11
2024-11-11,SAS,SAC,0.5711778998374939,SAS,114.0,True,True,1.1399999999999997,2024-11
2024-11-11,HOU,WAS,0.8574519157409668,HOU,-650.0,True,True,0.15384615384615374,2024-11
2024-11-11,OKC,LAC,0.6390308141708374,OKC,-270.0,True,True,0.37037037037037024,2024-11
2024-11-12,MIL,TOR,0.8761905431747437,MIL,-395.0,True,True,0.25316455696202533,2024-11
2024-11-12,POR,MIN,0.5351755619049072,POR,320.0,True,True,3.2,2024-11
2024-11-12,UTA,PHX,0.4134165048599243,PHX,-225.0,False,True,0.4444444444444444,2024-11
2024-11-12,GSW,DAL,0.8711223602294922,GSW,-148.0,True,True,0.6756756756756757,2024-11
2024-11-12,BOS,ATL,0.772785484790802,BOS,-1300.0,False,False,-1.0,2024-11
2024-11-12,ORL,CHA,0.7618563771247864,ORL,-345.0,True,True,0.28985507246376807,2024-11
2024-11-12,PHI,NYK,0.2005721628665924,NYK,-162.0,False,True,0.617283950617284,2024-11
2024-11-12,DET,MIA,0.6205914616584778,DET,-215.0,True,True,0.4651162790697674,2024-11
2024-11-13,SAS,WAS,0.7690605521202087,SAS,-440.0,True,True,0.2272727272727273,2024-11
2024-11-13,LAL,MEM,0.43365946412086487,MEM,250.0,True,False,-1.0,2024-11
2024-11-13,POR,MIN,0.6246089935302734,POR,380.0,True,True,3.8,2024-11
2024-11-13,ORL,IND,0.3985283374786377,IND,-154.0,True,False,-1.0,2024-11
2024-11-13,BKN,BOS,0.2788636088371277,BOS,-500.0,False,True,0.19999999999999996,2024-11
2024-11-13,NYK,CHI,0.5649776458740234,NYK,-360.0,False,False,-1.0,2024-11
2024-11-13,PHI,CLE,0.19615685939788818,CLE,-625.0,False,True,0.15999999999999992,2024-11
2024-11-13,OKC,NOP,0.8788723349571228,OKC,-1100.0,True,True,0.09090909090909083,2024-11
2024-11-13,HOU,LAC,0.418259859085083,LAC,170.0,True,False,-1.0,2024-11
2024-11-13,MIL,DET,0.7173250317573547,MIL,-278.0,True,True,0.3597122302158273,2024-11
2024-11-13,SAC,PHX,0.6351591348648071,SAC,-340.0,True,True,0.2941176470588236,2024-11
2024-11-14,UTA,DAL,0.5086423754692078,UTA,295.0,True,True,2.95,2024-11
2024-11-15,GSW,MEM,0.6123065948486328,GSW,-298.0,True,True,0.3355704697986577,2024-11
2024-11-15,SAC,MIN,0.49267223477363586,MIN,-122.0,False,True,0.819672131147541,2024-11
2024-11-15,OKC,PHX,0.8757487535476685,OKC,-305.0,True,True,0.3278688524590163,2024-11
2024-11-15,NOP,DEN,0.22322873771190643,DEN,-130.0,True,False,-1.0,2024-11
2024-11-15,SAS,LAL,0.5193986296653748,SAS,114.0,False,False,-1.0,2024-11
2024-11-15,HOU,LAC,0.4000868797302246,LAC,164.0,True,False,-1.0,2024-11
2024-11-15,CLE,CHI,0.6521457433700562,CLE,-500.0,True,True,0.19999999999999996,2024-11
2024-11-15,NYK,BKN,0.7838528156280518,NYK,-375.0,True,True,0.2666666666666666,2024-11
2024-11-15,ATL,WAS,0.8066656589508057,ATL,-425.0,True,True,0.23529411764705888,2024-11
2024-11-15,TOR,DET,0.2913780212402344,DET,-160.0,False,True,0.625,2024-11
2024-11-15,IND,MIA,0.7231956720352173,IND,-200.0,False,False,-1.0,2024-11
2024-11-15,ORL,PHI,0.7671617269515991,ORL,-166.0,True,True,0.6024096385542168,2024-11
2024-11-16,BOS,TOR,0.8656548261642456,BOS,-1600.0,True,True,0.0625,2024-11
2024-11-16,NOP,LAL,0.3080037236213684,LAL,-310.0,False,True,0.32258064516129026,2024-11
2024-11-16,DAL,SAS,0.4452081620693207,SAS,575.0,True,False,-1.0,2024-11
2024-11-16,SAC,UTA,0.8040147423744202,SAC,-278.0,True,True,0.3597122302158273,2024-11
2024-11-17,OKC,DAL,0.886132538318634,OKC,-298.0,False,False,-1.0,2024-11
2024-11-17,CHI,HOU,0.5201622247695923,CHI,175.0,False,False,-1.0,2024-11
2024-11-17,NYK,BKN,0.7874635457992554,NYK,-475.0,True,True,0.21052631578947367,2024-11
2024-11-17,POR,ATL,0.6570882201194763,POR,300.0,True,True,3.0,2024-11
2024-11-17,LAC,UTA,0.878557562828064,LAC,-470.0,True,True,0.2127659574468086,2024-11
2024-11-17,WAS,DET,0.21982994675636292,DET,-2100.0,False,True,0.04761904761904767,2024-11
2024-11-17,CLE,CHA,0.8424419164657593,CLE,-2100.0,True,True,0.04761904761904767,2024-11
2024-11-17,IND,MIA,0.6726158261299133,IND,-3500.0,True,True,0.02857142857142847,2024-11
2024-11-17,MEM,DEN,0.6168177723884583,MEM,-2100.0,True,True,0.04761904761904767,2024-11
2024-11-18,SAC,ATL,0.6700348258018494,SAC,-166.0,False,False,-1.0,2024-11
2024-11-18,PHX,ORL,0.40921157598495483,ORL,-192.0,False,True,0.5208333333333335,2024-11
2024-11-18,MIL,HOU,0.7539781928062439,MIL,-155.0,True,True,0.6451612903225805,2024-11
2024-11-18,LAC,GSW,0.6598330736160278,LAC,170.0,True,True,1.7000000000000002,2024-11
2024-11-18,NYK,WAS,0.8825677633285522,NYK,-1100.0,True,True,0.09090909090909083,2024-11
2024-11-18,MIA,PHI,0.7520315647125244,MIA,-142.0,True,True,0.704225352112676,2024-11
2024-11-18,TOR,IND,0.315281480550766,IND,-162.0,True,False,-1.0,2024-11
2024-11-18,DET,CHI,0.6339080929756165,DET,-140.0,False,False,-1.0,2024-11
2024-11-19,BOS,CLE,0.6718747615814209,BOS,-315.0,True,True,0.31746031746031744,2024-11
2024-11-19,BKN,CHA,0.6521089673042297,BKN,-118.0,True,True,0.847457627118644,2024-11
2024-11-19,MEM,DEN,0.6168610453605652,MEM,-250.0,False,False,-1.0,2024-11
2024-11-19,DAL,NOP,0.5836405158042908,DAL,-1000.0,True,True,0.10000000000000009,2024-11
2024-11-19,SAS,OKC,0.35867539048194885,OKC,-485.0,True,False,-1.0,2024-11
2024-11-19,LAL,UTA,0.7571726441383362,LAL,-600.0,True,True,0.16666666666666674,2024-11
2024-11-20,LAC,ORL,0.7746235728263855,LAC,130.0,True,True,1.2999999999999998,2024-11
2024-11-20,OKC,POR,0.6689580082893372,OKC,-850.0,True,True,0.11764705882352944,2024-11
2024-11-20,GSW,ATL,0.6723300218582153,GSW,-345.0,True,True,0.28985507246376807,2024-11
2024-11-20,PHX,NYK,0.2903040051460266,NYK,-205.0,False,True,0.4878048780487805,2024-11
2024-11-20,HOU,IND,0.4843349754810333,IND,190.0,True,False,-1.0,2024-11
2024-11-20,CLE,NOP,0.8564212322235107,CLE,-1000.0,True,True,0.10000000000000009,2024-11
2024-11-20,MEM,PHI,0.7699719667434692,MEM,154.0,True,True,1.54,2024-11
2024-11-20,MIL,CHI,0.6881317496299744,MIL,-375.0,True,True,0.2666666666666666,2024-11
2024-11-21,CHA,DET,0.3060024380683899,DET,120.0,True,False,-1.0,2024-11
2024-11-21,TOR,MIN,0.26179128885269165,MIN,-250.0,True,False,-1.0,2024-11
2024-11-21,SAS,UTA,0.7007666826248169,SAS,-148.0,True,True,0.6756756756756757,2024-11
2024-11-21,LAL,ORL,0.6076440215110779,LAL,-218.0,False,False,-1.0,2024-11
2024-11-22,NOP,GSW,0.24891845881938934,GSW,-500.0,False,True,0.19999999999999996,2024-11
2024-11-22,LAC,SAC,0.7491142749786377,LAC,142.0,True,True,1.42,2024-11
2024-11-22,HOU,POR,0.5249347686767578,HOU,-700.0,True,True,0.1428571428571428,2024-11
2024-11-22,DEN,DAL,0.8282904028892517,DEN,-162.0,False,False,-1.0,2024-11
2024-11-22,MIL,IND,0.6816403269767761,MIL,-218.0,True,True,0.45871559633027514,2024-11
2024-11-22,PHI,BKN,0.39731940627098083,BKN,135.0,True,False,-1.0,2024-11
2024-11-22,CHI,ATL,0.6258267760276794,CHI,-102.0,True,True,0.9803921568627452,2024-11
2024-11-22,WAS,BOS,0.1562138944864273,BOS,-720.0,False,True,0.13888888888888884,2024-11
2024-11-23,ORL,DET,0.5329152941703796,ORL,-475.0,True,True,0.21052631578947367,2024-11
2024-11-23,CHI,MEM,0.41611748933792114,MEM,-180.0,False,True,0.5555555555555556,2024-11
2024-11-23,HOU,POR,0.5927295088768005,HOU,-750.0,False,False,-1.0,2024-11
2024-11-23,MIL,CHA,0.8433115482330322,MIL,-325.0,True,True,0.3076923076923077,2024-11
2024-11-23,SAS,GSW,0.5538054704666138,SAS,136.0,True,True,1.3600000000000003,2024-11
2024-11-23,LAL,DEN,0.5719347596168518,LAL,-166.0,False,False,-1.0,2024-11
2024-11-24,SAC,BKN,0.7562309503555298,SAC,-380.0,False,False,-1.0,2024-11
2024-11-24,CLE,TOR,0.8121103048324585,CLE,-675.0,True,True,0.14814814814814814,2024-11
2024-11-24,PHI,LAC,0.27167361974716187,LAC,-520.0,False,True,0.1923076923076923,2024-11
2024-11-24,MIA,DAL,0.7545830607414246,MIA,-250.0,True,True,0.3999999999999999,2024-11
2024-11-24,IND,WAS,0.8848428726196289,IND,-600.0,True,True,0.16666666666666674,2024-11
2024-11-25,CHA,ORL,0.27740252017974854,ORL,-145.0,False,True,0.6896551724137931,2024-11
2024-11-25,DET,TOR,0.8103308081626892,DET,-360.0,True,True,0.2777777777777777,2024-11
2024-11-25,IND,NOP,0.8076273202896118,IND,-1150.0,True,True,0.08695652173913038,2024-11
2024-11-25,ATL,DAL,0.7461137771606445,ATL,-142.0,False,False,-1.0,2024-11
2024-11-25,BOS,LAC,0.5983909964561462,BOS,-520.0,True,True,0.1923076923076923,2024-11
2024-11-25,MEM,POR,0.717369019985199,MEM,-550.0,True,True,0.18181818181818188,2024-11
2024-11-25,DEN,NYK,0.7157987952232361,DEN,-175.0,False,False,-1.0,2024-11
2024-11-25,GSW,BKN,0.7850677967071533,GSW,-900.0,False,False,-1.0,2024-11
2024-11-25,SAC,OKC,0.3894939124584198,OKC,-166.0,False,True,0.6024096385542168,2024-11
2024-11-26,WAS,CHI,0.16456574201583862,CHI,-210.0,False,True,0.4761904761904763,2024-11
2024-11-26,UTA,SAS,0.3437340557575226,SAS,-130.0,False,True,0.7692307692307692,2024-11
2024-11-26,MIN,HOU,0.6840009093284607,MIN,-155.0,False,False,-1.0,2024-11
2024-11-26,MIA,MIL,0.4390844702720642,MIL,185.0,False,True,1.85,2024-11
2024-11-26,PHX,LAL,0.4289149045944214,LAL,114.0,True,False,-1.0,2024-11
2024-11-27,NOP,TOR,0.3562328815460205,TOR,100.0,False,True,1.0,2024-11
2024-11-27,MIN,SAC,0.618552565574646,MIN,-155.0,False,False,-1.0,2024-11
2024-11-27,UTA,DEN,0.20676520466804504,DEN,-575.0,False,True,0.17391304347826075,2024-11
2024-11-27,MEM,DET,0.6774221658706665,MEM,-310.0,True,True,0.32258064516129026,2024-11
2024-11-27,GSW,OKC,0.5174641013145447,GSW,150.0,False,False,-1.0,2024-11
2024-11-27,SAS,LAL,0.5911974310874939,SAS,110.0,False,False,-1.0,2024-11
2024-11-27,PHX,BKN,0.5554070472717285,PHX,-410.0,False,False,-1.0,2024-11
2024-11-27,CLE,ATL,0.7276705503463745,CLE,-1450.0,False,False,-1.0,2024-11
2024-11-27,PHI,HOU,0.32203081250190735,HOU,-280.0,False,True,0.3571428571428572,2024-11
2024-11-27,ORL,CHI,0.5433106422424316,ORL,-950.0,True,True,0.10526315789473673,2024-11
2024-11-27,DAL,NYK,0.18729959428310394,NYK,-175.0,True,False,-1.0,2024-11
2024-11-27,CHA,MIA,0.29119762778282166,MIA,-166.0,False,True,0.6024096385542168,2024-11
2024-11-27,WAS,LAC,0.20244304835796356,LAC,-1050.0,False,True,0.09523809523809534,2024-11
2024-11-27,IND,POR,0.6602599620819092,IND,-500.0,True,True,0.19999999999999996,2024-11
2024-11-29,IND,DET,0.6480969786643982,IND,-198.0,False,False,-1.0,2024-11
2024-11-29,POR,SAC,0.6623521447181702,POR,230.0,True,True,2.3,2024-11
2024-11-29,LAL,OKC,0.4048742651939392,OKC,-162.0,False,True,0.617283950617284,2024-11
2024-11-29,MIA,TOR,0.6454901695251465,MIA,-340.0,True,True,0.2941176470588236,2024-11
2024-11-29,CHI,BOS,0.4708903729915619,BOS,-800.0,False,True,0.125,2024-11
2024-11-29,BKN,ORL,0.3075111508369446,ORL,-278.0,False,True,0.3597122302158273,2024-11
2024-11-29,MIN,LAC,0.526768147945404,MIN,-258.0,True,True,0.3875968992248062,2024-11
2024-11-29,MEM,NOP,0.8684106469154358,MEM,-5000.0,True,True,0.020000000000000018,2024-11
2024-11-30,MIL,WAS,0.8953844308853149,MIL,-1100.0,True,True,0.09090909090909083,2024-11
2024-11-30,CHA,ATL,0.3066113293170929,ATL,-810.0,False,True,0.1234567901234569,2024-11
2024-11-30,UTA,DAL,0.5062177777290344,UTA,205.0,False,False,-1.0,2024-11
2024-11-30,DET,PHI,0.7774760127067566,DET,290.0,False,False,-1.0,2024-11
2024-11-30,PHX,GSW,0.37885919213294983,GSW,105.0,True,False,-1.0,2024-11
2024-12-01,SAC,SAS,0.6496018767356873,SAC,-245.0,False,False,-1.0,2024-12
2024-12-01,POR,DAL,0.7955668568611145,POR,185.0,False,False,-1.0,2024-12
2024-12-01,UTA,LAL,0.31480327248573303,LAL,-205.0,False,True,0.4878048780487805,2024-12
2024-12-01,HOU,OKC,0.4133830666542053,OKC,-120.0,True,False,-1.0,2024-12
2024-12-01,LAC,DEN,0.6690800786018372,LAC,136.0,True,True,1.3600000000000003,2024-12
2024-12-01,NYK,NOP,0.8159253597259521,NYK,-10000.0,True,True,0.010000000000000009,2024-12
2024-12-01,CLE,BOS,0.557242214679718,CLE,-130.0,True,True,0.7692307692307692,2024-12
2024-12-01,TOR,MIA,0.33716529607772827,MIA,-105.0,True,False,-1.0,2024-12
2024-12-02,ATL,NOP,0.783237636089325,ATL,-395.0,True,True,0.25316455696202533,2024-12
2024-12-02,BOS,MIA,0.7472350001335144,BOS,-470.0,True,True,0.2127659574468086,2024-12
2024-12-02,CHI,BKN,0.7975485920906067,CHI,-310.0,True,True,0.32258064516129026,2024-12
2024-12-02,MIN,LAL,0.7824845314025879,MIN,-285.0,True,True,0.3508771929824561,2024-12
2024-12-03,DEN,GSW,0.7168782949447632,DEN,-198.0,True,True,0.5050505050505052,2024-12
2024-12-03,SAC,HOU,0.5383998155593872,SAC,-125.0,True,True,0.8,2024-12
2024-12-03,OKC,UTA,0.86592036485672,OKC,-1200.0,True,True,0.08333333333333326,2024-12
2024-12-03,LAC,POR,0.6925676465034485,LAC,-375.0,True,True,0.2666666666666666,2024-12
2024-12-03,CHA,PHI,0.41848960518836975,PHI,-238.0,False,True,0.4201680672268908,2024-12
2024-12-03,DAL,MEM,0.27807629108428955,MEM,170.0,True,False,-1.0,2024-12
2024-12-03,CLE,WAS,0.8687098622322083,CLE,-3200.0,True,True,0.03125,2024-12
2024-12-03,NYK,ORL,0.6273745894432068,NYK,-198.0,True,True,0.5050505050505052,2024-12
2024-12-03,DET,MIL,0.4297635853290558,MIL,-154.0,False,True,0.6493506493506493,2024-12
2024-12-03,PHX,SAS,0.5084458589553833,PHX,-298.0,True,True,0.3355704697986577,2024-12
2024-12-03,TOR,IND,0.3105839192867279,IND,-162.0,True,False,-1.0,2024-12
2024-12-04,BOS,DET,0.7276145219802856,BOS,-900.0,True,True,0.11111111111111116,2024-12
2024-12-04,BKN,IND,0.38988304138183594,IND,-155.0,True,False,-1.0,2024-12
2024-12-04,MIA,LAL,0.6632280349731445,MIA,-175.0,True,True,0.5714285714285714,2024-12
2024-12-04,PHI,ORL,0.34124961495399475,ORL,-245.0,False,True,0.40816326530612246,2024-12
2024-12-04,MIL,ATL,0.6757559180259705,MIL,-185.0,False,False,-1.0,2024-12
2024-12-04,LAC,MIN,0.6176644563674927,LAC,142.0,False,False,-1.0,2024-12
2024-12-05,NOP,PHX,0.25989383459091187,PHX,-125.0,True,False,-1.0,2024-12
2024-12-05,GSW,HOU,0.6414274573326111,GSW,142.0,True,True,1.42,2024-12
2024-12-05,MEM,SAC,0.7214998006820679,MEM,-162.0,True,True,0.617283950617284,2024-12
2024-12-05,SAS,CHI,0.4293586313724518,CHI,105.0,False,True,1.0499999999999998,2024-12
2024-12-05,NYK,CHA,0.7856420874595642,NYK,-1200.0,True,True,0.08333333333333326,2024-12
2024-12-05,CLE,DEN,0.599907398223877,CLE,-230.0,True,True,0.4347826086956521,2024-12
2024-12-05,TOR,OKC,0.2736223340034485,OKC,-550.0,False,True,0.18181818181818188,2024-12
2024-12-05,WAS,DAL,0.3198585510253906,DAL,-2800.0,False,True,0.03571428571428581,2024-12
2024-12-06,PHI,ORL,0.33337435126304626,ORL,-145.0,True,False,-1.0,2024-12
2024-12-06,ATL,LAL,0.5935940146446228,ATL,-166.0,True,True,0.6024096385542168,2024-12
2024-12-06,BOS,MIL,0.643150806427002,BOS,-325.0,True,True,0.3076923076923077,2024-12
2024-12-06,CHI,IND,0.450839102268219,IND,-162.0,False,True,0.617283950617284,2024-12
2024-12-06,SAS,SAC,0.4852571189403534,SAC,-265.0,False,True,0.37735849056603765,2024-12
2024-12-06,GSW,MIN,0.49666720628738403,MIN,-122.0,False,True,0.819672131147541,2024-12
2024-12-06,POR,UTA,0.8219636678695679,POR,-135.0,False,False,-1.0,2024-12
2024-12-07,BOS,MEM,0.5503049492835999,BOS,-290.0,False,False,-1.0,2024-12
2024-12-07,WAS,DEN,0.17058783769607544,DEN,-500.0,True,False,-1.0,2024-12
2024-12-07,TOR,DAL,0.539508044719696,TOR,280.0,False,False,-1.0,2024-12
2024-12-07,NYK,DET,0.5531261563301086,NYK,-325.0,False,False,-1.0,2024-12
2024-12-07,NOP,OKC,0.16240383684635162,OKC,-750.0,False,True,0.1333333333333333,2024-12
2024-12-07,MIA,PHX,0.6331998109817505,MIA,-225.0,True,True,0.4444444444444444,2024-12
2024-12-08,SAS,NOP,0.7433552145957947,SAS,-188.0,True,True,0.5319148936170213,2024-12
2024-12-08,LAL,POR,0.45515337586402893,POR,340.0,True,False,-1.0,2024-12
2024-12-08,SAC,UTA,0.7854663133621216,SAC,-575.0,True,True,0.17391304347826075,2024-12
2024-12-08,LAC,HOU,0.6590770483016968,LAC,170.0,False,False,-1.0,2024-12
2024-12-08,WAS,MEM,0.22109901905059814,MEM,-810.0,False,True,0.1234567901234569,2024-12
2024-12-08,GSW,MIN,0.5212737917900085,GSW,-105.0,True,True,0.9523809523809523,2024-12
2024-12-08,MIA,CLE,0.5116706490516663,MIA,-410.0,True,True,0.24390243902439024,2024-12
2024-12-08,IND,CHA,0.8198251128196716,IND,3000.0,False,False,-1.0,2024-12
2024-12-08,ORL,PHX,0.6741887331008911,ORL,-130.0,True,True,0.7692307692307692,2024-12
2024-12-08,ATL,DEN,0.4796205759048462,DEN,-4000.0,False,True,0.02499999999999991,2024-12
2024-12-09,TOR,NYK,0.2964431345462799,NYK,-310.0,False,True,0.32258064516129026,2024-12
2024-12-10,MIL,ORL,0.7546564340591431,MIL,-245.0,True,True,0.40816326530612246,2024-12
2024-12-10,OKC,DAL,0.8513238430023193,OKC,-192.0,True,True,0.5208333333333335,2024-12
2024-12-11,HOU,GSW,0.43934181332588196,GSW,120.0,True,False,-1.0,2024-12
2024-12-11,NYK,ATL,0.6881424784660339,NYK,-660.0,False,False,-1.0,2024-12
2024-12-12,BOS,DET,0.6879501938819885,BOS,-650.0,True,True,0.15384615384615374,2024-12
2024-12-12,MIA,TOR,0.7668049335479736,MIA,-485.0,True,True,0.2061855670103092,2024-12
2024-12-12,NOP,SAC,0.20904208719730377,SAC,-285.0,False,True,0.3508771929824561,2024-12
2024-12-13,CLE,WAS,0.8837394714355469,CLE,-1050.0,True,True,0.09523809523809534,2024-12
2024-12-13,PHI,IND,0.23705744743347168,IND,124.0,False,True,1.2400000000000002,2024-12
2024-12-13,MIN,LAL,0.7161448001861572,MIN,-345.0,True,True,0.28985507246376807,2024-12
2024-12-13,MEM,BKN,0.8274340033531189,MEM,-500.0,True,True,0.19999999999999996,2024-12
2024-12-13,CHI,CHA,0.7615528106689453,CHI,-225.0,True,True,0.4444444444444444,2024-12
2024-12-13,DEN,LAC,0.6276340484619141,DEN,-225.0,True,True,0.4444444444444444,2024-12
2024-12-13,UTA,PHX,0.40991440415382385,PHX,-298.0,False,True,0.3355704697986577,2024-12
2024-12-13,POR,SAS,0.7323713302612305,POR,130.0,False,False,-1.0,2024-12
2024-12-15,WAS,BOS,0.1427302062511444,BOS,-50000.0,False,True,0.0020000000000000018,2024-12
2024-12-15,SAS,MIN,0.42528003454208374,MIN,-245.0,False,True,0.40816326530612246,2024-12
2024-12-15,PHX,POR,0.3569791913032532,POR,410.0,True,False,-1.0,2024-12
2024-12-15,LAL,MEM,0.372195839881897,MEM,-162.0,True,False,-1.0,2024-12
2024-12-15,ORL,NYK,0.3867036700248718,NYK,-620.0,False,True,0.16129032258064524,2024-12
2024-12-15,GSW,DAL,0.8052486181259155,GSW,105.0,False,False,-1.0,2024-12
2024-12-16,SAC,DEN,0.4510970115661621,DEN,-102.0,False,True,0.9803921568627452,2024-12
2024-12-16,CHA,PHI,0.44086572527885437,PHI,-230.0,False,True,0.4347826086956521,2024-12
2024-12-16,TOR,CHI,0.2540665864944458,CHI,-120.0,False,True,0.8333333333333335,2024-12
2024-12-16,BKN,CLE,0.24296501278877258,CLE,-520.0,False,True,0.1923076923076923,2024-12
2024-12-16,DET,MIA,0.584123969078064,DET,165.0,True,True,1.65,2024-12
2024-12-16,LAC,UTA,0.8393206596374512,LAC,-305.0,True,True,0.3278688524590163,2024-12
2024-12-19,TOR,BKN,0.5510994791984558,TOR,-142.0,False,False,-1.0,2024-12
2024-12-19,HOU,NOP,0.8125705122947693,HOU,-395.0,True,True,0.25316455696202533,2024-12
2024-12-19,MEM,GSW,0.7008427381515503,MEM,-135.0,True,True,0.7407407407407407,2024-12
2024-12-19,DET,UTA,0.7767817974090576,DET,175.0,False,False,-1.0,2024-12
2024-12-19,ORL,OKC,0.35854586958885193,OKC,-230.0,False,True,0.4347826086956521,2024-12
2024-12-19,WAS,CHA,0.48425963521003723,CHA,-175.0,True,False,-1.0,2024-12
2024-12-19,BOS,CHI,0.6075091361999512,BOS,-1200.0,False,False,-1.0,2024-12
2024-12-19,MIN,NYK,0.588732898235321,MIN,-142.0,False,False,-1.0,2024-12
2024-12-19,DAL,LAC,0.2775077223777771,LAC,-105.0,False,True,0.9523809523809523,2024-12
2024-12-19,PHX,IND,0.3628864586353302,IND,200.0,False,True,2.0,2024-12
2024-12-19,SAS,ATL,0.5706503987312317,SAS,-118.0,True,True,0.847457627118644,2024-12
2024-12-19,POR,DEN,0.5884093046188354,POR,285.0,True,True,2.85,2024-12
2024-12-19,SAC,LAL,0.5994940996170044,SAC,-198.0,False,False,-1.0,2024-12
2024-12-20,CLE,MIL,0.6301341652870178,CLE,-360.0,True,True,0.2777777777777777,2024-12
2024-12-20,PHI,CHA,0.5971325039863586,PHI,-6500.0,True,True,0.01538461538461533,2024-12
2024-12-20,MIA,OKC,0.45283299684524536,OKC,-110.0,False,True,0.9090909090909092,2024-12
2024-12-21,PHX,DET,0.4125867486000061,DET,200.0,False,True,2.0,2024-12
2024-12-21,ATL,MEM,0.37762558460235596,MEM,-130.0,False,True,0.7692307692307692,2024-12
2024-12-21,ORL,MIA,0.5559844374656677,ORL,-154.0,True,True,0.6493506493506493,2024-12
2024-12-21,NOP,NYK,0.18165293335914612,NYK,-340.0,False,True,0.2941176470588236,2024-12
2024-12-21,DAL,LAC,0.268432080745697,LAC,142.0,True,False,-1.0,2024-12
2024-12-21,MIN,GSW,0.6183880567550659,MIN,-148.0,False,False,-1.0,2024-12
2024-12-21,SAS,POR,0.4324231445789337,POR,220.0,True,False,-1.0,2024-12
2024-12-21,CHI,BOS,0.48571422696113586,BOS,-650.0,False,True,0.15384615384615374,2024-12
2024-12-21,SAC,LAL,0.6308373808860779,SAC,-115.0,False,False,-1.0,2024-12
2024-12-21,CLE,PHI,0.8623026013374329,CLE,-440.0,True,True,0.2272727272727273,2024-12
2024-12-21,MIL,WAS,0.8662495017051697,MIL,-395.0,True,True,0.25316455696202533,2024-12
2024-12-21,BKN,UTA,0.5099467635154724,BKN,-125.0,False,False,-1.0,2024-12
2024-12-22,TOR,HOU,0.29765015840530396,HOU,-230.0,False,True,0.4347826086956521,2024-12
2024-12-22,SAC,IND,0.3295450508594513,IND,-175.0,False,True,0.5714285714285714,2024-12
2024-12-22,NOP,DEN,0.19211873412132263,DEN,-215.0,False,True,0.4651162790697674,2024-12
2024-12-23,CHI,MIL,0.4274624288082123,MIL,114.0,False,True,1.1399999999999997,2024-12
2024-12-23,LAL,DET,0.43032166361808777,DET,185.0,False,True,1.85,2024-12
2024-12-23,GSW,IND,0.491171270608902,IND,170.0,False,True,1.7000000000000002,2024-12
2024-12-23,DEN,PHX,0.7499339580535889,DEN,-185.0,True,True,0.5405405405405406,2024-12
2024-12-23,OKC,WAS,0.8900066614151001,OKC,-2100.0,True,True,0.04761904761904767,2024-12
2024-12-23,MEM,LAC,0.6363348960876465,MEM,-258.0,False,False,-1.0,2024-12
2024-12-23,DAL,POR,0.28056180477142334,POR,600.0,True,False,-1.0,2024-12
2024-12-23,ORL,BOS,0.3214975893497467,BOS,-620.0,True,False,-1.0,2024-12
2024-12-23,MIA,BKN,0.7561843395233154,MIA,-440.0,True,True,0.2272727272727273,2024-12
2024-12-23,ATL,MIN,0.4925028383731842,MIN,-166.0,True,False,-1.0,2024-12
2024-12-23,CLE,UTA,0.8830344080924988,CLE,-1200.0,True,True,0.08333333333333326,2024-12
2024-12-23,CHA,HOU,0.28473228216171265,HOU,-475.0,False,True,0.21052631578947367,2024-12
2024-12-23,NYK,TOR,0.8254286050796509,NYK,-900.0,True,True,0.11111111111111116,2024-12
2024-12-23,PHI,SAS,0.38100185990333557,SAS,140.0,True,False,-1.0,2024-12
2024-12-25,PHX,DEN,0.3781527578830719,DEN,-148.0,True,False,-1.0,2024-12
2024-12-25,BOS,PHI,0.8139863610267639,BOS,900.0,False,False,-1.0,2024-12
2024-12-25,GSW,LAL,0.6579884886741638,GSW,-166.0,False,False,-1.0,2024-12
2024-12-26,MIL,BKN,0.8061639070510864,MIL,-265.0,False,False,-1.0,2024-12
2024-12-26,NOP,HOU,0.2151334285736084,HOU,-290.0,False,True,0.3448275862068966,2024-12
2024-12-26,POR,UTA,0.8098277449607849,POR,-155.0,True,True,0.6451612903225805,2024-12
2024-12-26,IND,OKC,0.4810190200805664,OKC,-125.0,False,True,0.8,2024-12
2024-12-26,ORL,MIA,0.44910237193107605,MIA,290.0,False,True,2.9,2024-12
2024-12-26,WAS,CHA,0.49115481972694397,CHA,-175.0,True,False,-1.0,2024-12
2024-12-26,ATL,CHI,0.5374615788459778,ATL,-205.0,True,True,0.4878048780487805,2024-12
2024-12-26,MEM,TOR,0.8482884168624878,MEM,-625.0,True,True,0.15999999999999992,2024-12
2024-12-26,SAC,DET,0.44779762625694275,DET,185.0,False,True,1.85,2024-12
2024-12-27,HOU,MIN,0.39485493302345276,MIN,-105.0,False,True,0.9523809523809523,2024-12
2024-12-27,DEN,CLE,0.6204734444618225,DEN,130.0,False,False,-1.0,2024-12
2024-12-27,NOP,MEM,0.22852195799350739,MEM,-310.0,False,True,0.32258064516129026,2024-12
2024-12-27,LAC,GSW,0.6328554749488831,LAC,-230.0,True,True,0.4347826086956521,2024-12
2024-12-27,BKN,SAS,0.33705198764801025,SAS,-325.0,False,True,0.3076923076923077,2024-12
2024-12-27,BOS,IND,0.6724312901496887,BOS,-625.0,True,True,0.15999999999999992,2024-12
2024-12-27,ORL,NYK,0.33038538694381714,NYK,-238.0,False,True,0.4201680672268908,2024-12
2024-12-27,PHX,DAL,0.6865888833999634,PHX,-115.0,False,False,-1.0,2024-12
2024-12-28,UTA,PHI,0.5277426838874817,UTA,195.0,False,False,-1.0,2024-12
2024-12-28,LAL,SAC,0.5169074535369873,LAL,100.0,True,True,1.0,2024-12
2024-12-28,DEN,DET,0.7080673575401306,DEN,-245.0,True,True,0.40816326530612246,2024-12
2024-12-28,GSW,PHX,0.7176483273506165,GSW,-238.0,True,True,0.4201680672268908,2024-12
2024-12-28,CHI,MIL,0.42586928606033325,MIL,-135.0,True,False,-1.0,2024-12
2024-12-28,CHA,OKC,0.16929952800273895,OKC,-15000.0,False,True,0.006666666666666599,2024-12
2024-12-28,POR,DAL,0.8207632899284363,POR,154.0,True,True,1.54,2024-12
2024-12-28,WAS,NYK,0.2555127739906311,NYK,-600.0,False,True,0.16666666666666674,2024-12
2024-12-29,BOS,IND,0.6691370606422424,BOS,-175.0,False,False,-1.0,2024-12
2024-12-29,TOR,ATL,0.3277933895587921,ATL,-200.0,False,True,0.5,2024-12
2024-12-29,HOU,MIA,0.6216235160827637,HOU,-315.0,False,False,-1.0,2024-12
2024-12-29,OKC,MEM,0.6374316811561584,OKC,-410.0,True,True,0.24390243902439024,2024-12
2024-12-29,MIN,SAS,0.7499590516090393,MIN,-238.0,True,True,0.4201680672268908,2024-12
2024-12-30,CHA,CHI,0.25610485672950745,CHI,-120.0,False,True,0.8333333333333335,2024-12
2024-12-30,WAS,NYK,0.1994716376066208,NYK,-1150.0,False,True,0.08695652173913038,2024-12
2024-12-30,NOP,LAC,0.2077752649784088,LAC,-192.0,False,True,0.5208333333333335,2024-12
2024-12-30,UTA,DEN,0.241624653339386,DEN,-305.0,False,True,0.3278688524590163,2024-12
2024-12-30,GSW,CLE,0.4821060001850128,CLE,-166.0,False,True,0.6024096385542168,2024-12
2024-12-30,POR,PHI,0.8121039271354675,POR,210.0,False,False,-1.0,2024-12
2024-12-30,SAC,DAL,0.7762198448181152,SAC,-250.0,True,True,0.3999999999999999,2024-12
2024-12-31,OKC,MIN,0.6821635365486145,OKC,-250.0,True,True,0.3999999999999999,2024-12
2024-12-31,LAL,CLE,0.42640891671180725,CLE,-205.0,False,True,0.4878048780487805,2024-12
2024-12-31,PHX,MEM,0.30872422456741333,MEM,180.0,False,True,1.7999999999999998,2024-12
2024-12-31,SAS,LAC,0.46654900908470154,LAC,250.0,True,False,-1.0,2024-12
2025-01-01,DEN,ATL,0.7532777786254883,DEN,-285.0,True,True,0.3508771929824561,2025-01
2025-01-01,HOU,DAL,0.7436985969543457,HOU,-205.0,True,True,0.4878048780487805,2025-01
2025-01-01,TOR,BKN,0.48941656947135925,BKN,100.0,True,False,-1.0,2025-01
2025-01-01,SAC,PHI,0.6837629675865173,SAC,-258.0,True,True,0.3875968992248062,2025-01
2025-01-01,MIA,NOP,0.8056874871253967,MIA,-360.0,True,True,0.2777777777777777,2025-01
2025-01-01,WAS,CHI,0.21699568629264832,CHI,-260.0,True,False,-1.0,2025-01
2025-01-01,DET,ORL,0.614846408367157,DET,-250.0,True,True,0.3999999999999999,2025-01
2025-01-01,NYK,UTA,0.8361520171165466,NYK,-750.0,True,True,0.1333333333333333,2025-01
2025-01-02,MIA,IND,0.43545296788215637,IND,114.0,False,True,1.1399999999999997,2025-01
2025-01-02,MIN,BOS,0.4372202754020691,BOS,-155.0,False,True,0.6451612903225805,2025-01
2025-01-02,MIL,BKN,0.8332405686378479,MIL,-800.0,False,False,-1.0,2025-01
2025-01-02,OKC,LAC,0.6675727963447571,OKC,-700.0,True,True,0.1428571428571428,2025-01
2025-01-02,GSW,PHI,0.8050456047058105,GSW,-162.0,True,True,0.617283950617284,2025-01
2025-01-02,LAL,POR,0.4795786738395691,POR,235.0,True,False,-1.0,2025-01
2025-01-03,DEN,SAS,0.7478315234184265,DEN,-225.0,False,False,-1.0,2025-01
2025-01-03,LAL,ATL,0.5852033495903015,LAL,-148.0,True,True,0.6756756756756757,2025-01
2025-01-03,DAL,CLE,0.21082822978496552,CLE,-470.0,False,True,0.2127659574468086,2025-01
2025-01-03,SAC,MEM,0.5146351456642151,SAC,-148.0,True,True,0.6756756756756757,2025-01
2025-01-03,OKC,NYK,0.647342324256897,OKC,-192.0,True,True,0.5208333333333335,2025-01
2025-01-03,DET,CHA,0.8034232258796692,DET,-260.0,True,True,0.3846153846153846,2025-01
2025-01-03,HOU,BOS,0.4493461549282074,BOS,-162.0,False,True,0.617283950617284,2025-01
2025-01-03,TOR,ORL,0.36913788318634033,ORL,-130.0,False,True,0.7692307692307692,2025-01
2025-01-03,NOP,WAS,0.5730840563774109,NOP,-290.0,True,True,0.3448275862068966,2025-01
2025-01-04,CHI,NYK,0.6436532735824585,CHI,190.0,True,True,1.9,2025-01
2025-01-04,SAS,DEN,0.39765000343322754,DEN,-142.0,False,True,0.704225352112676,2025-01
2025-01-04,MIL,POR,0.5780362486839294,MIL,-750.0,False,False,-1.0,2025-01
2025-01-04,BKN,PHI,0.5413259863853455,BKN,2000.0,False,False,-1.0,2025-01
2025-01-04,LAC,ATL,0.7128843665122986,LAC,-238.0,True,True,0.4201680672268908,2025-01
2025-01-04,IND,PHX,0.809071958065033,IND,-188.0,True,True,0.5319148936170213,2025-01
2025-01-04,DET,MIN,0.40534061193466187,MIN,-160.0,True,False,-1.0,2025-01
2025-01-04,MIA,UTA,0.7997296452522278,MIA,-345.0,False,False,-1.0,2025-01
2025-01-04,GSW,MEM,0.5883503556251526,GSW,-155.0,True,True,0.6451612903225805,2025-01
2025-01-05,CLE,CHA,0.8239002823829651,CLE,-2800.0,True,True,0.03571428571428581,2025-01
2025-01-05,WAS,NOP,0.4328145384788513,NOP,-4800.0,False,True,0.02083333333333326,2025-01
2025-01-05,ORL,UTA,0.7430469989776611,ORL,-210.0,False,False,-1.0,2025-01
2025-01-05,HOU,LAL,0.5113480091094971,HOU,-175.0,True,True,0.5714285714285714,2025-01
2025-01-05,GSW,SAC,0.6029754281044006,GSW,-162.0,False,False,-1.0,2025-01
2025-01-06,MEM,DAL,0.7879921197891235,MEM,-198.0,True,True,0.5050505050505052,2025-01
2025-01-06,CHI,SAS,0.7056229710578918,CHI,124.0,True,True,1.2400000000000002,2025-01
2025-01-06,MIN,LAC,0.5101721286773682,MIN,-135.0,True,True,0.7407407407407407,2025-01
2025-01-06,NYK,ORL,0.7016207575798035,NYK,-520.0,False,False,-1.0,2025-01
2025-01-06,TOR,MIL,0.28237438201904297,MIL,-245.0,False,True,0.40816326530612246,2025-01
2025-01-06,PHI,PHX,0.38468867540359497,PHX,160.0,False,True,1.6,2025-01
2025-01-06,DET,POR,0.5017839074134827,DET,-145.0,True,True,0.6896551724137931,2025-01
2025-01-06,BKN,IND,0.20885978639125824,IND,-575.0,False,True,0.17391304347826075,2025-01
2025-01-06,SAC,MIA,0.6097824573516846,SAC,-142.0,True,True,0.704225352112676,2025-01
2025-01-07,DEN,BOS,0.6717963814735413,DEN,250.0,False,False,-1.0,2025-01
2025-01-07,UTA,ATL,0.34433799982070923,ATL,-192.0,False,True,0.5208333333333335,2025-01
2025-01-07,DAL,LAL,0.2687283456325531,LAL,-250.0,True,False,-1.0,2025-01
2025-01-07,NOP,MIN,0.3020975589752197,MIN,-180.0,False,True,0.5555555555555556,2025-01
2025-01-07,WAS,HOU,0.22375239431858063,HOU,-750.0,False,True,0.1333333333333333,2025-01
2025-01-07,CHA,PHX,0.3931347131729126,PHX,-360.0,True,False,-1.0,2025-01
2025-01-07,GSW,MIA,0.6444827318191528,GSW,-425.0,False,False,-1.0,2025-01
2025-01-08,CLE,OKC,0.53014075756073,CLE,-120.0,True,True,0.8333333333333335,2025-01
2025-01-08,IND,CHI,0.706527829170227,IND,-280.0,True,True,0.3571428571428572,2025-01
2025-01-08,NYK,TOR,0.8032341003417969,NYK,-850.0,True,True,0.11764705882352944,2025-01
2025-01-08,PHI,WAS,0.7047770023345947,PHI,-1450.0,True,True,0.06896551724137923,2025-01
2025-01-08,BKN,DET,0.2293858677148819,DET,-410.0,False,True,0.24390243902439024,2025-01
2025-01-08,NOP,POR,0.17328494787216187,POR,110.0,False,True,1.1,2025-01
2025-01-08,DEN,LAC,0.5739107131958008,DEN,180.0,True,True,1.7999999999999998,2025-01
2025-01-08,MIL,SAS,0.7333219647407532,MIL,-175.0,True,True,0.5714285714285714,2025-01
2025-01-09,MEM,HOU,0.6041706204414368,MEM,-142.0,False,False,-1.0,2025-01
2025-01-09,UTA,MIA,0.31883975863456726,MIA,-225.0,False,True,0.4444444444444444,2025-01
2025-01-09,DET,GSW,0.4567180871963501,GSW,-110.0,False,True,0.9090909090909092,2025-01
2025-01-09,PHX,ATL,0.432209312915802,ATL,195.0,True,False,-1.0,2025-01
2025-01-09,CLE,TOR,0.8267764449119568,CLE,-950.0,True,True,0.10526315789473673,2025-01
2025-01-09,ORL,MIN,0.3883773684501648,MIN,-395.0,False,True,0.25316455696202533,2025-01
2025-01-09,DAL,POR,0.31291165947914124,POR,250.0,True,False,-1.0,2025-01
2025-01-10,IND,GSW,0.717659592628479,IND,-475.0,True,True,0.21052631578947367,2025-01
2025-01-10,ORL,MIL,0.35906311869621277,MIL,-130.0,False,True,0.7692307692307692,2025-01
2025-01-10,PHI,NOP,0.5499357581138611,PHI,-270.0,False,False,-1.0,2025-01
2025-01-10,BOS,SAC,0.7232359647750854,BOS,-700.0,False,False,-1.0,2025-01
2025-01-10,NYK,OKC,0.3868750333786011,OKC,-142.0,False,True,0.704225352112676,2025-01
2025-01-10,CHI,WAS,0.8089810609817505,CHI,-520.0,True,True,0.1923076923076923,2025-01
2025-01-10,DEN,BKN,0.8461700081825256,DEN,-900.0,True,True,0.11111111111111116,2025-01
2025-01-11,MIN,MEM,0.5435839891433716,MIN,-130.0,False,False,-1.0,2025-01
2025-01-11,POR,MIA,0.6469812989234924,POR,160.0,False,False,-1.0,2025-01
2025-01-11,DET,TOR,0.7379088401794434,DET,-410.0,True,True,0.24390243902439024,2025-01
2025-01-11,PHX,UTA,0.6962840557098389,PHX,-200000.0,True,True,0.0004999999999999449,2025-01
2025-01-12,BOS,NOP,0.863794207572937,BOS,-950.0,True,True,0.10526315789473673,2025-01
2025-01-12,CLE,IND,0.5742766857147217,CLE,-1450.0,False,False,-1.0,2025-01
2025-01-12,ORL,PHI,0.6775147914886475,ORL,-140.0,True,True,0.7142857142857144,2025-01
2025-01-12,WAS,OKC,0.18440450727939606,OKC,-10000.0,False,True,0.010000000000000009,2025-01
2025-01-12,UTA,BKN,0.5252455472946167,UTA,-155.0,True,True,0.6451612903225805,2025-01
2025-01-12,PHX,CHA,0.6490131616592407,PHX,-278.0,True,True,0.3597122302158273,2025-01
2025-01-13,HOU,MEM,0.4694562256336212,MEM,120.0,True,False,-1.0,2025-01
2025-01-13,LAC,MIA,0.7362344861030579,LAC,-290.0,True,True,0.3448275862068966,2025-01
2025-01-13,LAL,SAS,0.7608787417411804,LAL,-175.0,False,False,-1.0,2025-01
2025-01-13,WAS,MIN,0.16332830488681793,MIN,-1450.0,False,True,0.06896551724137923,2025-01
2025-01-13,TOR,GSW,0.2990597188472748,GSW,-205.0,True,False,-1.0,2025-01
2025-01-13,NYK,DET,0.44975823163986206,DET,270.0,False,True,2.7,2025-01
2025-01-14,IND,CLE,0.5280046463012695,IND,250.0,False,False,-1.0,2025-01
2025-01-14,PHI,OKC,0.2816554009914398,OKC,-2500.0,False,True,0.040000000000000036,2025-01
2025-01-14,ATL,PHX,0.6961844563484192,ATL,114.0,True,True,1.1399999999999997,2025-01
2025-01-14,CHI,NOP,0.7621819376945496,CHI,-125.0,False,False,-1.0,2025-01
2025-01-14,MIL,SAC,0.6701975464820862,MIL,-135.0,True,True,0.7407407407407407,2025-01
2025-01-14,DAL,DEN,0.25005844235420227,DEN,-148.0,False,True,0.6756756756756757,2025-01
2025-01-14,POR,BKN,0.8318911194801331,POR,-205.0,False,False,-1.0,2025-01
2025-01-15,TOR,BOS,0.274340957403183,BOS,-1100.0,True,False,-1.0,2025-01
2025-01-15,LAC,BKN,0.8755353093147278,LAC,-850.0,True,True,0.11764705882352944,2025-01
2025-01-15,UTA,CHA,0.6083551645278931,UTA,180.0,False,False,-1.0,2025-01
2025-01-15,DEN,HOU,0.7208053469657898,DEN,-125.0,False,False,-1.0,2025-01
2025-01-15,SAS,MEM,0.28943994641304016,MEM,-148.0,False,True,0.6756756756756757,2025-01
2025-01-15,PHI,NYK,0.19390268623828888,NYK,-475.0,False,True,0.21052631578947367,2025-01
2025-01-15,MIN,GSW,0.6787766218185425,MIN,-265.0,False,False,-1.0,2025-01
2025-01-15,MIL,ORL,0.6742026805877686,MIL,-230.0,True,True,0.4347826086956521,2025-01
2025-01-15,CHI,ATL,0.5388438105583191,CHI,-245.0,False,False,-1.0,2025-01
2025-01-15,NOP,DAL,0.5833533406257629,NOP,-118.0,True,True,0.847457627118644,2025-01
2025-01-15,LAL,MIA,0.5438845753669739,LAL,-205.0,True,True,0.4878048780487805,2025-01
2025-01-16,DET,IND,0.4684372842311859,IND,-230.0,False,True,0.4347826086956521,2025-01
2025-01-16,POR,LAC,0.5573842525482178,POR,225.0,False,False,-1.0,2025-01
2025-01-16,OKC,CLE,0.6458899974822998,OKC,-135.0,True,True,0.7407407407407407,2025-01
2025-01-16,WAS,PHX,0.268669456243515,PHX,-1600.0,False,True,0.0625,2025-01
2025-01-16,SAC,HOU,0.5625127553939819,SAC,-170.0,True,True,0.5882352941176472,2025-01
2025-01-17,BOS,ORL,0.7556726932525635,BOS,-1950.0,True,True,0.05128205128205132,2025-01
2025-01-17,NYK,MIN,0.4600805342197418,MIN,124.0,False,True,1.2400000000000002,2025-01
2025-01-17,MIA,DEN,0.46846887469291687,DEN,-162.0,False,True,0.617283950617284,2025-01
2025-01-17,MIL,TOR,0.7938157916069031,MIL,-600.0,True,True,0.16666666666666674,2025-01
2025-01-17,NOP,UTA,0.5667145848274231,NOP,-600.0,True,True,0.16666666666666674,2025-01
2025-01-17,SAS,MEM,0.27188754081726074,MEM,-135.0,False,True,0.7407407407407407,2025-01
2025-01-17,DAL,OKC,0.28136175870895386,OKC,-218.0,True,False,-1.0,2025-01
2025-01-17,CHI,CHA,0.7731276750564575,CHI,-170.0,False,False,-1.0,2025-01
2025-01-17,LAL,BKN,0.7860017418861389,LAL,-575.0,True,True,0.17391304347826075,2025-01
2025-01-18,POR,HOU,0.6166503429412842,POR,425.0,False,False,-1.0,2025-01
2025-01-18,MIN,CLE,0.5584335923194885,MIN,185.0,False,False,-1.0,2025-01
2025-01-18,GSW,WAS,0.8812117576599121,GSW,-900.0,True,True,0.11111111111111116,2025-01
2025-01-18,IND,PHI,0.8482253551483154,IND,-500.0,True,True,0.19999999999999996,2025-01
2025-01-18,BOS,ATL,0.611614465713501,BOS,-850.0,False,False,-1.0,2025-01
2025-01-19,ORL,DEN,0.390511691570282,DEN,-298.0,False,True,0.3355704697986577,2025-01
2025-01-19,MIL,PHI,0.8559522032737732,MIL,-950.0,True,True,0.10526315789473673,2025-01
2025-01-19,OKC,BKN,0.8552764654159546,OKC,-2500.0,True,True,0.040000000000000036,2025-01
2025-01-19,LAC,LAL,0.8010533452033997,LAC,-218.0,True,True,0.45871559633027514,2025-01
2025-01-19,POR,CHI,0.6220205426216125,POR,220.0,True,True,2.2,2025-01
2025-01-19,SAC,WAS,0.8185087442398071,SAC,-1600.0,True,True,0.0625,2025-01
2025-01-20,NOP,UTA,0.5688854455947876,NOP,-550.0,True,True,0.18181818181818188,2025-01
2025-01-20,LAC,CHI,0.8117066025733948,LAC,-238.0,False,False,-1.0,2025-01
2025-01-21,BKN,NYK,0.24785110354423523,NYK,-750.0,False,True,0.1333333333333333,2025-01
2025-01-21,MIA,POR,0.4606453478336334,POR,320.0,False,True,3.2,2025-01
2025-01-21,TOR,ORL,0.3952641189098358,ORL,-110.0,True,False,-1.0,2025-01
2025-01-21,DEN,PHI,0.8539097905158997,DEN,-750.0,True,True,0.1333333333333333,2025-01
2025-01-21,LAL,WAS,0.8397811055183411,LAL,-900.0,True,True,0.11111111111111116,2025-01
2025-01-22,MEM,CHA,0.8760432004928589,MEM,-600.0,True,True,0.16666666666666674,2025-01
2025-01-22,LAC,BOS,0.6788803339004517,LAC,410.0,False,False,-1.0,2025-01
2025-01-22,OKC,UTA,0.8769349455833435,OKC,-1600.0,True,True,0.0625,2025-01
2025-01-22,SAC,GSW,0.5021129250526428,SAC,-285.0,True,True,0.3508771929824561,2025-01
2025-01-22,ATL,DET,0.49191969633102417,DET,142.0,False,True,1.42,2025-01
2025-01-22,DAL,MIN,0.20205754041671753,MIN,-170.0,False,True,0.5882352941176472,2025-01
2025-01-22,HOU,CLE,0.39778175950050354,CLE,-125.0,True,False,-1.0,2025-01
2025-01-22,BKN,PHX,0.3028927147388458,PHX,-800.0,False,True,0.125,2025-01
2025-01-23,LAC,WAS,0.8620087504386902,LAC,-1200.0,True,True,0.08333333333333326,2025-01
2025-01-23,GSW,CHI,0.561305820941925,GSW,-135.0,True,True,0.7407407407407407,2025-01
2025-01-23,ORL,POR,0.34868553280830383,POR,195.0,False,True,1.9500000000000002,2025-01
2025-01-23,DEN,SAC,0.7933021783828735,DEN,-310.0,True,True,0.32258064516129026,2025-01
2025-01-23,MIL,MIA,0.7491114139556885,MIL,-245.0,True,True,0.40816326530612246,2025-01
2025-01-23,OKC,DAL,0.8617768287658691,OKC,-650.0,False,False,-1.0,2025-01
2025-01-23,ATL,TOR,0.6037680506706238,ATL,-218.0,False,False,-1.0,2025-01
2025-01-23,LAL,BOS,0.4440549314022064,BOS,-245.0,True,False,-1.0,2025-01
2025-01-24,CHA,POR,0.2977137565612793,POR,160.0,False,True,1.6,2025-01
2025-01-24,PHI,CLE,0.21856731176376343,CLE,-360.0,True,False,-1.0,2025-01
2025-01-24,MEM,NOP,0.8566243648529053,MEM,-440.0,True,True,0.2272727272727273,2025-01
2025-01-25,GSW,LAL,0.5323756337165833,GSW,-105.0,False,False,-1.0,2025-01
2025-01-25,MEM,UTA,0.83232581615448,MEM,-535.0,True,True,0.1869158878504673,2025-01
2025-01-25,CHI,PHI,0.7585912346839905,CHI,-166.0,False,False,-1.0,2025-01
2025-01-25,ORL,DET,0.47693708539009094,DET,114.0,True,False,-1.0,2025-01
2025-01-25,CLE,HOU,0.5908437371253967,CLE,-192.0,False,False,-1.0,2025-01
2025-01-25,NYK,SAC,0.6838831901550293,NYK,-192.0,True,True,0.5208333333333335,2025-01
2025-01-25,PHX,WAS,0.7150121331214905,PHX,-1000.0,True,True,0.10000000000000009,2025-01
2025-01-25,CHA,NOP,0.3729161322116852,NOP,-160.0,True,False,-1.0,2025-01
2025-01-25,ATL,TOR,0.6571745276451111,ATL,-225.0,False,False,-1.0,2025-01
2025-01-25,DAL,BOS,0.24301040172576904,BOS,-1400.0,False,True,0.0714285714285714,2025-01
2025-01-25,BKN,MIA,0.2093237042427063,MIA,-360.0,False,True,0.2777777777777777,2025-01
2025-01-25,LAC,MIL,0.6458052396774292,LAC,-162.0,True,True,0.617283950617284,2025-01
2025-01-26,POR,OKC,0.5263527035713196,POR,1400.0,False,False,-1.0,2025-01
2025-01-27,CHA,LAL,0.22867122292518616,LAL,-850.0,False,True,0.11764705882352944,2025-01
2025-01-27,TOR,NOP,0.6364805102348328,TOR,-115.0,True,True,0.8695652173913042,2025-01
2025-01-27,DAL,WAS,0.5872878432273865,DAL,-850.0,True,True,0.11764705882352944,2025-01
2025-01-27,MIN,ATL,0.7375478148460388,MIN,-520.0,True,True,0.1923076923076923,2025-01
2025-01-27,CHI,DEN,0.38300612568855286,DEN,-380.0,True,False,-1.0,2025-01
2025-01-27,CLE,DET,0.6909000873565674,CLE,-750.0,True,True,0.1333333333333333,2025-01
2025-01-27,PHX,LAC,0.3162720799446106,LAC,-120.0,True,False,-1.0,2025-01
2025-01-27,MIA,ORL,0.5590900182723999,MIA,-105.0,True,True,0.9523809523809523,2025-01
2025-01-27,BKN,SAC,0.2594311535358429,SAC,-750.0,False,True,0.1333333333333333,2025-01
2025-01-27,BOS,HOU,0.6512888669967651,BOS,-205.0,False,False,-1.0,2025-01
2025-01-27,NYK,MEM,0.5072649121284485,NYK,-155.0,True,True,0.6451612903225805,2025-01
2025-01-27,UTA,MIL,0.2217622995376587,MIL,-410.0,False,True,0.24390243902439024,2025-01
2025-01-28,ATL,HOU,0.5010261535644531,ATL,154.0,False,False,-1.0,2025-01
2025-01-28,PHI,LAL,0.3479768633842468,LAL,-192.0,True,False,-1.0,2025-01
2025-01-28,GSW,UTA,0.8777750134468079,GSW,-800.0,True,True,0.125,2025-01
2025-01-28,POR,MIL,0.6951181292533875,POR,190.0,True,True,1.9,2025-01
2025-01-29,NOP,DAL,0.41634830832481384,DAL,-112.0,False,True,0.8928571428571428,2025-01
2025-01-29,PHI,SAC,0.25904521346092224,SAC,-325.0,True,False,-1.0,2025-01
2025-01-29,NYK,DEN,0.44166263937950134,DEN,124.0,True,False,-1.0,2025-01
2025-01-29,GSW,OKC,0.3690330982208252,OKC,-455.0,True,False,-1.0,2025-01
2025-01-29,IND,DET,0.6706693172454834,IND,-750.0,True,True,0.1333333333333333,2025-01
2025-01-29,PHX,MIN,0.27260109782218933,MIN,100.0,False,True,1.0,2025-01
2025-01-29,WAS,TOR,0.2744729816913605,TOR,-750.0,False,True,0.1333333333333333,2025-01
2025-01-29,MIA,CLE,0.4233115017414093,CLE,-230.0,False,True,0.4347826086956521,2025-01
2025-01-29,CHA,BKN,0.4224151074886322,BKN,-130.0,False,True,0.7692307692307692,2025-01
2025-01-29,BOS,CHI,0.6667584180831909,BOS,-950.0,True,True,0.10526315789473673,2025-01
2025-01-29,SAS,LAC,0.3272991180419922,LAC,-170.0,False,True,0.5882352941176472,2025-01
2025-01-30,WAS,LAL,0.20456132292747498,LAL,-500.0,False,True,0.19999999999999996,2025-01
2025-01-30,CLE,ATL,0.6550064086914062,CLE,-1950.0,True,True,0.05128205128205132,2025-01
2025-01-30,MEM,HOU,0.705062747001648,MEM,-155.0,True,True,0.6451612903225805,2025-01
2025-01-30,UTA,MIN,0.2071128636598587,MIN,-238.0,False,True,0.4201680672268908,2025-01
2025-01-30,POR,ORL,0.7298731207847595,POR,164.0,True,True,1.6399999999999997,2025-01
2025-01-31,CHA,LAC,0.1807449609041214,LAC,-1300.0,False,True,0.07692307692307687,2025-01
2025-01-31,SAS,MIL,0.3152652084827423,MIL,-148.0,True,False,-1.0,2025-01
2025-01-31,NOP,BOS,0.20293034613132477,BOS,-650.0,False,True,0.15384615384615374,2025-01
2025-01-31,TOR,CHI,0.2933051884174347,CHI,150.0,False,True,1.5,2025-01
2025-01-31,PHI,DEN,0.24246712028980255,DEN,-410.0,False,True,0.24390243902439024,2025-01
2025-01-31,DET,DAL,0.7227283120155334,DET,140.0,True,True,1.4,2025-01
2025-01-31,GSW,PHX,0.7154223322868347,GSW,-105.0,False,False,-1.0,2025-01
2025-02-01,SAS,MIA,0.4499494731426239,MIA,120.0,False,True,1.2000000000000002,2025-02
2025-02-01,NYK,LAL,0.5987674593925476,NYK,-500.0,False,False,-1.0,2025-02
2025-02-01,POR,PHX,0.8011051416397095,POR,145.0,True,True,1.4500000000000002,2025-02
2025-02-01,OKC,SAC,0.7438368201255798,OKC,-310.0,True,True,0.32258064516129026,2025-02
2025-02-01,MIN,WAS,0.8932635188102722,MIN,-700.0,False,False,-1.0,2025-02
2025-02-01,HOU,BKN,0.7469374537467957,HOU,-850.0,False,False,-1.0,2025-02
2025-02-01,IND,ATL,0.709410548210144,IND,-720.0,True,True,0.13888888888888884,2025-02
2025-02-01,CHA,DEN,0.2251477688550949,DEN,-1600.0,False,True,0.0625,2025-02
2025-02-02,PHI,BOS,0.20665711164474487,BOS,200.0,False,True,2.0,2025-02
2025-02-02,MIL,MEM,0.5398303270339966,MIL,-155.0,False,False,-1.0,2025-02
2025-02-03,OKC,MIL,0.7376150488853455,OKC,-1800.0,True,True,0.05555555555555558,2025-02
2025-02-03,POR,PHX,0.8253863453865051,POR,164.0,True,True,1.6399999999999997,2025-02
2025-02-03,UTA,IND,0.2527552843093872,IND,-285.0,False,True,0.3508771929824561,2025-02
2025-02-03,DEN,NOP,0.8773379325866699,DEN,-485.0,True,True,0.2061855670103092,2025-02
2025-02-03,GSW,ORL,0.757527232170105,GSW,-155.0,True,True,0.6451612903225805,2025-02
2025-02-03,CHA,WAS,0.5488287210464478,CHA,-180.0,False,False,-1.0,2025-02
2025-02-03,MEM,SAS,0.7793989181518555,MEM,-170.0,True,True,0.5882352941176472,2025-02
2025-02-03,NYK,HOU,0.609495997428894,NYK,-278.0,True,True,0.3597122302158273,2025-02
2025-02-03,MIN,SAC,0.6974198818206787,MIN,-192.0,False,False,-1.0,2025-02
2025-02-03,DET,ATL,0.4910110831260681,ATL,165.0,False,True,1.65,2025-02
2025-02-04,POR,IND,0.7373975515365601,POR,164.0,True,True,1.6399999999999997,2025-02
2025-02-04,LAC,LAL,0.726019024848938,LAC,-345.0,False,False,-1.0,2025-02
2025-02-04,CHI,MIA,0.6116860508918762,CHI,145.0,True,True,1.4500000000000002,2025-02
2025-02-04,TOR,NYK,0.30530422925949097,NYK,-218.0,False,True,0.45871559633027514,2025-02
2025-02-04,PHI,DAL,0.6525811553001404,PHI,-280.0,True,True,0.3571428571428572,2025-02
2025-02-04,CLE,BOS,0.6258914470672607,CLE,-118.0,False,False,-1.0,2025-02
2025-02-04,BKN,HOU,0.36283862590789795,HOU,-425.0,True,False,-1.0,2025-02
2025-02-05,TOR,MEM,0.21750064194202423,MEM,-470.0,False,True,0.2127659574468086,2025-02
2025-02-05,SAC,ORL,0.557260274887085,SAC,-218.0,False,False,-1.0,2025-02
2025-02-05,OKC,PHX,0.8318670988082886,OKC,-750.0,True,True,0.1333333333333333,2025-02
2025-02-05,MIN,CHI,0.6914869546890259,MIN,-600.0,True,True,0.16666666666666674,2025-02
2025-02-05,DET,CLE,0.4240149259567261,CLE,-210.0,False,True,0.4761904761904763,2025-02
2025-02-05,DEN,NOP,0.8845014572143555,DEN,-485.0,True,True,0.2061855670103092,2025-02
2025-02-05,BKN,WAS,0.6178969144821167,BKN,-218.0,False,False,-1.0,2025-02
2025-02-05,ATL,SAS,0.7166251540184021,ATL,160.0,False,False,-1.0,2025-02
2025-02-05,CHA,MIL,0.23450322449207306,MIL,-920.0,False,True,0.10869565217391308,2025-02
2025-02-05,PHI,MIA,0.28443047404289246,MIA,110.0,False,True,1.1,2025-02
2025-02-05,UTA,GSW,0.29211264848709106,GSW,-245.0,True,False,-1.0,2025-02
2025-02-06,BOS,DAL,0.8639710545539856,BOS,-800.0,False,False,-1.0,2025-02
2025-02-06,MIN,HOU,0.6128275394439697,MIN,-115.0,True,True,0.8695652173913042,2025-02
2025-02-06,DEN,ORL,0.7145962119102478,DEN,-258.0,True,True,0.3875968992248062,2025-02
2025-02-06,LAL,GSW,0.5582722425460815,LAL,-250.0,True,True,0.3999999999999999,2025-02
2025-02-06,POR,SAC,0.7956287264823914,POR,-102.0,True,True,0.9803921568627452,2025-02
2025-02-06,LAC,IND,0.6642817258834839,LAC,-205.0,False,False,-1.0,2025-02
2025-02-07,OKC,TOR,0.8796555995941162,OKC,-1800.0,True,True,0.05555555555555558,2025-02
2025-02-07,ATL,MIL,0.4519485533237457,MIL,-135.0,True,False,-1.0,2025-02
2025-02-07,PHX,UTA,0.6870726943016052,PHX,-345.0,True,True,0.28985507246376807,2025-02
2025-02-07,WAS,CLE,0.17798133194446564,CLE,-1600.0,False,True,0.0625,2025-02
2025-02-07,BKN,MIA,0.29363399744033813,MIA,-205.0,True,False,-1.0,2025-02
2025-02-07,CHA,SAS,0.37398093938827515,SAS,-154.0,True,False,-1.0,2025-02
2025-02-07,DET,PHI,0.7488032579421997,DET,190.0,True,True,1.9,2025-02
2025-02-08,PHX,DEN,0.2681021988391876,DEN,-265.0,False,True,0.37735849056603765,2025-02
2025-02-08,NYK,BOS,0.41115349531173706,BOS,-185.0,False,True,0.5405405405405406,2025-02
2025-02-08,LAC,UTA,0.8991972804069519,LAC,-1600.0,True,True,0.0625,2025-02
2025-02-08,SAC,NOP,0.7875758409500122,SAC,-310.0,True,True,0.32258064516129026,2025-02
2025-02-08,MIN,POR,0.6083022952079773,MIN,-166.0,True,True,0.6024096385542168,2025-02
2025-02-08,MEM,OKC,0.643337607383728,MEM,100.0,False,False,-1.0,2025-02
2025-02-08,CHI,GSW,0.49587732553482056,GSW,-250.0,False,True,0.3999999999999999,2025-02
2025-02-08,ORL,SAS,0.757229745388031,ORL,-120.0,True,True,0.8333333333333335,2025-02
2025-02-08,WAS,ATL,0.23011818528175354,ATL,-245.0,False,True,0.40816326530612246,2025-02
2025-02-10,OKC,NOP,0.8844828009605408,OKC,-1650.0,True,True,0.06060606060606055,2025-02
2025-02-10,LAL,UTA,0.7700253129005432,LAL,-750.0,True,True,0.1333333333333333,2025-02
2025-02-10,DEN,POR,0.6984785199165344,DEN,-410.0,True,True,0.24390243902439024,2025-02
2025-02-10,MIL,GSW,0.4547281265258789,GSW,-270.0,False,True,0.37037037037037024,2025-02
2025-02-10,DAL,SAC,0.3202977478504181,SAC,-120.0,False,True,0.8333333333333335,2025-02
2025-02-10,BKN,CHA,0.6267167329788208,BKN,-205.0,True,True,0.4878048780487805,2025-02
2025-02-10,CLE,MIN,0.6102147698402405,CLE,-660.0,True,True,0.1515151515151516,2025-02
2025-02-10,MIA,BOS,0.3617643117904663,BOS,-325.0,False,True,0.3076923076923077,2025-02
2025-02-10,WAS,SAS,0.2410309761762619,SAS,-3200.0,False,True,0.03125,2025-02
2025-02-10,ORL,ATL,0.4986199140548706,ATL,150.0,False,True,1.5,2025-02
2025-02-11,PHI,TOR,0.40619611740112305,TOR,190.0,False,True,1.9,2025-02
2025-02-11,IND,NYK,0.6298118829727173,IND,110.0,False,False,-1.0,2025-02
2025-02-11,CHI,DET,0.540773868560791,CHI,154.0,False,False,-1.0,2025-02
2025-02-11,PHX,MEM,0.3178712725639343,MEM,-192.0,False,True,0.5208333333333335,2025-02
2025-02-12,LAC,MEM,0.6786627769470215,LAC,-218.0,True,True,0.45871559633027514,2025-02
2025-02-12,DAL,GSW,0.24260327219963074,GSW,-285.0,True,False,-1.0,2025-02
2025-02-12,DEN,POR,0.6992341876029968,DEN,-520.0,True,True,0.1923076923076923,2025-02
2025-02-12,HOU,PHX,0.6408776044845581,HOU,-380.0,True,True,0.26315789473684204,2025-02
2025-02-12,OKC,MIA,0.7828051447868347,OKC,-850.0,True,True,0.11764705882352944,2025-02
2025-02-12,NOP,SAC,0.27416831254959106,SAC,-225.0,False,True,0.4444444444444444,2025-02
2025-02-12,CHI,DET,0.4365707039833069,DET,-230.0,False,True,0.4347826086956521,2025-02
2025-02-12,MIN,MIL,0.6603051424026489,MIN,-425.0,False,False,-1.0,2025-02
2025-02-12,TOR,CLE,0.19300496578216553,CLE,-850.0,False,True,0.11764705882352944,2025-02
2025-02-12,NYK,ATL,0.5328920483589172,NYK,-305.0,True,True,0.3278688524590163,2025-02
2025-02-12,BKN,PHI,0.5854336023330688,BKN,-130.0,True,True,0.7692307692307692,2025-02
2025-02-12,WAS,IND,0.24769428372383118,IND,-395.0,False,True,0.25316455696202533,2025-02
2025-02-12,UTA,LAL,0.31479519605636597,LAL,-410.0,True,False,-1.0,2025-02
2025-02-12,ORL,CHA,0.7967716455459595,ORL,-810.0,True,True,0.1234567901234569,2025-02
2025-02-12,BOS,SAS,0.8209380507469177,BOS,-345.0,True,True,0.28985507246376807,2025-02
2025-02-13,HOU,GSW,0.4072842001914978,GSW,-110.0,False,True,0.9090909090909092,2025-02
2025-02-13,NOP,SAC,0.2871437072753906,SAC,-355.0,True,False,-1.0,2025-02
2025-02-13,DAL,MIA,0.31279847025871277,MIA,-155.0,True,False,-1.0,2025-02
2025-02-13,MIN,OKC,0.5096074342727661,MIN,380.0,True,True,3.8,2025-02
2025-02-13,UTA,LAC,0.26263725757598877,LAC,-410.0,False,True,0.24390243902439024,2025-02
2025-02-19,LAL,CHA,0.776608943939209,LAL,-750.0,False,False,-1.0,2025-02
2025-02-20,IND,MEM,0.5577640533447266,IND,200.0,True,True,2.0,2025-02
2025-02-20,PHI,BOS,0.1667497605085373,BOS,-375.0,False,True,0.2666666666666666,2025-02
2025-02-20,ATL,ORL,0.6608510613441467,ATL,-102.0,False,False,-1.0,2025-02
2025-02-20,BKN,CLE,0.20560313761234283,CLE,-850.0,False,True,0.11764705882352944,2025-02
2025-02-20,NYK,CHI,0.566380500793457,NYK,-520.0,True,True,0.1923076923076923,2025-02
2025-02-20,MIL,LAC,0.591854453086853,MIL,-105.0,True,True,0.9523809523809523,2025-02
2025-02-20,DEN,CHA,0.8469938039779663,DEN,-1650.0,True,True,0.06060606060606055,2025-02
2025-02-20,SAS,PHX,0.6029826402664185,SAS,124.0,True,True,1.2400000000000002,2025-02
2025-02-20,POR,LAL,0.7263676524162292,POR,100.0,False,False,-1.0,2025-02
2025-02-21,UTA,OKC,0.26528212428092957,OKC,-1200.0,False,True,0.08333333333333326,2025-02
2025-02-21,DAL,NOP,0.5346739292144775,DAL,-225.0,True,True,0.4444444444444444,2025-02
2025-02-21,SAS,DET,0.2826201021671295,DET,-180.0,False,True,0.5555555555555556,2025-02
2025-02-21,TOR,MIA,0.34856945276260376,MIA,-162.0,False,True,0.617283950617284,2025-02
2025-02-21,HOU,MIN,0.4837718605995178,MIN,136.0,True,False,-1.0,2025-02
2025-02-21,WAS,MIL,0.20826499164104462,MIL,-145.0,False,True,0.6896551724137931,2025-02
2025-02-21,ORL,MEM,0.423782080411911,MEM,-140.0,False,True,0.7142857142857144,2025-02
2025-02-21,CLE,NYK,0.6968857049942017,CLE,-500.0,True,True,0.19999999999999996,2025-02
2025-02-21,SAC,GSW,0.4748687744140625,GSW,-135.0,False,True,0.7407407407407407,2025-02
2025-02-22,CHI,PHX,0.6447165608406067,CHI,1400.0,False,False,-1.0,2025-02
2025-02-22,PHI,BKN,0.43171465396881104,BKN,410.0,False,True,4.1,2025-02
2025-02-22,DEN,LAL,0.7277100682258606,DEN,-250.0,False,False,-1.0,2025-02
2025-02-22,UTA,HOU,0.2861579656600952,HOU,-380.0,True,False,-1.0,2025-02
2025-02-22,POR,CHA,0.8627225160598755,POR,-205.0,True,True,0.4878048780487805,2025-02
2025-02-23,TOR,PHX,0.5093105435371399,TOR,-425.0,True,True,0.23529411764705888,2025-02
2025-02-23,MIN,OKC,0.4655039310455322,OKC,-375.0,False,True,0.2666666666666666,2025-02
2025-02-23,NOP,SAS,0.38845837116241455,SAS,150.0,True,False,-1.0,2025-02
2025-02-23,MIL,MIA,0.6995632648468018,MIL,165.0,True,True,1.65,2025-02
2025-02-23,CLE,MEM,0.5468598008155823,CLE,-210.0,True,True,0.4761904761904763,2025-02
2025-02-23,ATL,DET,0.4568358063697815,DET,-315.0,False,True,0.31746031746031744,2025-02
2025-02-23,IND,LAC,0.5722417235374451,IND,-10000.0,True,True,0.010000000000000009,2025-02
2025-02-23,ORL,WAS,0.7569372057914734,ORL,-660.0,True,True,0.1515151515151516,2025-02
2025-02-24,SAC,CHA,0.8387913703918457,SAC,-550.0,True,True,0.18181818181818188,2025-02
2025-02-24,UTA,POR,0.25811779499053955,POR,-258.0,False,True,0.3875968992248062,2025-02
2025-02-24,ATL,MIA,0.6496887803077698,ATL,-135.0,True,True,0.7407407407407407,2025-02
2025-02-24,OKC,MIN,0.715705394744873,OKC,-625.0,False,False,-1.0,2025-02
2025-02-24,PHI,CHI,0.2276359349489212,CHI,-110.0,False,True,0.9090909090909092,2025-02
2025-02-24,WAS,BKN,0.41417402029037476,BKN,195.0,True,False,-1.0,2025-02
2025-02-24,IND,DEN,0.5406650900840759,IND,210.0,False,False,-1.0,2025-02
2025-02-24,DET,LAC,0.5485277771949768,DET,-115.0,True,True,0.8695652173913042,2025-02
2025-02-25,TOR,BOS,0.20702949166297913,BOS,-660.0,False,True,0.1515151515151516,2025-02
2025-02-25,ORL,CLE,0.3765621483325958,CLE,-245.0,False,True,0.40816326530612246,2025-02
2025-02-25,HOU,MIL,0.4452558755874634,MIL,124.0,True,False,-1.0,2025-02
2025-02-25,MEM,PHX,0.7910395264625549,MEM,-305.0,True,True,0.3278688524590163,2025-02
2025-02-25,NOP,SAS,0.3860991299152374,SAS,124.0,True,False,-1.0,2025-02
2025-02-25,GSW,CHA,0.8791524171829224,GSW,-1600.0,True,True,0.0625,2025-02
2025-02-25,LAL,DAL,0.7746165990829468,LAL,-410.0,True,True,0.24390243902439024,2025-02
2025-02-26,WAS,POR,0.2139005959033966,POR,-230.0,False,True,0.4347826086956521,2025-02
2025-02-26,HOU,SAS,0.7333477139472961,HOU,-355.0,True,True,0.2816901408450705,2025-02
2025-02-26,UTA,SAC,0.2756039500236511,SAC,-395.0,False,True,0.25316455696202533,2025-02
2025-02-26,CHI,LAC,0.48668280243873596,LAC,-395.0,False,True,0.25316455696202533,2025-02
2025-02-26,NYK,PHI,0.758632481098175,NYK,-750.0,True,True,0.1333333333333333,2025-02
2025-02-26,IND,TOR,0.8566458225250244,IND,-810.0,True,True,0.1234567901234569,2025-02
2025-02-26,DET,BOS,0.5790984034538269,DET,124.0,True,True,1.2400000000000002,2025-02
2025-02-26,BKN,OKC,0.18905769288539886,OKC,-1350.0,False,True,0.07407407407407396,2025-02
2025-02-26,MIA,ATL,0.5250344276428223,MIA,-155.0,True,True,0.6451612903225805,2025-02
2025-02-27,ORL,GSW,0.3276873826980591,GSW,-188.0,False,True,0.5319148936170213,2025-02
2025-02-27,MIL,DEN,0.5133545994758606,MIL,136.0,True,True,1.3600000000000003,2025-02
2025-02-27,DAL,CHA,0.6039837002754211,DAL,-485.0,True,True,0.2061855670103092,2025-02
2025-02-27,PHX,NOP,0.6389747858047485,PHX,-258.0,False,False,-1.0,2025-02
2025-02-27,LAL,MIN,0.4140062630176544,MIN,170.0,True,False,-1.0,2025-02
2025-02-28,PHX,NOP,0.6934360861778259,PHX,-425.0,True,True,0.23529411764705888,2025-02
2025-02-28,MEM,NYK,0.6497946977615356,MEM,-155.0,False,False,-1.0,2025-02
2025-02-28,LAL,LAC,0.37836718559265137,LAC,-170.0,True,False,-1.0,2025-02
2025-02-28,CHI,TOR,0.7661190032958984,CHI,-118.0,True,True,0.847457627118644,2025-02
2025-02-28,UTA,MIN,0.25820520520210266,MIN,-192.0,True,False,-1.0,2025-02
2025-02-28,BKN,POR,0.19908498227596283,POR,-120.0,False,True,0.8333333333333335,2025-02
2025-02-28,ATL,OKC,0.40127596259117126,OKC,-575.0,False,True,0.17391304347826075,2025-02
2025-02-28,DET,DEN,0.506278395652771,DET,175.0,False,False,-1.0,2025-02
2025-02-28,MIA,IND,0.44112974405288696,IND,-148.0,True,False,-1.0,2025-02
2025-02-28,BOS,CLE,0.5564208030700684,BOS,-122.0,False,False,-1.0,2025-02
2025-03-01,CHA,WAS,0.42920416593551636,WAS,105.0,False,True,1.0499999999999998,2025-03
2025-03-01,DET,BKN,0.8099409937858582,DET,-1750.0,True,True,0.05714285714285716,2025-03
2025-03-01,HOU,SAC,0.5294527411460876,HOU,-185.0,False,False,-1.0,2025-03
2025-03-01,MEM,SAS,0.7389245629310608,MEM,-245.0,False,False,-1.0,2025-03
2025-03-01,PHI,GSW,0.1636025607585907,GSW,-270.0,True,False,-1.0,2025-03
2025-03-01,DAL,MIL,0.18707741796970367,MIL,-148.0,False,True,0.6756756756756757,2025-03
2025-03-02,PHX,MIN,0.2747915983200073,MIN,102.0,False,True,1.02,2025-03
2025-03-02,UTA,NOP,0.46839219331741333,NOP,-290.0,False,True,0.3448275862068966,2025-03
2025-03-02,SAS,OKC,0.20937670767307281,OKC,-1300.0,False,True,0.07692307692307687,2025-03
2025-03-02,ORL,TOR,0.6742396950721741,ORL,-230.0,False,False,-1.0,2025-03
2025-03-02,MIA,NYK,0.5003353357315063,MIA,-560.0,False,False,-1.0,2025-03
2025-03-02,LAL,LAC,0.4130817949771881,LAC,-170.0,True,False,-1.0,2025-03
2025-03-03,UTA,DET,0.21847029030323029,DET,-535.0,False,True,0.1869158878504673,2025-03
2025-03-03,DAL,SAC,0.20768903195858002,SAC,-130.0,False,True,0.7692307692307692,2025-03
2025-03-03,OKC,HOU,0.7380607724189758,OKC,-575.0,True,True,0.17391304347826075,2025-03
2025-03-03,MEM,ATL,0.6118249297142029,MEM,-310.0,False,False,-1.0,2025-03
2025-03-03,MIA,WAS,0.8046582937240601,MIA,-360.0,True,True,0.2777777777777777,2025-03
2025-03-03,CHA,GSW,0.1407632976770401,GSW,-1150.0,False,True,0.08695652173913038,2025-03
2025-03-03,PHI,POR,0.31067222356796265,POR,124.0,False,True,1.2400000000000002,2025-03
2025-03-04,PHX,LAC,0.27954021096229553,LAC,-148.0,True,False,-1.0,2025-03
2025-03-04,SAS,BKN,0.6847015023231506,SAS,-162.0,True,True,0.617283950617284,2025-03
2025-03-04,MIN,PHI,0.8819717764854431,MIN,-950.0,True,True,0.10526315789473673,2025-03
2025-03-04,NYK,GSW,0.4790768623352051,GSW,-105.0,False,True,0.9523809523809523,2025-03
2025-03-04,CHI,CLE,0.33320581912994385,CLE,-800.0,False,True,0.125,2025-03
2025-03-04,ATL,MIL,0.3712405562400818,MIL,-205.0,False,True,0.4878048780487805,2025-03
2025-03-04,ORL,TOR,0.6819441914558411,ORL,-298.0,False,False,-1.0,2025-03
2025-03-04,IND,HOU,0.7272605299949646,IND,-260.0,True,True,0.3846153846153846,2025-03
2025-03-04,LAL,NOP,0.8142547011375427,LAL,-380.0,True,True,0.26315789473684204,2025-03
2025-03-05,BOS,POR,0.6595409512519836,BOS,-375.0,True,True,0.2666666666666666,2025-03
2025-03-05,CHA,MIN,0.1881149262189865,MIN,-540.0,False,True,0.18518518518518512,2025-03
2025-03-05,CLE,MIA,0.6750617623329163,CLE,-1150.0,True,True,0.08695652173913038,2025-03
2025-03-05,WAS,UTA,0.5581972002983093,WAS,-250.0,True,True,0.3999999999999999,2025-03
2025-03-05,MEM,OKC,0.5057545900344849,MEM,260.0,False,False,-1.0,2025-03
2025-03-05,DEN,SAC,0.749134361743927,DEN,-245.0,True,True,0.40816326530612246,2025-03
2025-03-05,MIL,DAL,0.8329023718833923,MIL,-650.0,True,True,0.15384615384615374,2025-03
2025-03-05,LAC,DET,0.6126922965049744,LAC,145.0,True,True,1.4500000000000002,2025-03
2025-03-06,ORL,CHI,0.49248820543289185,CHI,260.0,False,True,2.6,2025-03
2025-03-06,LAL,NYK,0.5154188275337219,LAL,-142.0,True,True,0.704225352112676,2025-03
2025-03-06,NOP,HOU,0.24841079115867615,HOU,-162.0,False,True,0.617283950617284,2025-03
2025-03-06,BKN,GSW,0.20552624762058258,GSW,-575.0,False,True,0.17391304347826075,2025-03
2025-03-06,ATL,IND,0.3829348683357239,IND,110.0,True,False,-1.0,2025-03
2025-03-06,BOS,PHI,0.8721718192100525,BOS,-900.0,True,True,0.11111111111111116,2025-03
2025-03-07,CHA,CLE,0.17144426703453064,CLE,-660.0,False,True,0.1515151515151516,2025-03
2025-03-07,TOR,UTA,0.6856275200843811,TOR,-218.0,True,True,0.45871559633027514,2025-03
2025-03-07,DAL,MEM,0.2350538671016693,MEM,-470.0,False,True,0.2127659574468086,2025-03
2025-03-07,MIA,MIN,0.44355639815330505,MIN,-162.0,False,True,0.617283950617284,2025-03
2025-03-07,OKC,POR,0.7119138836860657,OKC,-125.0,True,True,0.8,2025-03
2025-03-07,DEN,PHX,0.7912650108337402,DEN,-278.0,True,True,0.3597122302158273,2025-03
2025-03-07,SAC,SAS,0.6760768890380859,SAC,-258.0,True,True,0.3875968992248062,2025-03
2025-03-07,LAC,NYK,0.7465101480484009,LAC,-245.0,True,True,0.40816326530612246,2025-03
2025-03-08,MIA,CHI,0.44399458169937134,CHI,170.0,False,True,1.7000000000000002,2025-03
2025-03-08,BOS,LAL,0.7121583819389343,BOS,-238.0,True,True,0.4201680672268908,2025-03
2025-03-08,MIL,ORL,0.7215378880500793,MIL,-278.0,False,False,-1.0,2025-03
2025-03-08,GSW,DET,0.68619704246521,GSW,-205.0,True,True,0.4878048780487805,2025-03
2025-03-08,TOR,WAS,0.5764622092247009,TOR,-185.0,False,False,-1.0,2025-03
2025-03-08,ATL,IND,0.4081938862800598,IND,-112.0,True,False,-1.0,2025-03
2025-03-08,HOU,NOP,0.7659111618995667,HOU,-540.0,True,True,0.18518518518518512,2025-03
2025-03-08,CHA,BKN,0.3217727839946747,BKN,-1600.0,True,False,-1.0,2025-03
2025-03-09,POR,DET,0.6847290992736816,POR,136.0,False,False,-1.0,2025-03
2025-03-09,PHI,UTA,0.5860864520072937,PHI,-220.0,True,True,0.4545454545454546,2025-03
2025-03-09,LAC,SAC,0.696513831615448,LAC,-230.0,True,True,0.4347826086956521,2025-03
2025-03-09,MIN,SAS,0.7985514998435974,MIN,-1050.0,True,True,0.09523809523809534,2025-03
2025-03-09,NOP,MEM,0.20918966829776764,MEM,-230.0,False,True,0.4347826086956521,2025-03
2025-03-09,OKC,DEN,0.6989632844924927,OKC,-375.0,True,True,0.2666666666666666,2025-03
2025-03-09,MIL,CLE,0.46780315041542053,CLE,-260.0,False,True,0.3846153846153846,2025-03
2025-03-10,SAS,DAL,0.6408854722976685,SAS,-270.0,False,False,-1.0,2025-03
2025-03-10,HOU,ORL,0.5844770669937134,HOU,124.0,True,True,1.2400000000000002,2025-03
2025-03-10,MEM,PHX,0.7600658535957336,MEM,114.0,True,True,1.1399999999999997,2025-03
2025-03-10,SAC,NYK,0.43565061688423157,NYK,-130.0,False,True,0.7692307692307692,2025-03
2025-03-10,GSW,POR,0.6916508674621582,GSW,-700.0,True,True,0.1428571428571428,2025-03
2025-03-10,OKC,DEN,0.7060554027557373,OKC,-298.0,False,False,-1.0,2025-03
2025-03-10,BKN,LAL,0.24872824549674988,LAL,-298.0,True,False,-1.0,2025-03
2025-03-10,BOS,UTA,0.9030795097351074,BOS,-1950.0,True,True,0.05128205128205132,2025-03
2025-03-10,ATL,PHI,0.8058992028236389,ATL,-1450.0,True,True,0.06896551724137923,2025-03
2025-03-10,CHI,IND,0.40296778082847595,IND,-175.0,True,False,-1.0,2025-03
2025-03-10,MIA,CHA,0.7744940519332886,MIA,-1750.0,False,False,-1.0,2025-03
2025-03-10,TOR,WAS,0.6248433589935303,TOR,-238.0,True,True,0.4201680672268908,2025-03
2025-03-11,DET,WAS,0.8327160477638245,DET,-8500.0,True,True,0.0117647058823529,2025-03
2025-03-11,IND,MIL,0.5045153498649597,IND,100.0,True,True,1.0,2025-03
2025-03-11,NOP,LAC,0.19638308882713318,LAC,-220.0,True,False,-1.0,2025-03
2025-03-11,CLE,BKN,0.8797330260276794,CLE,140.0,True,True,1.4,2025-03
2025-03-12,MEM,UTA,0.8829145431518555,MEM,-395.0,True,True,0.25316455696202533,2025-03
2025-03-12,POR,NYK,0.6465674638748169,POR,154.0,False,False,-1.0,2025-03
2025-03-12,HOU,PHX,0.6375752091407776,HOU,-280.0,True,True,0.3571428571428572,2025-03
2025-03-12,ATL,CHA,0.7606658935546875,ATL,-315.0,True,True,0.31746031746031744,2025-03
2025-03-12,SAS,DAL,0.6181890368461609,SAS,-360.0,True,True,0.2777777777777777,2025-03
2025-03-12,MIA,LAC,0.4193798303604126,LAC,-180.0,False,True,0.5555555555555556,2025-03
2025-03-12,TOR,PHI,0.5879319310188293,TOR,-540.0,True,True,0.18518518518518512,2025-03
2025-03-12,BOS,OKC,0.5501604676246643,BOS,124.0,False,False,-1.0,2025-03
2025-03-12,DEN,MIN,0.5668590664863586,DEN,-142.0,False,False,-1.0,2025-03
2025-03-13,DET,WAS,0.8117232918739319,DET,-245.0,False,False,-1.0,2025-03
2025-03-13,MIL,LAL,0.7397098541259766,MIL,-238.0,True,True,0.4201680672268908,2025-03
2025-03-13,CHI,BKN,0.7569624781608582,CHI,105.0,True,True,1.0499999999999998,2025-03
2025-03-13,GSW,SAC,0.7327407002449036,GSW,-290.0,True,True,0.3448275862068966,2025-03
2025-03-13,NOP,ORL,0.29703354835510254,ORL,-245.0,False,True,0.40816326530612246,2025-03
2025-03-14,MIN,ORL,0.7740557193756104,MIN,-720.0,True,True,0.13888888888888884,2025-03
2025-03-14,PHX,SAC,0.42951110005378723,SAC,130.0,True,False,-1.0,2025-03
2025-03-14,DEN,LAL,0.7733330726623535,DEN,-1100.0,True,True,0.09090909090909083,2025-03
2025-03-14,SAS,CHA,0.6328355073928833,SAS,124.0,False,False,-1.0,2025-03
2025-03-14,UTA,TOR,0.4515661895275116,TOR,102.0,False,True,1.02,2025-03
2025-03-14,MIA,BOS,0.33320361375808716,BOS,-154.0,False,True,0.6493506493506493,2025-03
2025-03-14,HOU,DAL,0.7765477895736694,HOU,-750.0,True,True,0.1333333333333333,2025-03
2025-03-14,ATL,LAC,0.42047038674354553,LAC,-160.0,False,True,0.625,2025-03
2025-03-14,MEM,CLE,0.6751388311386108,MEM,124.0,False,False,-1.0,2025-03
2025-03-14,PHI,IND,0.15758156776428223,IND,-360.0,False,True,0.2777777777777777,2025-03
2025-03-15,GSW,NYK,0.6895294189453125,GSW,-270.0,True,True,0.37037037037037024,2025-03
2025-03-15,SAS,NOP,0.6143643260002136,SAS,114.0,True,True,1.1399999999999997,2025-03
2025-03-15,MIL,IND,0.6359753608703613,MIL,-180.0,True,True,0.5555555555555556,2025-03
2025-03-15,DEN,WAS,0.8887892365455627,DEN,-700.0,False,False,-1.0,2025-03
2025-03-15,HOU,CHI,0.43695205450057983,CHI,220.0,True,False,-1.0,2025-03
2025-03-15,BKN,BOS,0.18416614830493927,BOS,-4800.0,False,True,0.02083333333333326,2025-03
2025-03-15,DET,OKC,0.4120781719684601,OKC,-200.0,False,True,0.5,2025-03
2025-03-15,MEM,MIA,0.7224932909011841,MEM,-395.0,True,True,0.25316455696202533,2025-03
2025-03-16,MIL,OKC,0.48108986020088196,OKC,-218.0,False,True,0.45871559633027514,2025-03
2025-03-16,MIN,UTA,0.8978196382522583,MIN,-8500.0,True,True,0.0117647058823529,2025-03
2025-03-16,POR,TOR,0.8381279706954956,POR,-950.0,True,True,0.10526315789473673,2025-03
2025-03-16,LAC,CHA,0.8990102410316467,LAC,-10000.0,True,True,0.010000000000000009,2025-03
2025-03-16,BKN,ATL,0.35160866379737854,ATL,240.0,True,False,-1.0,2025-03
2025-03-17,UTA,CHI,0.23691026866436005,CHI,-192.0,False,True,0.5208333333333335,2025-03
2025-03-17,POR,WAS,0.8688318729400635,POR,-238.0,True,True,0.4201680672268908,2025-03
2025-03-17,SAC,MEM,0.47521159052848816,MEM,120.0,True,False,-1.0,2025-03
2025-03-17,PHX,TOR,0.676372230052948,PHX,-395.0,True,True,0.25316455696202533,2025-03
2025-03-17,GSW,DEN,0.6248211860656738,GSW,-192.0,False,False,-1.0,2025-03
2025-03-17,HOU,PHI,0.7975704073905945,HOU,-500.0,True,True,0.19999999999999996,2025-03
2025-03-17,NYK,MIA,0.5869193077087402,NYK,-270.0,True,True,0.37037037037037024,2025-03
2025-03-17,LAL,SAS,0.6358149647712708,LAL,-425.0,True,True,0.23529411764705888,2025-03
2025-03-17,NOP,DET,0.22449250519275665,DET,-445.0,False,True,0.2247191011235956,2025-03
2025-03-17,MIN,IND,0.635243833065033,MIN,-500.0,False,False,-1.0,2025-03
2025-03-18,CHA,ATL,0.2927856743335724,ATL,-3500.0,False,True,0.02857142857142847,2025-03
2025-03-18,BOS,BKN,0.861562192440033,BOS,-520.0,True,True,0.1923076923076923,2025-03
2025-03-18,LAC,CLE,0.731388509273529,LAC,120.0,True,True,1.2000000000000002,2025-03
2025-03-18,GSW,MIL,0.5661459565162659,GSW,114.0,True,True,1.1399999999999997,2025-03
2025-03-19,SAC,CLE,0.5556909441947937,SAC,210.0,True,True,2.1,2025-03
2025-03-19,POR,MEM,0.5381553173065186,POR,154.0,True,True,1.54,2025-03
2025-03-19,PHX,CHI,0.36020344495773315,CHI,190.0,True,False,-1.0,2025-03
2025-03-19,UTA,WAS,0.6141951084136963,UTA,-142.0,True,True,0.704225352112676,2025-03
2025-03-19,SAS,NYK,0.40698662400245667,NYK,-140.0,True,False,-1.0,2025-03
2025-03-19,IND,DAL,0.846204400062561,IND,-2100.0,True,True,0.04761904761904767,2025-03
2025-03-19,MIN,NOP,0.8652629256248474,MIN,-1300.0,False,False,-1.0,2025-03
2025-03-19,ORL,HOU,0.4456215500831604,HOU,-220.0,False,True,0.4545454545454546,2025-03
2025-03-19,LAL,DEN,0.46086451411247253,DEN,160.0,True,False,-1.0,2025-03
2025-03-19,OKC,PHI,0.8883776664733887,OKC,-2100.0,True,True,0.04761904761904767,2025-03
2025-03-19,MIA,DET,0.41168221831321716,DET,100.0,False,True,1.0,2025-03
2025-03-20,LAL,MIL,0.38424843549728394,MIL,-278.0,False,True,0.3597122302158273,2025-03
2025-03-20,GSW,TOR,0.8614341616630554,GSW,-1100.0,True,True,0.09090909090909083,2025-03
2025-03-20,CHA,NYK,0.2851560115814209,NYK,135.0,True,False,-1.0,2025-03
2025-03-20,IND,BKN,0.7802202105522156,IND,105.0,True,True,1.0499999999999998,2025-03
2025-03-20,SAC,CHI,0.5505801439285278,SAC,-238.0,False,False,-1.0,2025-03
2025-03-21,LAC,MEM,0.7511060237884521,LAC,-290.0,True,True,0.3448275862068966,2025-03
2025-03-21,DAL,DET,0.22028715908527374,DET,-395.0,True,False,-1.0,2025-03
2025-03-21,POR,DEN,0.5959137082099915,POR,-108.0,True,True,0.925925925925926,2025-03
2025-03-21,UTA,BOS,0.21524398028850555,BOS,-1200.0,False,True,0.08333333333333326,2025-03
2025-03-21,PHX,CLE,0.32538387179374695,CLE,-360.0,True,False,-1.0,2025-03
2025-03-21,MIA,HOU,0.43636593222618103,HOU,-280.0,False,True,0.3571428571428572,2025-03
2025-03-21,OKC,CHA,0.888667106628418,OKC,-10000.0,True,True,0.010000000000000009,2025-03
2025-03-21,SAS,PHI,0.6973488926887512,SAS,-330.0,True,True,0.303030303030303,2025-03
2025-03-21,MIN,NOP,0.8785019516944885,MIN,-1150.0,True,True,0.08695652173913038,2025-03
2025-03-21,WAS,ORL,0.30191823840141296,ORL,-6500.0,False,True,0.01538461538461533,2025-03
2025-03-22,SAC,MIL,0.42259687185287476,MIL,105.0,False,True,1.0499999999999998,2025-03
2025-03-22,LAL,CHI,0.475536048412323,CHI,340.0,False,True,3.4000000000000004,2025-03
2025-03-22,NYK,WAS,0.8664239048957825,NYK,-2100.0,True,True,0.04761904761904767,2025-03
2025-03-22,ATL,GSW,0.46561452746391296,GSW,360.0,True,False,-1.0,2025-03
2025-03-23,ATL,PHI,0.7532403469085693,ATL,-200000.0,True,True,0.0004999999999999449,2025-03
2025-03-23,HOU,DEN,0.4387530982494354,DEN,114.0,False,True,1.1399999999999997,2025-03
2025-03-23,LAC,OKC,0.5814627408981323,LAC,114.0,False,False,-1.0,2025-03
2025-03-24,NOP,PHI,0.5812984704971313,NOP,-175.0,True,True,0.5714285714285714,2025-03
2025-03-24,PHX,MIL,0.2826615869998932,MIL,130.0,True,False,-1.0,2025-03
2025-03-24,DEN,CHI,0.6517252326011658,DEN,-135.0,False,False,-1.0,2025-03
2025-03-24,SAC,BOS,0.482994943857193,BOS,-192.0,False,True,0.5208333333333335,2025-03
2025-03-24,BKN,DAL,0.5352152585983276,BKN,360.0,False,False,-1.0,2025-03
2025-03-24,WAS,TOR,0.3904745876789093,TOR,-130.0,False,True,0.7692307692307692,2025-03
2025-03-24,ORL,LAL,0.6136967539787292,ORL,154.0,True,True,1.54,2025-03
2025-03-24,IND,MIN,0.5452516078948975,IND,-160.0,True,True,0.625,2025-03
2025-03-25,SAC,OKC,0.31443023681640625,OKC,-425.0,False,True,0.23529411764705888,2025-03
2025-03-25,HOU,ATL,0.5789662003517151,HOU,-238.0,True,True,0.4201680672268908,2025-03
2025-03-25,UTA,MEM,0.21946242451667786,MEM,-520.0,False,True,0.1923076923076923,2025-03
2025-03-25,POR,CLE,0.5468556880950928,POR,195.0,False,False,-1.0,2025-03
2025-03-25,NYK,DAL,0.7822790741920471,NYK,-720.0,True,True,0.13888888888888884,2025-03
2025-03-25,CHA,ORL,0.2542089521884918,ORL,-540.0,False,True,0.18518518518518512,2025-03
2025-03-25,DET,SAS,0.6049641370773315,DET,-10000.0,True,True,0.010000000000000009,2025-03
2025-03-25,MIA,GSW,0.4169391095638275,GSW,240.0,True,False,-1.0,2025-03
2025-03-26,PHI,WAS,0.616225004196167,PHI,210.0,False,False,-1.0,2025-03
2025-03-26,BKN,TOR,0.484823614358902,TOR,-395.0,False,True,0.25316455696202533,2025-03
2025-03-26,IND,LAL,0.7394710183143616,IND,280.0,False,False,-1.0,2025-03
2025-03-26,NYK,LAC,0.30256524682044983,LAC,-115.0,False,True,0.8695652173913042,2025-03
2025-03-26,DEN,MIL,0.7046350836753845,DEN,-600.0,True,True,0.16666666666666674,2025-03
2025-03-26,PHX,BOS,0.24446804821491241,BOS,-238.0,False,True,0.4201680672268908,2025-03
2025-03-27,OKC,MEM,0.7005488872528076,OKC,-425.0,True,True,0.23529411764705888,2025-03
2025-03-27,SAC,POR,0.4454498887062073,POR,190.0,True,False,-1.0,2025-03
2025-03-27,CHI,LAL,0.7069019675254822,CHI,-110.0,True,True,0.9090909090909092,2025-03
2025-03-27,UTA,HOU,0.25858521461486816,HOU,-900.0,False,True,0.11111111111111116,2025-03
2025-03-27,WAS,IND,0.15762890875339508,IND,-15000.0,False,True,0.006666666666666599,2025-03
2025-03-27,CLE,SAS,0.7988717555999756,CLE,-1050.0,True,True,0.09523809523809534,2025-03
2025-03-27,MIA,ATL,0.5741504430770874,MIA,-125.0,True,True,0.8,2025-03
2025-03-27,ORL,DAL,0.7245365977287292,ORL,-500.0,False,False,-1.0,2025-03
2025-03-28,DET,CLE,0.5528309345245361,DET,105.0,True,True,1.0499999999999998,2025-03
2025-03-28,BKN,LAC,0.15373839437961578,LAC,-1050.0,False,True,0.09523809523809534,2025-03
2025-03-28,TOR,CHA,0.6230946779251099,TOR,-360.0,True,True,0.2777777777777777,2025-03
2025-03-28,MIL,NYK,0.6910264492034912,MIL,120.0,False,False,-1.0,2025-03
2025-03-28,MIN,PHX,0.8341801166534424,MIN,-850.0,True,True,0.11764705882352944,2025-03
2025-03-28,NOP,GSW,0.18957440555095673,GSW,-560.0,False,True,0.1785714285714286,2025-03
2025-03-28,DEN,UTA,0.8946515321731567,DEN,-2100.0,True,True,0.04761904761904767,2025-03
2025-03-29,WAS,BKN,0.4625318944454193,BKN,240.0,False,True,2.4,2025-03
2025-03-29,OKC,IND,0.7133862376213074,OKC,-220.0,True,True,0.4545454545454546,2025-03
2025-03-29,MEM,LAL,0.7576858401298523,MEM,120.0,False,False,-1.0,2025-03
2025-03-29,PHI,MIA,0.24210703372955322,MIA,-540.0,False,True,0.18518518518518512,2025-03
2025-03-29,SAS,BOS,0.23818384110927582,BOS,-2500.0,False,True,0.040000000000000036,2025-03
2025-03-29,CHI,DAL,0.791818380355835,CHI,-180.0,False,False,-1.0,2025-03
2025-03-30,PHI,TOR,0.35780298709869385,TOR,-720.0,False,True,0.13888888888888884,2025-03
2025-03-30,SAS,GSW,0.27409616112709045,GSW,-15000.0,False,True,0.006666666666666599,2025-03
2025-03-30,NOP,CHA,0.6144495010375977,NOP,145.0,True,True,1.4500000000000002,2025-03
2025-03-30,PHX,HOU,0.2736354172229767,HOU,-130.0,False,True,0.7692307692307692,2025-03
2025-03-30,MIL,ATL,0.7329019904136658,MIL,124.0,False,False,-1.0,2025-03
2025-03-30,NYK,POR,0.42615288496017456,POR,1600.0,True,False,-1.0,2025-03
2025-03-30,MIN,DET,0.676315426826477,MIN,110.0,True,True,1.1,2025-03
2025-03-31,CHA,UTA,0.4559689164161682,UTA,260.0,True,False,-1.0,2025-03
2025-03-31,IND,SAC,0.7398065328598022,IND,260.0,True,True,2.6,2025-03
2025-03-31,ORL,LAC,0.4344559609889984,LAC,124.0,False,True,1.2400000000000002,2025-03
2025-03-31,WAS,MIA,0.21542324125766754,MIA,-2100.0,False,True,0.04761904761904767,2025-03
2025-03-31,MEM,BOS,0.6301843523979187,MEM,-105.0,False,False,-1.0,2025-03
2025-03-31,OKC,CHI,0.7773032188415527,OKC,-1050.0,True,True,0.09523809523809534,2025-03
2025-03-31,DAL,BKN,0.49029815196990967,BKN,330.0,False,True,3.3,2025-03
2025-03-31,LAL,HOU,0.5210779905319214,LAL,-170.0,True,True,0.5882352941176472,2025-03
2025-04-01,MIL,PHX,0.8561938405036926,MIL,-280.0,True,True,0.3571428571428572,2025-04
2025-04-01,ATL,POR,0.5076656937599182,ATL,-175.0,False,False,-1.0,2025-04
2025-04-01,MEM,GSW,0.531731128692627,MEM,220.0,False,False,-1.0,2025-04
2025-04-01,CHI,TOR,0.6592682003974915,CHI,-245.0,True,True,0.40816326530612246,2025-04
2025-04-01,NYK,PHI,0.8335641622543335,NYK,-4800.0,True,True,0.02083333333333326,2025-04
2025-04-01,SAS,ORL,0.5102246403694153,SAS,270.0,False,False,-1.0,2025-04
2025-04-01,DEN,MIN,0.6771530508995056,DEN,-142.0,False,False,-1.0,2025-04
2025-04-02,CLE,NYK,0.7912495732307434,CLE,-145.0,True,True,0.6896551724137931,2025-04
2025-04-02,DEN,SAS,0.811707079410553,DEN,-142.0,False,False,-1.0,2025-04
2025-04-02,DAL,ATL,0.3385206460952759,ATL,136.0,True,False,-1.0,2025-04
2025-04-02,OKC,DET,0.8110485076904297,OKC,-800.0,True,True,0.125,2025-04
2025-04-02,LAC,NOP,0.9070155620574951,LAC,-1800.0,True,True,0.05555555555555558,2025-04
2025-04-02,BOS,MIA,0.6721081137657166,BOS,-115.0,False,False,-1.0,2025-04
2025-04-02,WAS,SAC,0.19008740782737732,SAC,-425.0,True,False,-1.0,2025-04
2025-04-02,IND,CHA,0.8650422692298889,IND,-4800.0,True,True,0.02083333333333326,2025-04
2025-04-02,HOU,UTA,0.8426336646080017,HOU,-1150.0,True,True,0.08695652173913038,2025-04
2025-04-03,PHI,MIL,0.14422522485256195,MIL,-1300.0,False,True,0.07692307692307687,2025-04
2025-04-03,TOR,POR,0.27997031807899475,POR,-270.0,False,True,0.37037037037037024,2025-04
2025-04-03,LAL,GSW,0.37341246008872986,GSW,-102.0,False,True,0.9803921568627452,2025-04
2025-04-03,WAS,ORL,0.2820970118045807,ORL,-15000.0,False,True,0.006666666666666599,2025-04
2025-04-03,BKN,MIN,0.15216383337974548,MIN,-1750.0,False,True,0.05714285714285716,2025-04
2025-04-03,MIA,MEM,0.3798814117908478,MEM,-270.0,False,True,0.37037037037037024,2025-04
2025-04-04,SAS,CLE,0.29158639907836914,CLE,-1050.0,False,True,0.09523809523809534,2025-04
2025-04-04,GSW,DEN,0.5614559054374695,GSW,100.0,True,True,1.0,2025-04
2025-04-04,HOU,OKC,0.3763977289199829,OKC,-195.0,True,False,-1.0,2025-04
2025-04-04,LAC,DAL,0.910464882850647,LAC,-485.0,True,True,0.2061855670103092,2025-04
2025-04-04,LAL,NOP,0.8021154999732971,LAL,-1200.0,True,True,0.08333333333333326,2025-04
2025-04-04,BOS,PHX,0.8316126465797424,BOS,-4000.0,True,True,0.02499999999999991,2025-04
2025-04-04,CHA,SAC,0.21409721672534943,SAC,-20000.0,False,True,0.004999999999999893,2025-04
2025-04-04,TOR,DET,0.22508175671100616,DET,-850.0,False,True,0.11764705882352944,2025-04
2025-04-04,CHI,POR,0.6242185235023499,CHI,-330.0,True,True,0.303030303030303,2025-04
2025-04-04,IND,UTA,0.8838173151016235,IND,-1050.0,True,True,0.09523809523809534,2025-04
2025-04-05,DET,MEM,0.3557753562927246,MEM,-180.0,False,True,0.5555555555555556,2025-04
2025-04-05,PHI,MIN,0.15323705971240997,MIN,-2100.0,False,True,0.04761904761904767,2025-04
2025-04-05,MIA,MIL,0.3642438054084778,MIL,-125.0,False,True,0.8,2025-04
2025-04-05,LAC,DAL,0.9128695130348206,LAC,-325.0,True,True,0.3076923076923077,2025-04
2025-04-06,DEN,IND,0.704206109046936,DEN,-360.0,False,False,-1.0,2025-04
2025-04-06,POR,SAS,0.758054792881012,POR,-20000.0,True,True,0.004999999999999893,2025-04
2025-04-06,CLE,SAC,0.6188783049583435,CLE,3000.0,False,False,-1.0,2025-04
2025-04-06,NYK,PHX,0.659920334815979,NYK,-1150.0,True,True,0.08695652173913038,2025-04
2025-04-06,NOP,MIL,0.18937766551971436,MIL,-245.0,False,True,0.40816326530612246,2025-04
2025-04-06,ATL,UTA,0.7850214242935181,ATL,-200000.0,True,True,0.0004999999999999449,2025-04
2025-04-06,GSW,HOU,0.6586682200431824,GSW,-192.0,False,False,-1.0,2025-04
2025-04-07,MIA,PHI,0.8060017228126526,MIA,-950.0,True,True,0.10526315789473673,2025-04
2025-04-07,DET,SAC,0.6043866276741028,DET,-560.0,False,False,-1.0,2025-04
2025-04-08,CHA,MEM,0.2398001104593277,MEM,-100000.0,False,True,0.0009999999999998899,2025-04
2025-04-08,CLE,CHI,0.5655519962310791,CLE,-10000.0,True,True,0.010000000000000009,2025-04
2025-04-08,IND,WAS,0.8546809554100037,IND,-850.0,True,True,0.11764705882352944,2025-04
2025-04-08,ORL,ATL,0.5025383830070496,ORL,-580.0,True,True,0.1724137931034484,2025-04
2025-04-08,BKN,NOP,0.4841212034225464,NOP,120.0,True,False,-1.0,2025-04
2025-04-08,NYK,BOS,0.4372182786464691,BOS,170.0,False,True,1.7000000000000002,2025-04
2025-04-08,MIL,MIN,0.6253141760826111,MIL,230.0,True,True,2.3,2025-04
2025-04-08,OKC,LAL,0.7812816500663757,OKC,-620.0,True,True,0.16129032258064524,2025-04
2025-04-08,PHX,GSW,0.2573830187320709,GSW,-455.0,False,True,0.2197802197802199,2025-04
2025-04-08,LAC,SAS,0.8541346192359924,LAC,-900.0,True,True,0.11111111111111116,2025-04
2025-04-09,UTA,POR,0.24131590127944946,POR,-250.0,True,False,-1.0,2025-04
2025-04-09,SAC,DEN,0.4370787739753723,DEN,-192.0,False,True,0.5208333333333335,2025-04
2025-04-09,PHX,OKC,0.24080069363117218,OKC,-278.0,False,True,0.3597122302158273,2025-04
2025-04-09,GSW,SAS,0.7832874059677124,GSW,-1650.0,False,False,-1.0,2025-04
2025-04-09,LAC,HOU,0.682203471660614,LAC,-470.0,True,True,0.2127659574468086,2025-04
2025-04-09,CHI,MIA,0.6008345484733582,CHI,135.0,True,True,1.35,2025-04
2025-04-09,DAL,LAL,0.2723613381385803,LAL,-210.0,False,True,0.4761904761904763,2025-04
2025-04-09,TOR,CHA,0.6563905477523804,TOR,-920.0,True,True,0.10869565217391308,2025-04
2025-04-09,WAS,PHI,0.3935631811618805,PHI,-188.0,False,True,0.5319148936170213,2025-04
2025-04-09,ORL,BOS,0.37810972332954407,BOS,1600.0,True,False,-1.0,2025-04
2025-04-10,IND,CLE,0.5945820808410645,IND,-195.0,True,True,0.5128205128205128,2025-04
2025-04-10,MIL,NOP,0.8822273015975952,MIL,-850.0,True,True,0.11764705882352944,2025-04
2025-04-10,MEM,MIN,0.5779943466186523,MEM,114.0,False,False,-1.0,2025-04
2025-04-10,DET,NYK,0.564146876335144,DET,135.0,True,True,1.35,2025-04
2025-04-10,BKN,ATL,0.23346249759197235,ATL,-50000.0,False,True,0.0020000000000000018,2025-04
2025-04-11,UTA,OKC,0.2119276374578476,OKC,-410.0,False,True,0.24390243902439024,2025-04
2025-04-11,DEN,MEM,0.6624614000320435,DEN,-278.0,True,True,0.3597122302158273,2025-04
2025-04-11,LAL,HOU,0.5309292674064636,LAL,-750.0,True,True,0.1333333333333333,2025-04
2025-04-11,SAC,LAC,0.3678008019924164,LAC,-265.0,False,True,0.37735849056603765,2025-04
2025-04-11,POR,GSW,0.6431584358215332,POR,675.0,False,False,-1.0,2025-04
2025-04-11,PHX,SAS,0.442134827375412,SAS,154.0,True,False,-1.0,2025-04
2025-04-11,MIN,BKN,0.8552828431129456,MIN,-3200.0,True,True,0.03125,2025-04
2025-04-11,DAL,TOR,0.411783367395401,TOR,425.0,True,False,-1.0,2025-04
2025-04-11,NOP,MIA,0.23257341980934143,MIA,-2500.0,False,True,0.040000000000000036,2025-04
2025-04-11,NYK,CLE,0.4781514108181,CLE,1200.0,False,True,12.0,2025-04
2025-04-11,BOS,CHA,0.8950344324111938,BOS,-1450.0,True,True,0.06896551724137923,2025-04
2025-04-11,PHI,ATL,0.2974375784397125,ATL,-298.0,False,True,0.3355704697986577,2025-04
2025-04-11,IND,ORL,0.6699516773223877,IND,1100.0,False,False,-1.0,2025-04
2025-04-11,DET,MIL,0.43848374485969543,MIL,-145.0,False,True,0.6896551724137931,2025-04
2025-04-11,CHI,WAS,0.826404869556427,CHI,-1150.0,True,True,0.08695652173913038,2025-04
